Temperature,Humidity,Air_Quality,Fan_Status,Heater_Status,Mister_Status
24.528612355851713,59.64754470000363,780,OFF,OFF,OFF
21.419707242171135,51.505068627720924,564,OFF,OFF,OFF
25.26779497653409,57.23659850086002,319,ON,OFF,OFF
29.553535827702834,72.58479506344204,435,ON,OFF,OFF
20.950226696573385,82.32765037405832,642,OFF,OFF,OFF
20.950307079303997,70.08916360174243,998,OFF,OFF,OFF
29.828612072723814,61.97888327825696,430,ON,OFF,OFF
25.85408187060728,86.13664430987902,761,ON,OFF,OFF
19.79807627273852,54.806416215689055,470,OFF,OFF,OFF
24.753077489605808,78.05528658850984,583,OFF,OFF,OFF
19.827730324929547,55.23503572145806,944,OFF,OFF,OFF
19.816410291209188,67.67623329213794,751,OFF,OFF,OFF
23.281326842889726,58.25413582551658,235,OFF,OFF,OFF
12.729087730245503,59.25260681413147,407,OFF,ON,OFF
13.651325110876117,53.68960942511615,877,OFF,ON,OFF
19.343655726749475,83.48679945471642,591,OFF,OFF,OFF
17.137758400532405,47.53827437027756,259,OFF,ON,ON
23.635240262150337,47.411866557941245,343,OFF,OFF,ON
17.65090204410545,90.0,735,OFF,ON,OFF
15.181908809623298,77.13707006656831,810,OFF,ON,OFF
29.272593450618658,30.1,559,ON,OFF,ON
20.991241519613332,50.43915506952378,998,OFF,OFF,OFF
22.427283750647,30.1,766,OFF,OFF,ON
15.12097961994762,43.770638762686175,491,OFF,ON,ON
19.431319077487956,30.1,344,OFF,OFF,ON
22.639746117851956,57.848815467764425,303,OFF,OFF,OFF
16.461304000339823,40.46172460332514,640,OFF,ON,ON
23.93610771664464,61.255373746617856,428,OFF,OFF,OFF
19.15588538783236,32.102038962946004,985,OFF,OFF,ON
20.668504434786772,61.65342030560655,931,OFF,OFF,OFF
19.150656755096012,53.04029164486965,717,OFF,OFF,OFF
31.165561880179958,86.20483253886933,251,ON,OFF,OFF
22.03057679118874,84.63739219938905,381,OFF,OFF,OFF
16.918023281009386,73.80651468236347,877,OFF,ON,OFF
26.123905718111843,54.56804936660651,409,ON,OFF,OFF
16.119312478726258,90.0,843,OFF,ON,OFF
23.119273084782435,33.349228083706265,676,OFF,OFF,ON
12.50195918472355,35.93538487648534,567,OFF,ON,ON
15.59375553936546,58.769362560449544,373,OFF,ON,OFF
23.0605085779756,90.0,530,OFF,OFF,OFF
25.71225150383434,56.718179923674555,603,ON,OFF,OFF
22.935693040310007,57.048527229055686,820,OFF,OFF,OFF
21.530437072423283,35.27184592728403,326,OFF,OFF,ON
20.622432590282465,76.58484401555938,487,OFF,OFF,OFF
14.857698789527017,76.71022160883581,566,OFF,ON,OFF
18.572245669779473,73.87104199362517,725,OFF,OFF,OFF
19.841336147775024,49.33252342463367,320,OFF,OFF,ON
27.272414941699342,47.99190470859618,216,ON,OFF,ON
23.77904280808901,37.846089962697334,727,OFF,OFF,ON
13.464675180201823,61.67004088080871,164,OFF,ON,OFF
23.683401219811216,41.526358048320624,885,OFF,OFF,ON
20.211266746640465,39.847962511010685,514,OFF,OFF,ON
18.782396221091318,52.88848148092644,156,OFF,OFF,OFF
25.09147613430949,51.75583673969755,431,ON,OFF,OFF
27.14451610252998,50.91114117717443,652,ON,OFF,OFF
26.65628195685387,68.28907759207631,417,ON,OFF,OFF
17.98778440741523,61.586566774216756,559,OFF,ON,OFF
20.58273184553206,55.23342267362581,744,OFF,OFF,OFF
23.718552437943927,63.385310058433234,502,OFF,OFF,OFF
26.873006963570287,43.06411236416768,313,ON,OFF,ON
19.750585024795594,62.04039697883787,477,OFF,OFF,OFF
21.187659134034938,62.82456382277599,918,OFF,OFF,OFF
16.679956081550127,34.21409821231355,987,OFF,ON,ON
16.239937320832144,77.445834313637,100,OFF,ON,OFF
26.074851456466362,44.96888231789075,835,ON,OFF,ON
28.736919538980672,61.78141520387398,618,ON,OFF,OFF
21.744092985303034,80.36489338417663,792,OFF,OFF,OFF
27.010037319629163,76.2344415402411,413,ON,OFF,OFF
23.86725907684457,60.812944367289745,100,OFF,OFF,OFF
18.938102550392134,53.947184420294654,704,OFF,OFF,OFF
23.866081963621294,76.61222043997938,312,OFF,OFF,OFF
29.627009876044735,71.8921028374989,197,ON,OFF,OFF
21.921253136620063,49.520341525727716,215,OFF,OFF,ON
29.75728030583558,46.46614735566031,709,ON,OFF,ON
9.270179479647371,30.1,590,OFF,ON,ON
26.12076043868168,62.88389639342799,755,ON,OFF,OFF
22.522849662064782,58.78814073017517,726,OFF,OFF,OFF
20.63269646306636,79.87664126058502,446,OFF,OFF,OFF
22.545928353528165,66.4310877535949,536,OFF,OFF,OFF
12.365364482073263,83.30297479235408,423,OFF,ON,OFF
21.02112921040908,48.15354383245196,500,OFF,OFF,ON
23.845111887854785,79.91053396734075,305,OFF,OFF,OFF
29.332547296870224,51.06792914585618,655,ON,OFF,OFF
19.55916798902455,73.67243669163375,831,OFF,OFF,OFF
18.138211169765032,34.980351139755825,344,OFF,OFF,ON
19.640017808252168,64.28710057563725,884,OFF,OFF,OFF
26.57854199659812,30.1,583,ON,OFF,ON
23.706251910476716,55.597073133007015,616,OFF,OFF,OFF
19.50291210440164,67.83767337036726,117,OFF,OFF,OFF
24.609658534377473,51.205437775331674,100,OFF,OFF,OFF
22.571959696916753,42.04487612775142,591,OFF,OFF,ON
26.83922334495016,74.85797096515971,757,ON,OFF,OFF
18.65935238424635,58.42887617377144,381,OFF,OFF,OFF
20.492400297678127,51.74866579230551,984,OFF,OFF,OFF
20.1768675139256,60.94378684497441,743,OFF,OFF,OFF
14.931174464235768,90.0,321,OFF,ON,OFF
23.5464887537107,80.17615419146799,562,OFF,OFF,OFF
23.37480769543353,80.33309214069314,998,OFF,OFF,OFF
22.12169617032907,67.75449381552625,235,OFF,OFF,OFF
20.9481029796475,63.09935830851778,690,OFF,OFF,OFF
15.166892333866826,30.1,471,OFF,ON,ON
20.037147257248762,48.47161090477208,736,OFF,OFF,ON
20.418702694968854,51.90431332315754,880,OFF,OFF,OFF
18.16864683480625,30.1,455,OFF,OFF,ON
21.30699258179159,40.19400308418223,842,OFF,OFF,ON
24.07492547325138,30.1,998,OFF,OFF,ON
31.33157676328736,59.555871933250586,571,ON,OFF,OFF
22.951407162999054,74.38473417216042,756,OFF,OFF,OFF
23.357647516512298,79.36768817064716,402,OFF,OFF,OFF
21.732167142858565,67.39528441455425,559,OFF,OFF,OFF
12.70220350040559,43.550813139751625,509,OFF,ON,ON
21.966846231997707,30.1,759,OFF,OFF,ON
22.391552186782434,30.1,864,OFF,OFF,ON
34.15688995981645,38.26374034764724,526,ON,OFF,ON
21.154845666125155,44.84040217087934,948,OFF,OFF,ON
23.573060097755608,57.45505405417339,948,OFF,OFF,OFF
21.926708688422643,42.67245728091014,772,OFF,OFF,ON
16.374719473923665,66.08368928308793,421,OFF,ON,OFF
27.692011851553946,56.20026920320636,397,ON,OFF,OFF
25.77818432936497,60.401384015073276,345,ON,OFF,OFF
25.969615729880893,79.94687076434357,798,ON,OFF,OFF
17.64422683053334,39.79925508039171,242,OFF,ON,ON
28.96485301539365,67.46310795281244,728,ON,OFF,OFF
15.233085760910033,59.977171775064754,276,OFF,ON,OFF
24.969959377526777,54.44914542033042,766,OFF,OFF,OFF
32.82130558245396,75.53511098575748,559,ON,OFF,OFF
17.24691549454215,75.42711270650966,897,OFF,ON,OFF
19.324021466201636,43.84330291046194,848,OFF,OFF,ON
22.58456130388753,57.06729336531653,923,OFF,OFF,OFF
19.631603354131528,65.08428697779323,930,OFF,OFF,OFF
14.504488546849938,55.49552662273943,591,OFF,ON,OFF
22.432350067606997,70.3406223208333,256,OFF,OFF,OFF
16.89553664077132,65.08394675120743,283,OFF,ON,OFF
24.41540656050774,90.0,100,OFF,OFF,OFF
17.59508595855971,33.74294142727381,275,OFF,ON,ON
29.685262641742664,58.10061306131046,572,ON,OFF,OFF
18.261789741674885,44.50055379932813,410,OFF,OFF,ON
20.51982143039708,70.67083916476614,508,OFF,OFF,OFF
26.07970540527143,32.239574253261594,681,ON,OFF,ON
16.070250497167823,66.21062655519103,476,OFF,ON,OFF
23.21032224541998,49.318202035341265,266,OFF,OFF,ON
28.496535371458794,47.51689280301581,540,ON,OFF,ON
14.226294260916767,35.19246969742299,323,OFF,ON,ON
23.00064236412385,52.17245865673138,484,OFF,OFF,OFF
23.369067150045257,78.98231676384194,899,OFF,OFF,OFF
25.924527363500363,59.78312858768415,485,ON,OFF,OFF
16.040451024939138,71.07868465522486,998,OFF,ON,OFF
15.631599473077245,89.01957916931117,922,OFF,ON,OFF
24.652127778364225,64.7822718716083,405,OFF,OFF,OFF
23.550720906236723,50.55090776928192,268,OFF,OFF,OFF
23.32309323640532,68.30305052822781,541,OFF,OFF,OFF
23.792898321577876,50.801837486060066,851,OFF,OFF,OFF
18.767205050482353,51.49170462198115,428,OFF,OFF,OFF
23.23379288891768,33.922639691263825,788,OFF,OFF,ON
23.531566463590657,76.24448904644551,865,OFF,OFF,OFF
18.599138809148272,53.54053946894001,355,OFF,OFF,OFF
31.231640970923323,63.36948476146168,380,ON,OFF,OFF
24.41658402006689,42.295326152575726,737,OFF,OFF,ON
16.263943420761528,67.76143705692583,593,OFF,ON,OFF
25.311199068329763,47.03627049537217,378,ON,OFF,ON
17.324541148420728,57.76716762194479,464,OFF,ON,OFF
25.950289222513845,75.40655649773302,536,ON,OFF,OFF
27.769236563454427,73.9001794858007,152,ON,OFF,OFF
18.078534247550422,59.83777701217072,751,OFF,OFF,OFF
26.813426580201043,30.1,431,ON,OFF,ON
24.117668592275624,90.0,100,OFF,OFF,OFF
26.121532333157322,90.0,548,ON,OFF,OFF
31.383509879322183,72.72222184854581,363,ON,OFF,OFF
20.895220507962158,47.18744081430669,988,OFF,OFF,ON
18.40630795250528,58.25362375721268,404,OFF,OFF,OFF
17.741526745461048,50.81698861701486,272,OFF,ON,OFF
18.102388111266325,82.0854182459341,685,OFF,OFF,OFF
21.719164165515686,64.76059849948584,384,OFF,OFF,OFF
23.766967534521275,46.651787829281034,354,OFF,OFF,ON
23.451360482369772,52.074201302954485,685,OFF,OFF,OFF
26.14661538536824,79.61706418961265,287,ON,OFF,OFF
22.160318577878304,87.90287738557917,179,OFF,OFF,OFF
29.213278954310283,86.66121948598246,998,ON,OFF,OFF
20.80087933283779,73.31665055068969,703,OFF,OFF,OFF
35.41482529145903,55.84816187381148,486,ON,OFF,OFF
25.15997747376213,30.1,553,ON,OFF,ON
17.899948575241787,65.36021576978895,684,OFF,ON,OFF
16.853485268219185,60.18728822466162,804,OFF,ON,OFF
24.45888367280248,62.64081598706092,360,OFF,OFF,OFF
21.002568674206145,61.151428435937085,648,OFF,OFF,OFF
25.592463597527328,37.27272276226509,424,ON,OFF,ON
24.41366940175515,69.86288236889816,505,OFF,OFF,OFF
21.7400841189421,71.15716205483223,595,OFF,OFF,OFF
17.950690753696584,72.0243514295999,552,OFF,ON,OFF
14.679847547513393,76.5960452651285,743,OFF,ON,OFF
19.910487490613825,70.66987356411613,679,OFF,OFF,OFF
26.28965702330864,53.124841327717675,166,ON,OFF,OFF
23.144880311695914,58.99335097514212,205,OFF,OFF,OFF
15.997423944495313,61.7955170304167,459,OFF,ON,OFF
22.94456789302258,62.082280668359935,998,OFF,OFF,OFF
23.983204876552165,77.48950137030408,335,OFF,OFF,OFF
17.76922383607775,71.35530539849894,501,OFF,ON,OFF
22.84931064831273,90.0,416,OFF,OFF,OFF
22.38165480332831,90.0,412,OFF,OFF,OFF
16.500586616603044,61.5969784248108,600,OFF,ON,OFF
23.848415707772997,30.1,914,OFF,OFF,ON
24.842306009633205,81.61787405766424,671,OFF,OFF,OFF
27.399365475024343,50.86965568015679,347,ON,OFF,OFF
27.256159104306754,46.35212630814104,998,ON,OFF,ON
15.351481265884109,53.32526322486066,574,OFF,ON,OFF
17.504994147567235,52.49137380841901,406,OFF,ON,OFF
24.618313990988366,70.81205941026195,917,OFF,OFF,OFF
24.612197238841805,33.238490386079775,433,OFF,OFF,ON
24.618374795878868,41.572839731005786,982,OFF,OFF,ON
40.95994068499084,66.15605520822815,330,ON,OFF,OFF
24.891785714243046,70.99673847334834,922,OFF,OFF,OFF
27.656480147681876,71.3185034291595,606,ON,OFF,OFF
26.767528938431933,46.602090902948675,886,ON,OFF,ON
25.28592375545883,43.29355314291193,998,ON,OFF,ON
20.55307693326316,51.45343129912919,263,OFF,OFF,OFF
25.812634065585687,64.36906519142867,882,ON,OFF,OFF
18.31284644160004,85.91978149722001,192,OFF,OFF,OFF
20.93717750822502,30.1,285,OFF,OFF,ON
19.72028166988317,56.40000958554839,347,OFF,OFF,OFF
22.497522590170785,37.16171208662947,684,OFF,OFF,ON
33.42941307876575,31.632800179380922,563,ON,OFF,ON
12.95438109214172,76.94864180518614,511,OFF,ON,OFF
25.456644859876338,69.6417014474681,592,ON,OFF,OFF
14.200674854990488,67.99476190523627,706,OFF,ON,OFF
19.786044255532204,76.15397410085984,726,OFF,OFF,OFF
27.428249181315216,51.91911496387324,835,ON,OFF,OFF
22.411380375135483,52.73368923499452,998,OFF,OFF,OFF
16.81993595992017,90.0,549,OFF,ON,OFF
18.59447631537962,55.95290140191383,420,OFF,OFF,OFF
25.42402501565095,72.93775049988439,712,ON,OFF,OFF
18.5207270466515,60.32933798870551,260,OFF,OFF,OFF
23.156458783484442,30.1,380,OFF,OFF,ON
22.319783638941562,30.1,811,OFF,OFF,ON
18.906373050616462,50.20168489854979,522,OFF,OFF,OFF
32.593581393278974,78.49096919776679,243,ON,OFF,OFF
25.200378329956997,73.85748556433008,171,ON,OFF,OFF
12.181400789403908,76.03375221623516,567,OFF,ON,OFF
23.009555462934596,43.141637598160685,848,OFF,OFF,ON
18.856501009247687,88.17580095858663,844,OFF,OFF,OFF
26.2702418174522,43.52491363839474,583,ON,OFF,ON
18.216415587055497,63.901090532905044,998,OFF,OFF,OFF
21.534901518239593,60.0398191181965,527,OFF,OFF,OFF
24.569118239889878,57.21066605981369,518,OFF,OFF,OFF
26.33546670257774,83.37845987788495,100,ON,OFF,OFF
16.21991341746755,48.01952205345385,439,OFF,ON,ON
20.45891557173035,36.86885432398209,773,OFF,OFF,ON
19.771290186849058,60.564878438488215,956,OFF,OFF,OFF
18.897908292037254,53.30136203101869,341,OFF,OFF,OFF
30.740464930162332,90.0,673,ON,OFF,OFF
24.07948300933284,71.92346161963269,823,OFF,OFF,OFF
15.923271957712174,53.13675916738939,557,OFF,ON,OFF
26.59058551713496,41.94670895744765,100,ON,OFF,ON
32.48690613621932,30.1,618,ON,OFF,ON
27.1516924728542,42.4811924827374,750,ON,OFF,ON
14.657703845843223,62.20758306267568,310,OFF,ON,OFF
19.72581166931017,84.91372668566207,489,OFF,OFF,OFF
28.299558226816977,79.62573219292608,257,ON,OFF,OFF
18.631854180626608,64.1825919663976,100,OFF,OFF,OFF
24.26963556768451,54.62767201477257,818,OFF,OFF,OFF
25.889330335985292,64.86976115068124,553,ON,OFF,OFF
17.55833482234332,51.24575964146934,965,OFF,ON,OFF
21.805219392203956,89.94904852985532,775,OFF,OFF,OFF
6.227157082627233,56.94567141753715,463,OFF,ON,OFF
17.08117675276752,58.72516163838731,533,OFF,ON,OFF
20.86006648250783,30.1,700,OFF,OFF,ON
15.987414383248971,56.83762990312553,803,OFF,ON,OFF
30.089076111484246,74.69128344772555,637,ON,OFF,OFF
15.094574123365152,41.745822148890205,838,OFF,ON,ON
19.942167404702722,47.23040795102321,478,OFF,OFF,ON
22.73677656433839,73.93394674307784,298,OFF,OFF,OFF
29.153249158742543,34.6706761244635,537,ON,OFF,ON
15.066564761792318,78.52037737118351,607,OFF,ON,OFF
27.79160270322668,51.012088653246174,245,ON,OFF,OFF
22.14676216134535,53.49615019535176,210,OFF,OFF,OFF
17.29111570627469,40.77424713743325,669,OFF,ON,ON
24.359155714545608,66.75966172130511,450,OFF,OFF,OFF
23.07127241188531,90.0,511,OFF,OFF,OFF
19.157950616720008,73.73993256636214,462,OFF,OFF,OFF
22.43841684981362,45.2655745678329,945,OFF,OFF,ON
20.21013420288976,79.86676580339959,879,OFF,OFF,OFF
22.652450247760964,54.73992563568589,236,OFF,OFF,OFF
25.33850482735497,83.99945667670507,417,ON,OFF,OFF
29.861925002064194,74.17556758637167,773,ON,OFF,OFF
16.036216954226248,30.1,709,OFF,ON,ON
32.54016166477461,42.84693482469738,543,ON,OFF,ON
12.539082849019001,76.55812436772263,262,OFF,ON,OFF
21.353508357926827,62.84281299202102,379,OFF,OFF,OFF
24.97710820558683,42.50650683382578,421,OFF,OFF,ON
23.472418856036725,49.25693628632811,625,OFF,OFF,ON
19.047873806585848,30.1,992,OFF,OFF,ON
21.077677155913307,58.68994584168232,377,OFF,OFF,OFF
19.6828884153346,90.0,290,OFF,OFF,OFF
19.211083462105815,74.14541103077025,526,OFF,OFF,OFF
26.25637985168094,90.0,819,ON,OFF,OFF
23.84463654928131,75.4856422563302,182,OFF,OFF,OFF
18.704119682127324,77.9957698240136,928,OFF,OFF,OFF
26.501172959155078,90.0,510,ON,OFF,OFF
23.601223222298398,66.74611469841038,365,OFF,OFF,OFF
26.076497990659686,56.97963165936318,143,ON,OFF,OFF
25.17937326485769,78.08535952333506,736,ON,OFF,OFF
18.03783464227999,85.37241449937076,510,OFF,OFF,OFF
19.353969264976918,51.91486321247886,598,OFF,OFF,OFF
25.755469322293862,47.7347657195601,322,ON,OFF,ON
25.085081739628666,62.62133349388866,472,ON,OFF,OFF
21.99432440939636,74.60503122909981,429,OFF,OFF,OFF
22.671104497716005,74.02702886453294,528,OFF,OFF,OFF
28.352209427155127,35.57882062390182,382,ON,OFF,ON
19.200279616515974,90.0,160,OFF,OFF,OFF
24.77529265600194,49.12587094368504,998,OFF,OFF,ON
21.106708939881166,55.6329301160518,203,OFF,OFF,OFF
21.03087576090051,44.6017350672009,601,OFF,OFF,ON
27.476359308955363,90.0,100,ON,OFF,OFF
26.13796450192741,64.40709227217747,100,ON,OFF,OFF
26.079668286284488,45.49585947235132,579,ON,OFF,ON
28.48838855371818,75.16602396770368,599,ON,OFF,OFF
22.199496761560624,73.52606187481388,879,OFF,OFF,OFF
25.435556372016705,56.97098610886839,657,ON,OFF,OFF
20.5775695133935,74.76260980534335,516,OFF,OFF,OFF
23.683804574002895,45.94021366163536,310,OFF,OFF,ON
21.459469513710523,51.69074710881095,940,OFF,OFF,OFF
22.571560253411565,30.1,793,OFF,OFF,ON
25.01059650424879,37.312707665846744,234,ON,OFF,ON
18.090586609259226,90.0,564,OFF,OFF,OFF
32.3411551250894,88.61795817587542,591,ON,OFF,OFF
17.17111900886017,61.357164721860194,465,OFF,ON,OFF
16.151896071121538,88.9899872738727,753,OFF,ON,OFF
27.76686340666389,57.44941399142635,768,ON,OFF,OFF
25.972703917065456,56.00758686316788,505,ON,OFF,OFF
25.152400640067896,61.19664223574323,482,ON,OFF,OFF
25.17308996588767,58.05760857988069,940,ON,OFF,OFF
22.036699103296804,56.495728484642804,794,OFF,OFF,OFF
17.70363137331006,80.00132789519776,573,OFF,ON,OFF
22.467805436961456,62.816486851714814,135,OFF,OFF,OFF
18.78122257592319,72.54586752940898,643,OFF,OFF,OFF
26.87092420209252,78.06326577238163,734,ON,OFF,OFF
21.376655620142312,66.93508997852757,100,OFF,OFF,OFF
18.054960219002268,43.431866209831725,619,OFF,OFF,ON
20.523129586852125,36.81244077088898,447,OFF,OFF,ON
24.118405586123643,62.793043109721125,497,OFF,OFF,OFF
19.336619944867316,57.25595276875342,321,OFF,OFF,OFF
18.07100369893639,61.73092328271551,516,OFF,OFF,OFF
23.28977228622884,59.94117081454094,912,OFF,OFF,OFF
23.29603613286606,90.0,439,OFF,OFF,OFF
19.614626093737506,37.204138351606474,802,OFF,OFF,ON
19.790419197338576,30.1,347,OFF,OFF,ON
23.232795264682593,65.96951623715594,749,OFF,OFF,OFF
15.006723943998626,53.70628734212439,555,OFF,ON,OFF
15.205605477711398,65.68734816626176,645,OFF,ON,OFF
18.579100118394276,70.32092795263226,556,OFF,OFF,OFF
21.051606014535146,82.43575027901099,719,OFF,OFF,OFF
23.618888496782674,34.14179629378668,100,OFF,OFF,ON
29.320121889758994,50.58692366840836,189,ON,OFF,OFF
26.29583014197459,67.63710270795598,661,ON,OFF,OFF
21.31358849076555,73.54903497049834,100,OFF,OFF,OFF
22.003555409801372,90.0,418,OFF,OFF,OFF
17.188196617379198,76.75395467355114,540,OFF,ON,OFF
22.006018489964447,59.23640554475257,341,OFF,OFF,OFF
20.68336457949237,44.81313419858733,376,OFF,OFF,ON
23.676716068258912,50.45591817205533,624,OFF,OFF,OFF
18.046471656702394,49.964333721696875,814,OFF,OFF,ON
24.639422200026697,71.55539405217371,308,OFF,OFF,OFF
29.601072142513207,64.66534653313425,406,ON,OFF,OFF
21.564161925072916,37.31792427244066,366,OFF,OFF,ON
24.06347288327607,52.67721824978763,100,OFF,OFF,OFF
25.475660260723945,75.40173843932311,591,ON,OFF,OFF
20.13225287513872,66.30318295290652,794,OFF,OFF,OFF
23.193834928186625,70.05728203640417,816,OFF,OFF,OFF
22.158313676839025,66.84401387478381,330,OFF,OFF,OFF
22.57489024150275,88.35847347642539,232,OFF,OFF,OFF
18.311942775511135,64.30280618080599,560,OFF,OFF,OFF
22.216664045521217,53.54018959599681,767,OFF,OFF,OFF
24.53489959898057,44.37507481005829,594,OFF,OFF,ON
29.201575025813934,64.53752393369774,628,ON,OFF,OFF
26.79332668877872,30.1,848,ON,OFF,ON
32.63881318013262,57.030468733062264,364,ON,OFF,OFF
18.339665460595082,56.65760849918034,498,OFF,OFF,OFF
26.367611632511284,36.611658518182224,974,ON,OFF,ON
22.994317349895745,44.15862037139604,503,OFF,OFF,ON
32.818109947508376,74.2271453041929,228,ON,OFF,OFF
18.139167459996287,64.21056691793363,382,OFF,OFF,OFF
17.985315221606555,61.98001003666545,313,OFF,ON,OFF
19.1619861208793,65.51917265027437,646,OFF,OFF,OFF
11.69789755773248,61.82151621744193,324,OFF,ON,OFF
19.522521795072617,81.72220323417415,624,OFF,OFF,OFF
18.379886272180936,62.35442722284551,365,OFF,OFF,OFF
22.833000242715094,34.98978523037207,100,OFF,OFF,ON
23.769924771357335,88.42247537631836,633,OFF,OFF,OFF
31.282542221652296,66.626337174441,592,ON,OFF,OFF
26.750011131000036,50.02400787967838,687,ON,OFF,OFF
19.272094007017905,38.5333111782759,381,OFF,OFF,ON
17.69795045271779,67.06880263415736,354,OFF,ON,OFF
24.505135744288186,58.19168742064909,657,OFF,OFF,OFF
15.632693286968227,87.45388744025409,945,OFF,ON,OFF
31.063628347328937,54.234244610670174,557,ON,OFF,OFF
27.871293100805854,45.731059875998184,663,ON,OFF,ON
19.79953889737778,75.71746607260809,471,OFF,OFF,OFF
13.709017103453025,76.22760981899167,157,OFF,ON,OFF
28.725327314331278,63.136834807008526,803,ON,OFF,OFF
21.53586406897164,71.92085898987685,788,OFF,OFF,OFF
28.157107585227628,59.56688799980864,737,ON,OFF,OFF
14.290215400281877,64.26512435295054,507,OFF,ON,OFF
19.16207240199591,80.37491335792274,708,OFF,OFF,OFF
22.122333850806996,71.03781727378484,784,OFF,OFF,OFF
22.326681010109528,57.290241853708004,971,OFF,OFF,OFF
19.8931038646275,83.61670734759858,808,OFF,OFF,OFF
25.146183183355646,30.1,571,ON,OFF,ON
16.8695055772233,90.0,218,OFF,ON,OFF
21.3995589740983,30.703430410257845,594,OFF,OFF,ON
22.685637278440048,49.36933819681914,620,OFF,OFF,ON
24.61539380675611,59.51099727455471,736,OFF,OFF,OFF
25.580783431463768,57.68460617484533,902,ON,OFF,OFF
16.590322973734768,77.63125846797519,530,OFF,ON,OFF
14.58551504425354,41.916863169928305,998,OFF,ON,ON
28.352267818340504,64.73056198216231,102,ON,OFF,OFF
23.72369616416587,50.21504369308023,662,OFF,OFF,OFF
18.43201054856622,65.32528345338159,349,OFF,OFF,OFF
29.69122396396435,59.09827690128645,100,ON,OFF,OFF
22.66301250682499,61.82684617174435,502,OFF,OFF,OFF
27.870593271540177,50.70445327863196,179,ON,OFF,OFF
22.42723614470396,51.39410275158776,513,OFF,OFF,OFF
32.1862463421873,65.18914790816531,563,ON,OFF,OFF
30.69094892840225,76.5465373178793,842,ON,OFF,OFF
20.877711967981426,49.86785221377192,166,OFF,OFF,ON
26.85354908034607,45.188024757808705,788,ON,OFF,ON
25.256472358869726,70.83265424008644,579,ON,OFF,OFF
28.797589452268376,59.65656514764079,819,ON,OFF,OFF
17.372318120493997,74.58771713800161,443,OFF,ON,OFF
25.455622899321167,44.54735927191958,211,ON,OFF,ON
27.278790913525434,30.1,241,ON,OFF,ON
13.485731598054373,50.99720612468567,222,OFF,ON,OFF
16.303332306166105,46.9599475543328,677,OFF,ON,ON
12.112417028553926,58.855777910186745,934,OFF,ON,OFF
20.777622948398406,49.20060810661987,409,OFF,OFF,ON
25.60980434507565,73.03956650040247,716,ON,OFF,OFF
29.45232013035695,55.233522469692225,162,ON,OFF,OFF
22.459434228726465,62.82234934486738,600,OFF,OFF,OFF
30.070491776064614,62.946228473535136,726,ON,OFF,OFF
15.33957355816646,63.591926337067356,182,OFF,ON,OFF
13.756764111951917,59.80146069598121,502,OFF,ON,OFF
21.824694318667756,69.05304027551703,738,OFF,OFF,OFF
23.977075323639138,46.45297255982756,100,OFF,OFF,ON
21.9365841869691,84.43083178716324,898,OFF,OFF,OFF
11.974299000998094,56.12649805684705,645,OFF,ON,OFF
21.660321463601004,37.527278825230596,738,OFF,OFF,ON
15.709873650293463,63.472862610332385,448,OFF,ON,OFF
25.37543044499053,45.492305732163075,111,ON,OFF,ON
23.891554506545372,71.7301539692159,691,OFF,OFF,OFF
17.494933945388357,90.0,533,OFF,ON,OFF
19.580726901314886,46.61012199909636,562,OFF,OFF,ON
16.910666466266186,65.96943837569574,834,OFF,ON,OFF
21.789778423908608,30.1,750,OFF,OFF,ON
26.77311319643529,68.07212885426449,998,ON,OFF,OFF
17.270467002858616,44.89483064640518,594,OFF,ON,ON
24.564512187006642,49.40840835076884,376,OFF,OFF,ON
19.500476722854177,41.16511912882439,506,OFF,OFF,ON
18.21469170760689,72.88617695143522,661,OFF,OFF,OFF
21.572631107428574,77.64671411947364,815,OFF,OFF,OFF
17.02803136915566,60.62352552057858,177,OFF,ON,OFF
19.385949159321296,45.263127397646336,556,OFF,OFF,ON
16.231754657031217,87.71991824860011,968,OFF,ON,OFF
31.71611110058118,47.23577496501704,492,ON,OFF,ON
22.269313439749347,30.1,794,OFF,OFF,ON
18.67074843022558,68.14970457978276,681,OFF,OFF,OFF
23.1443229743177,41.10476863035366,800,OFF,OFF,ON
21.546693196302133,77.32325450003464,346,OFF,OFF,OFF
21.014775510531067,53.62470873520988,347,OFF,OFF,OFF
25.103669386020318,70.66401869120132,559,ON,OFF,OFF
25.805478393973175,84.46686058783177,160,ON,OFF,OFF
19.49928438429744,39.30396535689198,485,OFF,OFF,ON
19.277408285442377,50.42741793682241,619,OFF,OFF,OFF
20.74998525074033,58.90971207036423,998,OFF,OFF,OFF
10.82627081440059,86.8207342577776,658,OFF,ON,OFF
14.678164091650554,48.827978923010434,715,OFF,ON,ON
28.788985619958364,49.933176079519,854,ON,OFF,ON
30.150553293368805,68.49143451640023,306,ON,OFF,OFF
20.87735998353788,50.23205742414649,512,OFF,OFF,OFF
24.919529116575013,62.85784118287237,998,OFF,OFF,OFF
23.620565839561216,33.375143119720356,534,OFF,OFF,ON
37.1711060760861,90.0,841,ON,OFF,OFF
27.57818826542581,36.901658237038546,802,ON,OFF,ON
21.47036555735401,54.65215284763796,174,OFF,OFF,OFF
17.418258134055794,59.65696060970163,634,OFF,ON,OFF
14.231371075980094,90.0,592,OFF,ON,OFF
23.092834454517483,37.29722815109347,639,OFF,OFF,ON
18.393506755929298,90.0,360,OFF,OFF,OFF
15.133192776245576,73.31915503444193,267,OFF,ON,OFF
18.930987911886206,67.43526559166149,432,OFF,OFF,OFF
16.801315063883504,43.18337711021252,529,OFF,ON,ON
30.357040174259495,70.10047718714397,859,ON,OFF,OFF
26.413238787800417,47.70158957224936,998,ON,OFF,ON
22.05762559187852,82.13395413568341,913,OFF,OFF,OFF
29.342584721195173,43.41818592950683,775,ON,OFF,ON
22.47546167890431,58.26112681208228,296,OFF,OFF,OFF
17.879744192896688,50.611920916041385,449,OFF,ON,OFF
29.55399714054993,43.13338857145768,608,ON,OFF,ON
24.735206799217245,73.04480650186073,391,OFF,OFF,OFF
17.01822044845142,69.48311971404786,703,OFF,ON,OFF
21.16474694295403,81.13650960236284,739,OFF,OFF,OFF
17.809563531734607,30.1,692,OFF,ON,ON
15.326362599757399,78.63058207313972,818,OFF,ON,OFF
26.631299359747366,90.0,321,ON,OFF,OFF
31.445316313980847,52.404900627791605,794,ON,OFF,OFF
15.249161984586712,90.0,375,OFF,ON,OFF
24.853002525472895,55.66586724003899,312,OFF,OFF,OFF
18.911062410400305,36.47430463129953,691,OFF,OFF,ON
19.71165558074022,54.93105610427438,867,OFF,OFF,OFF
19.196252417634106,78.35433504866745,680,OFF,OFF,OFF
17.866492618558624,45.717293271160074,559,OFF,ON,ON
22.334226036261622,49.83222299072056,634,OFF,OFF,ON
18.0282622900019,70.48799746233246,589,OFF,OFF,OFF
23.420838451077138,60.27187266606429,265,OFF,OFF,OFF
21.850690491728578,70.3337297885181,235,OFF,OFF,OFF
20.926751599669167,64.33371475088165,534,OFF,OFF,OFF
17.6531562651924,68.51712268117022,575,OFF,ON,OFF
19.272741881223578,52.73950822732048,557,OFF,OFF,OFF
25.795115918559944,64.22820039323051,728,ON,OFF,OFF
24.549190748261292,44.17406764059234,499,OFF,OFF,ON
17.31047189832225,82.51064682596191,699,OFF,ON,OFF
22.582999162373774,49.24508133722651,517,OFF,OFF,ON
25.7755115138548,79.7495816582298,998,ON,OFF,OFF
13.923118986334782,56.17719849631911,575,OFF,ON,OFF
24.756995081865664,63.713796057094754,998,OFF,OFF,OFF
18.852401550230127,51.655343649562255,645,OFF,OFF,OFF
24.89035683206425,42.64077471309918,499,OFF,OFF,ON
18.359682623871585,30.1,323,OFF,OFF,ON
13.259813681582074,41.96033227106543,183,OFF,ON,ON
14.128082802916639,54.614848425638726,299,OFF,ON,OFF
22.332088009898353,63.88473689679611,328,OFF,OFF,OFF
23.368282345059495,77.69991519099376,656,OFF,OFF,OFF
17.66905401679617,52.506695712595906,419,OFF,ON,OFF
25.22325984729239,44.959763453287664,602,ON,OFF,ON
13.961725646216363,35.2579281558417,884,OFF,ON,ON
21.773128318975846,68.52470586071522,532,OFF,OFF,OFF
16.16742845810573,84.15014389455347,998,OFF,ON,OFF
18.90521874990723,82.12822762427109,252,OFF,OFF,OFF
22.32872795111949,72.50176595327362,515,OFF,OFF,OFF
17.88400787556734,71.26662813254248,415,OFF,ON,OFF
20.213845688985607,89.59021354625276,795,OFF,OFF,OFF
27.023550065403526,65.96440588327218,100,ON,OFF,OFF
19.272151712894942,71.3978828365851,183,OFF,OFF,OFF
26.18827545683774,54.66891518279703,526,ON,OFF,OFF
16.565525491353778,36.65365739297674,953,OFF,ON,ON
24.690623754755755,48.38737805477466,612,OFF,OFF,ON
29.154695125751164,60.0604640495592,207,ON,OFF,OFF
9.995291838917732,61.270600989366585,246,OFF,ON,OFF
18.19499760302935,90.0,984,OFF,OFF,OFF
24.922051401183797,61.625137939979275,394,OFF,OFF,OFF
21.10253388817591,80.61458220476116,312,OFF,OFF,OFF
23.913820052085633,52.691478548028265,934,OFF,OFF,OFF
19.139500672828834,54.82649601229048,814,OFF,OFF,OFF
22.5206107789969,37.22522216861452,882,OFF,OFF,ON
21.33445212857326,47.37560694902944,310,OFF,OFF,ON
27.81421431459965,69.33644950050149,162,ON,OFF,OFF
23.342325002939937,60.3497301128627,588,OFF,OFF,OFF
23.749589816491255,76.53309609703211,640,OFF,OFF,OFF
20.080077830130577,63.354877224669494,648,OFF,OFF,OFF
19.70930134827465,54.12098177769745,934,OFF,OFF,OFF
19.978820920596174,90.0,108,OFF,OFF,OFF
24.027929402441362,58.5942641788823,775,OFF,OFF,OFF
20.03548671238414,80.34048505948479,272,OFF,OFF,OFF
23.51542107089514,53.27744331152318,774,OFF,OFF,OFF
32.257987979833835,72.49599993371854,432,ON,OFF,OFF
26.36175624782341,76.27490783320933,345,ON,OFF,OFF
20.500423084509706,63.82613341769847,397,OFF,OFF,OFF
27.977899367842905,30.1,182,ON,OFF,ON
20.09869073290503,60.5347216420811,564,OFF,OFF,OFF
12.11784013490564,81.50762223413824,355,OFF,ON,OFF
17.160989365556258,69.34509054555292,756,OFF,ON,OFF
12.937113948680173,67.93256955199779,719,OFF,ON,OFF
20.375622248820044,30.421454812756398,988,OFF,OFF,ON
22.186838131400858,47.754039692236255,648,OFF,OFF,ON
30.304630956806903,67.33599540731569,688,ON,OFF,OFF
23.69732275419709,67.31913770286816,914,OFF,OFF,OFF
21.023926629745453,81.23437643404193,393,OFF,OFF,OFF
26.157496100661877,57.71252919020371,171,ON,OFF,OFF
11.27076559884981,67.24025728498025,606,OFF,ON,OFF
23.250247931946973,60.50222580619794,188,OFF,OFF,OFF
25.870877699322048,43.14342729814658,998,ON,OFF,ON
14.857384189907268,30.1,928,OFF,ON,ON
27.69657122143998,67.67600377369354,998,ON,OFF,OFF
23.75396566528709,63.22846032057944,570,OFF,OFF,OFF
20.06337755798636,49.523628412046875,696,OFF,OFF,ON
25.194810722523385,32.20495125147245,436,ON,OFF,ON
33.21415346447573,71.11430992880763,781,ON,OFF,OFF
22.98709195696327,55.61813607289335,242,OFF,OFF,OFF
23.311968050559592,69.85364627957948,100,OFF,OFF,OFF
19.84759270807983,90.0,351,OFF,OFF,OFF
17.935754521350724,30.1,180,OFF,ON,ON
26.162050607119433,48.114847831039576,934,ON,OFF,ON
17.90520564537264,56.596434979743925,998,OFF,ON,OFF
22.447054279715513,85.38947260017284,193,OFF,OFF,OFF
19.758011354798565,31.9068486008875,886,OFF,OFF,ON
24.44178367629858,90.0,799,OFF,OFF,OFF
23.730296536429453,62.569426999435095,150,OFF,OFF,OFF
27.176538528688564,58.55798151250326,454,ON,OFF,OFF
19.599579346653773,56.79221514287705,405,OFF,OFF,OFF
20.77533108933924,52.670962698496105,746,OFF,OFF,OFF
17.30455512808164,78.35282622026865,238,OFF,ON,OFF
19.921365071649948,41.7320125605183,529,OFF,OFF,ON
23.943953560474473,66.19508074372052,378,OFF,OFF,OFF
25.802936871310195,53.57204377861681,676,ON,OFF,OFF
17.581665363754837,47.032944984778624,498,OFF,ON,ON
26.35432016362595,90.0,416,ON,OFF,OFF
28.733971267819513,67.46909694770588,499,ON,OFF,OFF
24.120870512293727,70.8292870221656,998,OFF,OFF,OFF
31.285602140940295,79.90407102042408,447,ON,OFF,OFF
18.308126696344104,35.62757002632247,286,OFF,OFF,ON
16.002731664047452,90.0,704,OFF,ON,OFF
13.387904192661681,30.1,517,OFF,ON,ON
29.421412449277867,46.91818539724134,190,ON,OFF,ON
25.300486679608117,52.27703310306664,998,ON,OFF,OFF
21.82451330074168,70.28356283576764,463,OFF,OFF,OFF
23.467408984524816,64.0030627511277,457,OFF,OFF,OFF
16.58617621230548,57.33279809120938,595,OFF,ON,OFF
34.071256875488075,60.011357351842676,998,ON,OFF,OFF
22.729337483814422,43.29775091040496,122,OFF,OFF,ON
22.632265911266643,34.31469665362124,625,OFF,OFF,ON
25.650071506713896,72.78860385467506,998,ON,OFF,OFF
24.451719809752383,72.2210222759606,587,OFF,OFF,OFF
23.192814303501283,87.6329153232861,236,OFF,OFF,OFF
18.22643435163188,46.55051855032879,395,OFF,OFF,ON
24.4050069273864,72.20560841102586,607,OFF,OFF,OFF
31.311202194076287,55.310401874736506,896,ON,OFF,OFF
28.683944042818574,80.81582426864608,467,ON,OFF,OFF
29.89702896561168,77.90032544161183,767,ON,OFF,OFF
19.593707588068025,63.8731487651807,185,OFF,OFF,OFF
17.25147621662845,54.34457784829202,183,OFF,ON,OFF
21.480797494231084,76.84441003551983,430,OFF,OFF,OFF
22.369493890445398,71.4112887863206,924,OFF,OFF,OFF
27.453909150650496,48.377144243247685,572,ON,OFF,ON
13.810218578001056,37.24613894615048,629,OFF,ON,ON
29.585460534429867,55.22690228824698,626,ON,OFF,OFF
21.323041015877507,86.43772422782766,839,OFF,OFF,OFF
20.006616542113093,80.05477284347569,397,OFF,OFF,OFF
17.14131660233093,40.974094608823876,731,OFF,ON,ON
13.994350136641952,40.015078377074104,340,OFF,ON,ON
26.126969057392515,82.2727563675004,998,ON,OFF,OFF
22.455630889240727,40.57082581449975,348,OFF,OFF,ON
15.780908915836454,69.0304555897226,327,OFF,ON,OFF
15.755851405097346,49.56002758167568,695,OFF,ON,ON
20.452631632402813,88.19608572695002,575,OFF,OFF,OFF
30.26832267275326,46.88949292732154,638,ON,OFF,ON
20.825680335767416,80.00069506249405,613,OFF,OFF,OFF
14.737152593833056,63.41724371655394,274,OFF,ON,OFF
20.893482653861298,64.58225493059985,969,OFF,OFF,OFF
20.761383948040752,30.1,784,OFF,OFF,ON
8.892488357950292,30.1,904,OFF,ON,ON
21.83082828583373,56.40282654389205,418,OFF,OFF,OFF
20.96598641582976,64.49075139170962,661,OFF,OFF,OFF
25.505342122548793,40.75141926572047,605,ON,OFF,ON
31.14929666493631,41.382997159362745,844,ON,OFF,ON
27.612412440756735,69.93319656212981,852,ON,OFF,OFF
20.780159822173864,69.957104526599,604,OFF,OFF,OFF
16.67902124986866,57.835813757489824,164,OFF,ON,OFF
34.696034949177516,73.71751827339696,998,ON,OFF,OFF
22.38659845121677,39.903572868234164,697,OFF,OFF,ON
22.1648592023552,54.06075236059269,398,OFF,OFF,OFF
21.978541930071188,88.7295345900659,659,OFF,OFF,OFF
23.066499053383588,61.400997520663786,166,OFF,OFF,OFF
21.389860198121088,62.40431294752636,825,OFF,OFF,OFF
19.287965377785298,90.0,176,OFF,OFF,OFF
19.419195323118355,36.00833564440481,497,OFF,OFF,ON
21.936297657996572,73.99829672386228,617,OFF,OFF,OFF
19.4360092936325,89.0082373655922,821,OFF,OFF,OFF
18.606510519803404,54.598428119557404,581,OFF,OFF,OFF
22.617751155411614,75.09175311270029,717,OFF,OFF,OFF
20.8482715032556,43.228606280153684,547,OFF,OFF,ON
29.460329805764886,48.33748952407457,546,ON,OFF,ON
9.117300839053835,66.87939017166508,576,OFF,ON,OFF
27.440764809285618,74.03525783818101,505,ON,OFF,OFF
28.197592683228468,79.61271063295669,120,ON,OFF,OFF
11.945176470911019,87.37571622481659,357,OFF,ON,OFF
20.418834509412005,59.05200776174601,617,OFF,OFF,OFF
20.27805619873993,80.87009481245613,490,OFF,OFF,OFF
15.205370855901744,54.29657185434671,514,OFF,ON,OFF
18.288407791756093,75.82638006433912,471,OFF,OFF,OFF
16.659192436924087,63.808777115005924,332,OFF,ON,OFF
30.675916010119522,67.92978457606729,427,ON,OFF,OFF
26.67781625701334,67.54621174208165,475,ON,OFF,OFF
28.322295355570887,32.45526886114356,555,ON,OFF,ON
25.630024215362425,40.770035044519595,655,ON,OFF,ON
16.56873283208211,61.99303983432967,508,OFF,ON,OFF
19.52856725591462,31.02662101483731,289,OFF,OFF,ON
24.492677129581942,74.60005251076107,195,OFF,OFF,OFF
16.113025134313638,75.29807553263808,998,OFF,ON,OFF
25.587557412721083,65.87944024065594,264,ON,OFF,OFF
20.920007977982518,40.821728995272295,421,OFF,OFF,ON
20.261507735541915,84.09727811310091,687,OFF,OFF,OFF
25.5775769404745,90.0,647,ON,OFF,OFF
24.271808855889688,62.763564839824724,688,OFF,OFF,OFF
20.329341165543376,69.05191028652835,440,OFF,OFF,OFF
27.772831384416534,63.70929153183571,615,ON,OFF,OFF
16.80368807627475,69.39506317673438,570,OFF,ON,OFF
25.112330095172602,58.15039325150137,474,ON,OFF,OFF
25.000531302896913,59.620918242938025,617,ON,OFF,OFF
20.58109624419649,75.88911997591056,825,OFF,OFF,OFF
23.69343354584257,90.0,548,OFF,OFF,OFF
15.97110850676431,35.99572173037606,550,OFF,ON,ON
26.620770201691904,58.42282596484624,829,ON,OFF,OFF
21.191364684069388,39.79529736498037,801,OFF,OFF,ON
19.537366714383303,87.76320399725552,961,OFF,OFF,OFF
27.232693045296653,50.050232690579946,102,ON,OFF,OFF
18.648137440432812,35.24951953587293,787,OFF,OFF,ON
15.200721530569602,71.26046332144735,709,OFF,ON,OFF
14.475279796361313,90.0,326,OFF,ON,OFF
25.06373329437733,71.70010719943417,619,ON,OFF,OFF
15.827576130724415,63.76222039466281,824,OFF,ON,OFF
30.68827243523191,67.29764322663141,341,ON,OFF,OFF
11.90336798728805,84.69766687059325,668,OFF,ON,OFF
30.402645850391707,45.09404824837814,778,ON,OFF,ON
23.129818614707183,58.28381571467597,279,OFF,OFF,OFF
21.62314517623942,52.38675042205522,518,OFF,OFF,OFF
19.42869300500344,40.013211703858076,631,OFF,OFF,ON
24.050862502494894,54.537573300266786,349,OFF,OFF,OFF
21.912397776896324,79.38406529371503,328,OFF,OFF,OFF
27.498514216582677,70.02194446648589,519,ON,OFF,OFF
22.655927949864914,71.36640852801177,760,OFF,OFF,OFF
22.83254968091138,62.753162958835055,720,OFF,OFF,OFF
20.316385911528737,69.27316771350502,333,OFF,OFF,OFF
21.81784996732537,46.36758649323512,722,OFF,OFF,ON
23.603682268606637,54.86397086377273,339,OFF,OFF,OFF
13.7235395438092,63.54087237688192,140,OFF,ON,OFF
15.495837014374588,65.02034401625026,460,OFF,ON,OFF
25.735740514830226,65.7586297196891,843,ON,OFF,OFF
22.933231080606298,57.825532885403405,723,OFF,OFF,OFF
21.19586320253155,53.68897128564788,554,OFF,OFF,OFF
22.18691428441648,90.0,447,OFF,OFF,OFF
23.79844800766073,75.90762681738589,454,OFF,OFF,OFF
19.45395387038316,67.36696224624326,582,OFF,OFF,OFF
18.286018319739124,56.18409246422597,279,OFF,OFF,OFF
23.0555342551542,52.412206359857336,465,OFF,OFF,OFF
17.306469192502835,57.95589361750359,499,OFF,ON,OFF
24.09549830511855,65.28528024454232,207,OFF,OFF,OFF
13.760675272346175,30.1,338,OFF,ON,ON
27.13548829379529,33.06627532906654,660,ON,OFF,ON
24.410535214723833,49.199964932433495,557,OFF,OFF,ON
23.350202261551903,63.802732675797,475,OFF,OFF,OFF
26.907993648036204,56.079165485684555,320,ON,OFF,OFF
30.250955882355107,85.79250984739997,960,ON,OFF,OFF
27.063096953502164,34.5713735829183,339,ON,OFF,ON
13.083593341590596,47.219592232105114,619,OFF,ON,ON
15.83174947933561,86.51865893781078,429,OFF,ON,OFF
19.037498730359804,62.48747754015286,563,OFF,OFF,OFF
22.224404140163102,75.52795273382276,672,OFF,OFF,OFF
24.63116009604085,90.0,202,OFF,OFF,OFF
18.5433607347358,48.21513356540209,552,OFF,OFF,ON
23.01108524160265,58.50065024406939,860,OFF,OFF,OFF
18.398245245165263,55.505558795070705,998,OFF,OFF,OFF
19.102620383259953,30.1,521,OFF,OFF,ON
15.209535450856208,54.84862593468926,565,OFF,ON,OFF
17.576436732865844,75.46254656229797,998,OFF,ON,OFF
15.478704733053512,69.57188969216607,846,OFF,ON,OFF
17.318707064318374,70.92994013339558,395,OFF,ON,OFF
27.255374480964953,53.722093459671,395,ON,OFF,OFF
17.448327660940066,48.86752098324948,800,OFF,ON,ON
34.985012645447114,82.17884123759688,294,ON,OFF,OFF
24.511984034771167,51.6146404305797,834,OFF,OFF,OFF
23.001632670478482,65.30696228875071,640,OFF,OFF,OFF
17.894072184041775,63.04484862599269,687,OFF,ON,OFF
25.525433257021483,85.5086938854871,488,ON,OFF,OFF
19.27829160875597,77.02573191146988,392,OFF,OFF,OFF
22.694030054687058,37.80912774465814,930,OFF,OFF,ON
34.63103819391243,39.67258397286945,491,ON,OFF,ON
21.626343354960035,70.2348845069805,448,OFF,OFF,OFF
27.723594071230153,59.10579630897879,533,ON,OFF,OFF
18.653852464934246,52.34381462950627,604,OFF,OFF,OFF
21.925353841374264,77.79072286532758,289,OFF,OFF,OFF
30.76664130787659,63.46223997874447,409,ON,OFF,OFF
19.02697960061463,61.12651509495661,395,OFF,OFF,OFF
30.97055285471844,73.71106345585805,771,ON,OFF,OFF
25.561870156489203,53.72901377623206,326,ON,OFF,OFF
19.342778120850614,87.35651855478521,103,OFF,OFF,OFF
25.192978966668324,46.58459322046319,100,ON,OFF,ON
26.85836436822191,71.58472751734723,176,ON,OFF,OFF
25.141091406721532,85.0262582934673,904,ON,OFF,OFF
14.408714917909368,36.389774237285366,558,OFF,ON,ON
18.536538720058285,54.278745650893896,683,OFF,OFF,OFF
20.884789314469028,79.98072685939985,692,OFF,OFF,OFF
21.732228278570968,80.24089084217681,569,OFF,OFF,OFF
25.1355203306368,57.25181261807664,535,ON,OFF,OFF
22.966698540833246,47.508082448235925,823,OFF,OFF,ON
15.558707884075382,76.75796602653773,592,OFF,ON,OFF
23.95813925594513,80.69599673324666,914,OFF,OFF,OFF
25.086136746147805,40.068610105834736,714,ON,OFF,ON
24.837438922385697,39.389524560979865,395,OFF,OFF,ON
27.388248839814025,64.11618656504179,426,ON,OFF,OFF
26.179609603788737,71.10775475359475,367,ON,OFF,OFF
24.344842539487086,55.04461143844741,867,OFF,OFF,OFF
21.75312336424151,71.97166929194961,450,OFF,OFF,OFF
13.96446318514837,47.93256366673394,349,OFF,ON,ON
24.20010531664661,30.1,636,OFF,OFF,ON
23.11351574628059,52.88484203550423,529,OFF,OFF,OFF
23.426331908381695,61.312933629976214,630,OFF,OFF,OFF
15.845597506654382,55.4465080621984,998,OFF,ON,OFF
16.80372130690587,40.17345811913923,789,OFF,ON,ON
27.252980575726536,30.1,561,ON,OFF,ON
21.9029950936437,51.32446709722274,192,OFF,OFF,OFF
25.433342002850818,75.74963896883057,426,ON,OFF,OFF
22.2353093053632,81.95291540214318,737,OFF,OFF,OFF
22.242348709376284,80.76804467624976,253,OFF,OFF,OFF
26.690572565849546,46.10254285613419,998,ON,OFF,ON
19.57006416569137,40.25818208683715,558,OFF,OFF,ON
22.56727526296575,68.81140747695366,567,OFF,OFF,OFF
19.833323626478684,71.20705408903845,383,OFF,OFF,OFF
19.969332124208304,67.14242678208561,682,OFF,OFF,OFF
20.582928924404897,30.1,256,OFF,OFF,ON
23.184244927070107,45.22060261560483,998,OFF,OFF,ON
19.752668875539484,59.70527039517873,893,OFF,OFF,OFF
28.244942342253378,68.648490126777,807,ON,OFF,OFF
17.716591635385328,73.49442768751582,197,OFF,ON,OFF
21.18172181732841,62.7147176793351,607,OFF,OFF,OFF
19.943701975238188,65.94195462404466,865,OFF,OFF,OFF
29.18117931187504,61.68722043016362,707,ON,OFF,OFF
23.05900812853902,72.08111029992328,296,OFF,OFF,OFF
27.1486533729684,65.63194527526599,387,ON,OFF,OFF
14.82323830708189,61.35628254715199,438,OFF,ON,OFF
23.404159662283117,55.57576967844317,399,OFF,OFF,OFF
26.452363549961305,61.62538461399319,947,ON,OFF,OFF
22.499529247889132,68.60304250950693,100,OFF,OFF,OFF
27.31333710451988,64.84662972742436,723,ON,OFF,OFF
19.563974804238896,66.80776237358708,222,OFF,OFF,OFF
28.996937658423864,83.44990991008497,307,ON,OFF,OFF
33.35224869360823,64.80663810359647,100,ON,OFF,OFF
20.32017377226821,48.99033877188776,413,OFF,OFF,ON
19.91544443183729,75.50657170645997,943,OFF,OFF,OFF
29.212546500594563,36.581770608156944,622,ON,OFF,ON
29.830371382132544,41.508951939411965,246,ON,OFF,ON
19.536695918983938,66.02955959059238,816,OFF,OFF,OFF
20.03939213754537,69.1533188570566,871,OFF,OFF,OFF
20.717020378461957,38.677786513225705,581,OFF,OFF,ON
15.514123436618757,53.59564609791887,998,OFF,ON,OFF
17.59886714092608,49.73282339284166,765,OFF,ON,ON
17.180307064213704,51.79874168138222,730,OFF,ON,OFF
18.33746221388408,76.54450043181089,347,OFF,OFF,OFF
21.926840306396112,72.44246909686657,715,OFF,OFF,OFF
23.243394274392884,59.88808765567538,610,OFF,OFF,OFF
29.688034252706558,50.773017129285094,688,ON,OFF,OFF
17.2086393359241,36.868085890360945,378,OFF,ON,ON
26.91598118358921,84.79013038062313,587,ON,OFF,OFF
21.048953844820296,70.46333374844113,344,OFF,OFF,OFF
21.854482014845857,47.992556354094425,100,OFF,OFF,ON
25.400630289730895,72.66901435035797,811,ON,OFF,OFF
16.599723790816086,59.00396067286371,168,OFF,ON,OFF
23.96896887100496,55.25152904305949,582,OFF,OFF,OFF
22.91162355524876,67.7487014642788,640,OFF,OFF,OFF
24.507740911579162,47.389963018355964,638,OFF,OFF,ON
23.512453003793322,54.27145581147804,481,OFF,OFF,OFF
34.1180054291893,62.3203760147744,624,ON,OFF,OFF
18.97423449414491,51.5777184164259,675,OFF,OFF,OFF
19.49685687179835,71.79504594868297,743,OFF,OFF,OFF
19.045714603107616,90.0,998,OFF,OFF,OFF
19.377000037232367,47.1685069985783,614,OFF,OFF,ON
18.975962109866128,31.409912705705374,571,OFF,OFF,ON
27.918179969209753,30.1,321,ON,OFF,ON
29.05156227852963,57.615617307831336,666,ON,OFF,OFF
19.302240941629297,48.74524579126066,726,OFF,OFF,ON
18.02138106202993,63.81520810476382,505,OFF,OFF,OFF
24.40474841070866,62.5130550339477,694,OFF,OFF,OFF
19.39293224716149,32.481016182686524,479,OFF,OFF,ON
25.19554489774778,30.1,727,ON,OFF,ON
23.090187560317425,65.33899068600205,789,OFF,OFF,OFF
14.675456301074945,62.56203814078491,785,OFF,ON,OFF
29.673369066903348,52.85167651205197,584,ON,OFF,OFF
30.889420481692447,31.548007564018356,287,ON,OFF,ON
19.09639801681881,68.37466188788694,397,OFF,OFF,OFF
20.198442545379436,82.22458397772128,707,OFF,OFF,OFF
23.496280012970566,65.02841653130906,998,OFF,OFF,OFF
23.734187376050166,45.556434998408534,466,OFF,OFF,ON
25.32094551810252,60.9897436189669,671,ON,OFF,OFF
31.938781895917295,36.58322836848722,411,ON,OFF,ON
21.23031255221724,78.5231405153219,304,OFF,OFF,OFF
18.188133352826767,61.634950727779106,380,OFF,OFF,OFF
15.343403419564071,30.1,100,OFF,ON,ON
18.517968555084458,55.016837913646846,902,OFF,OFF,OFF
21.934467980003287,68.23469776171336,100,OFF,OFF,OFF
30.88295858882305,54.456734856785765,486,ON,OFF,OFF
19.5623941101211,55.44554330886252,251,OFF,OFF,OFF
23.19234392419859,39.03504361518522,327,OFF,OFF,ON
22.016252471184092,70.02088628956058,908,OFF,OFF,OFF
27.915128450041035,48.99949676213913,606,ON,OFF,ON
34.46872280970404,30.1,306,ON,OFF,ON
19.4974844614843,53.795652307348234,402,OFF,OFF,OFF
19.700325764673536,77.1942019337913,357,OFF,OFF,OFF
27.20895514336015,53.5245032945119,543,ON,OFF,OFF
25.435255352867454,90.0,599,ON,OFF,OFF
31.13828651168108,67.64067873066202,998,ON,OFF,OFF
24.955619208229223,66.07992222305347,100,OFF,OFF,OFF
20.33753757030869,57.997457276137055,545,OFF,OFF,OFF
24.988553399995265,59.037480646435824,473,OFF,OFF,OFF
27.524961363229917,55.66132798914741,798,ON,OFF,OFF
26.113806423216047,54.989241617134546,645,ON,OFF,OFF
24.58031436053622,69.40367881301057,706,OFF,OFF,OFF
27.319184563604416,44.0277284367806,643,ON,OFF,ON
27.821624672149714,41.60444797241365,314,ON,OFF,ON
28.863820844723058,40.786070129562475,866,ON,OFF,ON
25.272795585024248,90.0,759,ON,OFF,OFF
21.278436840090354,69.39460836888831,790,OFF,OFF,OFF
22.814982179634654,65.48707278610568,879,OFF,OFF,OFF
28.003824326919986,41.92243332978957,662,ON,OFF,ON
18.09687813162058,71.00362911047509,935,OFF,OFF,OFF
23.901714179260544,58.20207966005411,651,OFF,OFF,OFF
20.170842108433547,63.9243530134384,498,OFF,OFF,OFF
22.237397222901258,43.32201973086938,552,OFF,OFF,ON
28.356062479414426,62.991805560466084,548,ON,OFF,OFF
23.032296544993486,52.88601047111611,421,OFF,OFF,OFF
22.324017319454374,46.97277572352,974,OFF,OFF,ON
15.438696244716404,72.92000310706155,630,OFF,ON,OFF
25.750377207997996,33.61441491609005,578,ON,OFF,ON
25.25700226919262,69.99035409724031,654,ON,OFF,OFF
32.68812779612748,72.0615036384233,998,ON,OFF,OFF
20.58975351365769,44.9998523554091,263,OFF,OFF,ON
23.169637747640763,46.026089205467805,337,OFF,OFF,ON
23.31766266816928,56.360269556117494,199,OFF,OFF,OFF
29.819997245502613,65.09855247275527,494,ON,OFF,OFF
21.630085758358522,57.57432143160153,617,OFF,OFF,OFF
23.462771904759265,67.72017026083087,434,OFF,OFF,OFF
25.072970034502784,90.0,415,ON,OFF,OFF
23.010313417133826,51.43471229172889,591,OFF,OFF,OFF
19.91088572557643,30.54389625630564,425,OFF,OFF,ON
23.046940351547644,74.5085709558829,634,OFF,OFF,OFF
27.353246885103747,89.34264414336367,841,ON,OFF,OFF
17.070759569268667,67.0143748563812,728,OFF,ON,OFF
22.747690400207524,41.39934240915967,781,OFF,OFF,ON
18.66881297591272,58.07541574633356,833,OFF,OFF,OFF
27.94770380866712,40.866894820239544,627,ON,OFF,ON
14.639015809157426,71.3412348699891,513,OFF,ON,OFF
19.3601343738858,36.839698904883235,356,OFF,OFF,ON
23.943519679780724,55.026277106510165,454,OFF,OFF,OFF
29.761590684259282,42.84246771585534,419,ON,OFF,ON
21.774741761200907,62.41317422021979,742,OFF,OFF,OFF
19.37835915207267,53.88070073710136,643,OFF,OFF,OFF
31.306955202189613,63.277161970561494,733,ON,OFF,OFF
15.007068829145108,60.605624448926875,256,OFF,ON,OFF
11.331131090677664,43.148335860055255,922,OFF,ON,ON
24.251006091719567,71.06478549223544,444,OFF,OFF,OFF
19.63856278752907,59.37521378988378,271,OFF,OFF,OFF
17.096623023479005,43.11598256673604,441,OFF,ON,ON
25.56482989465092,90.0,998,ON,OFF,OFF
23.290328002433323,68.46184203163686,454,OFF,OFF,OFF
19.334886351091768,57.56730464429569,470,OFF,OFF,OFF
15.8281879146112,84.70396222873856,505,OFF,ON,OFF
26.368280885279503,90.0,516,ON,OFF,OFF
25.28009706151323,57.70417836759009,353,ON,OFF,OFF
21.611087346634086,66.22939471326902,591,OFF,OFF,OFF
31.137942171922194,43.1250863933476,831,ON,OFF,ON
16.857439987162415,57.6722861860491,635,OFF,ON,OFF
14.627567471792737,56.77486545247955,268,OFF,ON,OFF
18.70902323019737,63.416696638376145,466,OFF,OFF,OFF
21.873467510244513,65.97615383866645,412,OFF,OFF,OFF
23.288069614934855,69.90474991239714,568,OFF,OFF,OFF
20.915549315528864,64.33048138622523,896,OFF,OFF,OFF
23.82035155605645,39.2713736178458,516,OFF,OFF,ON
15.969023521974144,43.982124065977715,531,OFF,ON,ON
29.16544683555265,50.76530602317929,998,ON,OFF,OFF
21.694441563000403,55.33576810257919,779,OFF,OFF,OFF
27.567029708875676,78.39880525747489,702,ON,OFF,OFF
23.774670887067618,40.09844399407283,998,OFF,OFF,ON
24.332960439162925,54.03514400570559,680,OFF,OFF,OFF
24.886286288394928,76.70733649289761,100,OFF,OFF,OFF
24.28867706725376,55.030625164223125,768,OFF,OFF,OFF
25.243482130577267,68.1847683075791,145,ON,OFF,OFF
28.60429698799922,57.80465421997577,670,ON,OFF,OFF
23.05884358691859,64.6616407741894,113,OFF,OFF,OFF
25.56799917741138,56.266031153479204,434,ON,OFF,OFF
21.65730716876327,71.76010164121558,461,OFF,OFF,OFF
29.147588930186917,33.48727379323998,356,ON,OFF,ON
18.784989665919237,53.933118278610394,464,OFF,OFF,OFF
30.91420815720401,65.3500538364978,820,ON,OFF,OFF
21.900043752533758,69.452608687651,370,OFF,OFF,OFF
15.091471359388398,86.04911392333005,694,OFF,ON,OFF
22.72386970327076,53.45365020923054,306,OFF,OFF,OFF
18.762177090496184,85.81604903456875,505,OFF,OFF,OFF
26.212518086600056,48.81688683813795,637,ON,OFF,ON
18.901361268255908,83.20638478058542,298,OFF,OFF,OFF
19.912110633333434,74.36226233685257,217,OFF,OFF,OFF
12.845318281203935,44.4148068322807,681,OFF,ON,ON
19.882132495371224,65.53114009308044,843,OFF,OFF,OFF
10.229153934815155,59.33247612884716,534,OFF,ON,OFF
14.341745832686579,71.04242394124412,436,OFF,ON,OFF
25.819711033721198,56.35601501537535,594,ON,OFF,OFF
25.94400047698669,54.903135378361966,568,ON,OFF,OFF
24.179734406706135,83.90619517878355,617,OFF,OFF,OFF
17.362268023153444,58.51091765060516,100,OFF,ON,OFF
21.86306167727966,74.517199881247,279,OFF,OFF,OFF
22.079021960634627,56.32002987113667,337,OFF,OFF,OFF
16.425214449702207,89.0545528843673,593,OFF,ON,OFF
29.457418171724886,48.48278272160845,602,ON,OFF,ON
26.392295971559257,49.593379234652595,718,ON,OFF,ON
21.01480207520807,86.59522529230014,620,OFF,OFF,OFF
22.228295489385513,52.520728348284926,220,OFF,OFF,OFF
23.116919113036015,87.919771509138,926,OFF,OFF,OFF
12.100163655620385,75.6490279462554,881,OFF,ON,OFF
20.886460116503113,57.54327033575099,231,OFF,OFF,OFF
18.757611052977005,30.1,640,OFF,OFF,ON
17.192648890667698,59.884694426685954,401,OFF,ON,OFF
20.720370844007117,61.97727156646545,590,OFF,OFF,OFF
30.898276773821216,80.4134410158234,825,ON,OFF,OFF
25.234277997218243,87.70130435588305,998,ON,OFF,OFF
19.300122427368223,48.367684229139364,747,OFF,OFF,ON
24.900071206267622,74.08050259791315,630,OFF,OFF,OFF
28.948016012528587,73.46146492698455,467,ON,OFF,OFF
26.623740475541407,78.79048170652052,601,ON,OFF,OFF
22.38861532223855,68.84696701592888,904,OFF,OFF,OFF
18.92920626049213,30.1,543,OFF,OFF,ON
25.515217264606896,57.52990108689928,326,ON,OFF,OFF
24.023196083340377,40.22355761760761,138,OFF,OFF,ON
26.479597623119332,56.71356276473554,686,ON,OFF,OFF
25.206512037558053,77.17438352429556,618,ON,OFF,OFF
27.235354013113874,65.49846808641884,388,ON,OFF,OFF
19.476106029936233,80.0825192474641,818,OFF,OFF,OFF
28.546726608773895,66.13175306827796,446,ON,OFF,OFF
23.064123690575634,37.75605880068889,519,OFF,OFF,ON
32.25730289088824,30.1,550,ON,OFF,ON
18.72234179974873,62.79352974427347,464,OFF,OFF,OFF
30.596077399923715,56.51769880498934,615,ON,OFF,OFF
23.065647246632885,43.316389445121374,850,OFF,OFF,ON
18.90726582132936,30.79567885135438,260,OFF,OFF,ON
19.727516674284843,47.50683467407132,680,OFF,OFF,ON
20.528214329427453,56.85395139004665,598,OFF,OFF,OFF
24.17341055486074,71.73955363842713,594,OFF,OFF,OFF
24.65650449376318,63.48251203195035,778,OFF,OFF,OFF
19.28777934115963,88.04075924935546,567,OFF,OFF,OFF
21.97741825456252,42.30151785252275,678,OFF,OFF,ON
32.58538667432476,75.46248954855932,738,ON,OFF,OFF
30.554849309391926,61.037263283672644,424,ON,OFF,OFF
24.23293573686091,72.23768373428248,631,OFF,OFF,OFF
22.282728336754452,52.666605665608714,490,OFF,OFF,OFF
22.684343220128497,78.76050998036385,520,OFF,OFF,OFF
25.100493165398166,65.32673294835408,471,ON,OFF,OFF
17.08898637264186,48.463572004318706,675,OFF,ON,ON
20.83652424131944,60.01089567607654,575,OFF,OFF,OFF
13.927139682443082,56.074274173146776,656,OFF,ON,OFF
24.051288501836368,68.68240358972804,550,OFF,OFF,OFF
25.26538317552211,39.80712695945498,142,ON,OFF,ON
19.73094085413063,59.71110249585398,562,OFF,OFF,OFF
29.803024904598832,67.05830122652824,570,ON,OFF,OFF
16.095213910685278,60.79027811213754,616,OFF,ON,OFF
14.926964168254582,83.52291118640747,401,OFF,ON,OFF
23.195594269548316,73.61061377534978,247,OFF,OFF,OFF
27.223337012905162,60.08949999908908,715,ON,OFF,OFF
30.341304450199893,63.96795527225114,484,ON,OFF,OFF
19.849926359206137,65.33435929118409,598,OFF,OFF,OFF
27.37796760063593,67.19658017782675,482,ON,OFF,OFF
21.908119743661636,30.1,553,OFF,OFF,ON
21.25146326177676,55.00209823119554,439,OFF,OFF,OFF
26.423129752700657,34.536039238370186,305,ON,OFF,ON
25.290485076019944,82.33499123137594,676,ON,OFF,OFF
14.378518654409556,59.16614583120966,399,OFF,ON,OFF
29.325919498196576,56.87385727112393,596,ON,OFF,OFF
28.853697529737406,75.73478675297595,660,ON,OFF,OFF
19.033855440867296,67.52574284912237,403,OFF,OFF,OFF
24.034545920760344,40.691959740737644,245,OFF,OFF,ON
24.515471440861287,58.992165575754285,998,OFF,OFF,OFF
23.372939809912058,54.420067074339016,418,OFF,OFF,OFF
19.40232239157236,30.1,714,OFF,OFF,ON
18.808338747417366,48.27617613520687,998,OFF,OFF,ON
21.971545511110637,57.04342194959963,757,OFF,OFF,OFF
27.838435013234577,58.230115123841244,477,ON,OFF,OFF
24.758169955990645,34.574234601507115,537,OFF,OFF,ON
20.282102974628977,80.14436688623167,340,OFF,OFF,OFF
25.87495866380945,58.452401436663216,781,ON,OFF,OFF
8.14996860558627,60.8686495113713,700,OFF,ON,OFF
27.721108694304135,67.15059362101194,422,ON,OFF,OFF
13.578882978860099,46.584097869488495,286,OFF,ON,ON
20.322120546757663,68.11453017592801,214,OFF,OFF,OFF
16.614667247522238,53.86801934190774,808,OFF,ON,OFF
15.75779659965216,44.70673419945946,585,OFF,ON,ON
27.78016073744641,70.14037858698762,609,ON,OFF,OFF
19.8067579259597,86.02698950377011,342,OFF,OFF,OFF
23.79317089727084,72.75949857742047,178,OFF,OFF,OFF
21.866933385776058,76.18774170257869,802,OFF,OFF,OFF
24.432290185008114,51.21128469463895,565,OFF,OFF,OFF
22.47278637974815,32.57785420701311,787,OFF,OFF,ON
15.815028106681432,86.00040871243175,455,OFF,ON,OFF
26.974462020522694,90.0,493,ON,OFF,OFF
19.67918870004815,86.91166103543607,738,OFF,OFF,OFF
14.475511257863582,54.4093580939998,742,OFF,ON,OFF
20.000574334140733,40.24212611703575,759,OFF,OFF,ON
29.444499810953182,41.781114935820135,478,ON,OFF,ON
26.25941368343374,31.08798067385685,712,ON,OFF,ON
20.389631644648937,58.361126817904385,839,OFF,OFF,OFF
20.386666726108377,87.9994211789479,527,OFF,OFF,OFF
20.521909436965142,57.767965040987995,422,OFF,OFF,OFF
32.26458390453802,65.4495408141241,899,ON,OFF,OFF
23.966646690016624,84.01869554848247,386,OFF,OFF,OFF
24.20217845416431,53.22750962033733,716,OFF,OFF,OFF
27.141010174265563,90.0,539,ON,OFF,OFF
23.265791031028044,90.0,100,OFF,OFF,OFF
20.828369289872146,57.950517291624905,844,OFF,OFF,OFF
21.135315770695705,50.22677118056623,100,OFF,OFF,OFF
21.746094807051684,72.28212971203064,100,OFF,OFF,OFF
21.914417242885975,54.2062567795588,690,OFF,OFF,OFF
25.6591925102103,40.208892213141844,690,ON,OFF,ON
22.350991475638473,82.38616371694718,390,OFF,OFF,OFF
25.683724481905045,81.26518344847725,592,ON,OFF,OFF
21.701465470523225,62.90949836402978,100,OFF,OFF,OFF
22.481664437408167,38.369587321419274,736,OFF,OFF,ON
12.313310489234738,38.946390425607675,618,OFF,ON,ON
26.583073597430584,62.07414622549137,542,ON,OFF,OFF
23.793095469086122,51.57045456438274,559,OFF,OFF,OFF
26.982997309306732,54.317539628888,681,ON,OFF,OFF
7.916363142282302,77.90033198815159,547,OFF,ON,OFF
32.321509258174444,72.90396438181416,100,ON,OFF,OFF
21.413218335641027,84.06274002835264,998,OFF,OFF,OFF
27.52241166194274,43.07974968532814,863,ON,OFF,ON
17.005197988867465,54.281230257362175,224,OFF,ON,OFF
25.096850150800968,73.35038190589722,465,ON,OFF,OFF
16.93905373418081,67.97131546793423,493,OFF,ON,OFF
19.042637738836106,86.73126976569178,832,OFF,OFF,OFF
31.467910318521525,67.4948063439851,100,ON,OFF,OFF
21.16306404932246,90.0,426,OFF,OFF,OFF
23.16122895362055,69.56199778241171,101,OFF,OFF,OFF
26.356581225042877,78.59592294112619,481,ON,OFF,OFF
24.523558303960463,54.62166356235205,433,OFF,OFF,OFF
22.833123225712264,60.466117243450405,575,OFF,OFF,OFF
23.883538431256426,75.97955104406472,399,OFF,OFF,OFF
33.86397451478539,88.12572514943926,361,ON,OFF,OFF
21.814554057141496,72.83575585433138,713,OFF,OFF,OFF
23.081257237591803,58.77993939609736,671,OFF,OFF,OFF
27.2407479295576,84.04876652771247,696,ON,OFF,OFF
27.509403347228695,30.1,509,ON,OFF,ON
27.908455250646703,35.61226595694832,407,ON,OFF,ON
25.223934347151733,72.0121615759304,524,ON,OFF,OFF
16.500417139294832,60.46302278883144,683,OFF,ON,OFF
30.094071230884044,70.69516833300072,100,ON,OFF,OFF
16.48406188159791,61.333269290774304,655,OFF,ON,OFF
23.578387634214042,70.09709394079009,634,OFF,OFF,OFF
18.403665608496738,46.12861113564544,570,OFF,OFF,ON
21.782633822949876,70.08914206522599,516,OFF,OFF,OFF
23.7063072393293,77.42370189717916,100,OFF,OFF,OFF
23.670050815201364,81.33617488255581,441,OFF,OFF,OFF
24.16241791509153,90.0,998,OFF,OFF,OFF
29.997519250523517,64.4421756081578,557,ON,OFF,OFF
24.317200361880005,64.95797637694673,475,OFF,OFF,OFF
20.901249935667,33.865896869796984,558,OFF,OFF,ON
26.816907884023983,51.024761746431714,645,ON,OFF,OFF
27.920402582858525,56.8783361853086,724,ON,OFF,OFF
16.08619458703127,78.39093764546018,495,OFF,ON,OFF
25.02157862844479,49.64774730959883,663,ON,OFF,ON
25.52965790255154,73.99673359521006,985,ON,OFF,OFF
20.6397656535582,60.19087034114864,813,OFF,OFF,OFF
28.832230468397174,57.15367011447278,998,ON,OFF,OFF
21.36197616693584,64.52514496376114,385,OFF,OFF,OFF
22.71149260260869,53.451371520312556,985,OFF,OFF,OFF
21.24928683516864,52.79597895231366,351,OFF,OFF,OFF
22.172936537578792,30.723728236017088,645,OFF,OFF,ON
16.729210090526173,55.92897090344247,742,OFF,ON,OFF
15.046056398981417,51.9148025980869,423,OFF,ON,OFF
29.90348413620205,51.29172962887091,577,ON,OFF,OFF
17.949870022634357,67.43142014853476,788,OFF,ON,OFF
17.242724331226576,71.6141898541517,371,OFF,ON,OFF
11.553490677315127,64.23622068008842,983,OFF,ON,OFF
18.968252642988123,77.44101476500157,198,OFF,OFF,OFF
15.618707212374243,70.17696125037398,998,OFF,ON,OFF
30.13609735680255,55.11404018788915,812,ON,OFF,OFF
27.040805221764213,52.21086191310187,531,ON,OFF,OFF
18.727421349802267,65.63119413932041,451,OFF,OFF,OFF
33.12476548071023,70.14590840393464,424,ON,OFF,OFF
26.90346234119613,84.40360594872885,519,ON,OFF,OFF
20.506259939348638,80.82790168659926,542,OFF,OFF,OFF
9.859370719203783,50.85068178564369,877,OFF,ON,OFF
33.313297681787645,58.45407584575159,998,ON,OFF,OFF
15.293202745558823,71.82848256129144,605,OFF,ON,OFF
14.04065689070635,78.69679587963421,337,OFF,ON,OFF
27.10324660378721,76.46442418448738,414,ON,OFF,OFF
34.04188248660979,59.11375174904235,507,ON,OFF,OFF
28.874170312483635,38.52256814218475,289,ON,OFF,ON
24.85760426931236,42.93592041829686,251,OFF,OFF,ON
25.00862493241267,64.93587257070642,998,ON,OFF,OFF
26.275050864352586,66.13991342906267,632,ON,OFF,OFF
25.812435134408755,41.21022591894351,340,ON,OFF,ON
23.473395899262883,60.9900454475701,764,OFF,OFF,OFF
22.6068371879396,71.13999979893056,251,OFF,OFF,OFF
21.79019933681297,40.30108380735567,272,OFF,OFF,ON
18.405189567904948,79.33693808346129,348,OFF,OFF,OFF
20.722452735522875,53.68710710318254,980,OFF,OFF,OFF
13.807808803561581,81.97740854410875,489,OFF,ON,OFF
21.615181629551326,50.98944879611843,100,OFF,OFF,OFF
17.25643943678728,42.45685982893262,865,OFF,ON,ON
16.693399035999082,52.29251238639631,475,OFF,ON,OFF
22.977436379085578,58.57273163342944,100,OFF,OFF,OFF
28.91201440296753,53.49767814723447,473,ON,OFF,OFF
26.59281156357428,56.48179915374723,688,ON,OFF,OFF
14.407364169168545,65.99699634635556,658,OFF,ON,OFF
17.25136205810799,57.25728385323345,998,OFF,ON,OFF
26.702750986403075,59.075090690691624,335,ON,OFF,OFF
17.286323705045028,30.64690143842417,566,OFF,ON,ON
20.996838475508667,66.99585634327741,374,OFF,OFF,OFF
24.78975919008176,58.67558549542256,158,OFF,OFF,OFF
17.35556865985972,88.0792675741361,782,OFF,ON,OFF
22.612587154671,43.963126053424205,673,OFF,OFF,ON
15.565165146301949,30.1,627,OFF,ON,ON
19.152316370798683,70.91238481717494,664,OFF,OFF,OFF
23.662338112383107,66.21433438731206,378,OFF,OFF,OFF
14.297236012638837,42.771615080901825,295,OFF,ON,ON
24.25325969799332,33.75211430489854,564,OFF,OFF,ON
22.00051205061276,86.81805966133605,853,OFF,OFF,OFF
24.801695124358798,84.68503213144879,968,OFF,OFF,OFF
23.192961723410715,30.1,759,OFF,OFF,ON
28.77560053383995,52.29102378319608,562,ON,OFF,OFF
22.709769423328897,89.01179756283763,623,OFF,OFF,OFF
19.99425653004905,51.98237478418808,557,OFF,OFF,OFF
22.695438599955576,51.730644868529176,290,OFF,OFF,OFF
24.756690725181805,55.32679324339174,560,OFF,OFF,OFF
22.335883077129175,40.8258301040448,211,OFF,OFF,ON
22.295400434034175,30.72390404536976,522,OFF,OFF,ON
18.6596530332615,78.42948100816123,975,OFF,OFF,OFF
18.85104455961253,30.1,766,OFF,OFF,ON
15.229393093506147,64.49707313131974,317,OFF,ON,OFF
30.66272743909733,75.55800372529352,535,ON,OFF,OFF
16.00660675405721,35.11066698058123,340,OFF,ON,ON
18.704141212465164,44.227781652050126,538,OFF,OFF,ON
18.579281056364444,81.20863899925834,822,OFF,OFF,OFF
26.478281345959193,69.43870652401401,722,ON,OFF,OFF
20.65256314938902,49.5390151654301,998,OFF,OFF,ON
28.205704900608946,81.01953138553579,861,ON,OFF,OFF
18.799196511740753,81.09369768786759,607,OFF,OFF,OFF
23.462637930654793,64.87391931282228,728,OFF,OFF,OFF
18.006734536794724,44.64488706976118,502,OFF,OFF,ON
32.599481357551284,53.06568275572195,264,ON,OFF,OFF
16.282083778758206,65.17382283689126,890,OFF,ON,OFF
23.61356716627389,56.95597184885283,814,OFF,OFF,OFF
25.199682394404196,76.46421154202656,492,ON,OFF,OFF
24.122653636255986,33.751679605148794,625,OFF,OFF,ON
21.189477135506372,34.36606221176015,873,OFF,OFF,ON
21.461047787688585,63.34825360710646,772,OFF,OFF,OFF
22.31116473729691,51.714516843860494,178,OFF,OFF,OFF
21.376926764416975,49.37010309344974,617,OFF,OFF,ON
26.81588924733225,30.1,511,ON,OFF,ON
32.91955705346677,60.557099008084606,840,ON,OFF,OFF
19.367136072692087,59.30619057280883,819,OFF,OFF,OFF
15.389995730262418,71.52503619241683,893,OFF,ON,OFF
21.66442433510814,61.41110159920291,267,OFF,OFF,OFF
34.727122775621844,57.92469079231882,352,ON,OFF,OFF
18.1618055487835,80.58269904104073,841,OFF,OFF,OFF
30.121906781256556,37.511393266509074,402,ON,OFF,ON
30.31081716231497,69.49921818198565,163,ON,OFF,OFF
19.386248131764972,31.305725889345688,691,OFF,OFF,ON
24.882446777575478,45.71408563005162,413,OFF,OFF,ON
30.069419914338766,39.2382499644947,998,ON,OFF,ON
20.240420646206612,73.74763681492499,630,OFF,OFF,OFF
21.099914612548677,59.08723905498007,595,OFF,OFF,OFF
19.248704169744467,59.98530315896842,459,OFF,OFF,OFF
17.12833045876385,41.070887035206106,963,OFF,ON,ON
18.917745676957594,55.03380825280442,646,OFF,OFF,OFF
16.1041511961442,47.00990201877127,449,OFF,ON,ON
22.263535655851005,66.85324079978626,350,OFF,OFF,OFF
18.326809979990006,43.07165414871332,535,OFF,OFF,ON
23.241294733848466,83.22624599764481,303,OFF,OFF,OFF
14.478871204576839,31.22902381041626,819,OFF,ON,ON
23.71667626417657,46.26499795316184,100,OFF,OFF,ON
26.1776844998207,89.23686218076274,518,ON,OFF,OFF
12.335171690497296,52.69041440082495,711,OFF,ON,OFF
23.928071053989438,37.469673321703226,642,OFF,OFF,ON
28.107425500305787,64.00917527696626,370,ON,OFF,OFF
16.17416145421999,51.99397218864818,724,OFF,ON,OFF
30.285707973865136,45.75719424531811,326,ON,OFF,ON
24.14821074096908,41.25881801290562,548,OFF,OFF,ON
18.644866050290304,90.0,722,OFF,OFF,OFF
21.8236104306116,55.866725743908745,673,OFF,OFF,OFF
24.83027333639123,30.1,381,OFF,OFF,ON
22.468788732404718,86.06221344812535,862,OFF,OFF,OFF
24.734452552078096,70.79131666327095,576,OFF,OFF,OFF
17.588968998089307,46.95797827747475,745,OFF,ON,ON
22.925864370108485,44.074652302287824,947,OFF,OFF,ON
15.175001442086536,71.87095737154408,841,OFF,ON,OFF
21.55208861904364,55.94689308534557,842,OFF,OFF,OFF
17.67105643328802,30.1,604,OFF,ON,ON
18.495447065150223,90.0,758,OFF,OFF,OFF
28.148670970317543,52.71028136343427,609,ON,OFF,OFF
27.439801597025088,86.09442828405724,243,ON,OFF,OFF
25.07904906183726,82.3376558303045,632,ON,OFF,OFF
16.748609935889153,42.90005168441033,620,OFF,ON,ON
20.547499294532265,78.09456988992233,704,OFF,OFF,OFF
28.03608329105524,48.94805361709638,521,ON,OFF,ON
22.790517581840763,30.1,358,OFF,OFF,ON
33.45228253631668,52.87278133170056,723,ON,OFF,OFF
24.022375764638443,67.09861782231778,216,OFF,OFF,OFF
23.036948058013447,52.21293181432561,929,OFF,OFF,OFF
20.583201436607446,54.9065590633437,495,OFF,OFF,OFF
22.750487190920353,80.00423345558522,617,OFF,OFF,OFF
21.350155809734247,62.06142435799777,698,OFF,OFF,OFF
25.563616789995564,45.628678407955015,706,ON,OFF,ON
26.780751062605017,72.36504286653175,192,ON,OFF,OFF
18.248393244258484,63.63899438279666,766,OFF,OFF,OFF
15.578837651342727,30.1,632,OFF,ON,ON
13.106452443542098,67.6300377617558,391,OFF,ON,OFF
24.583826297960652,66.99811749407367,361,OFF,OFF,OFF
16.694489447008255,60.56705224603625,468,OFF,ON,OFF
11.555936370230809,75.64660577435632,220,OFF,ON,OFF
23.999172093073312,48.58557117775461,997,OFF,OFF,ON
34.30258458583377,66.04084917766355,936,ON,OFF,OFF
22.066936612415915,33.108321634721946,670,OFF,OFF,ON
26.201977930909965,67.26216600393298,497,ON,OFF,OFF
22.497303339615602,90.0,503,OFF,OFF,OFF
21.61248865648249,43.00651058291449,749,OFF,OFF,ON
26.59653198185035,47.07328004808248,998,ON,OFF,ON
20.67545297852479,47.93465997385055,407,OFF,OFF,ON
23.405834357541394,62.46808094877455,267,OFF,OFF,OFF
23.671718374634494,41.82690181946342,952,OFF,OFF,ON
18.825636177346812,67.50710198532111,100,OFF,OFF,OFF
26.95377867918851,74.87045352031296,295,ON,OFF,OFF
21.240043367630715,69.46388860923334,491,OFF,OFF,OFF
18.396471752223956,30.1,153,OFF,OFF,ON
24.723455228183745,77.43673222843317,840,OFF,OFF,OFF
17.697689440542078,76.43670638341995,774,OFF,ON,OFF
22.23463747137263,74.58189068676681,406,OFF,OFF,OFF
22.052012944840573,66.66962497945131,883,OFF,OFF,OFF
27.413291505416222,64.02851395695934,927,ON,OFF,OFF
24.420820656420513,78.08072069528599,525,OFF,OFF,OFF
21.974126294674576,90.0,438,OFF,OFF,OFF
26.10050924852728,43.72998442913847,998,ON,OFF,ON
28.903227225988907,78.87201794745658,740,ON,OFF,OFF
24.827743991414785,58.72725096081124,620,OFF,OFF,OFF
22.147347530874395,57.97540167883605,905,OFF,OFF,OFF
15.673805544117364,33.63478071990869,632,OFF,ON,ON
16.88177890482992,55.29166996413714,424,OFF,ON,OFF
20.60225580296028,42.9648383113654,575,OFF,OFF,ON
19.112439964764814,52.193592618021356,821,OFF,OFF,OFF
21.18123387978378,41.218755335162996,100,OFF,OFF,ON
22.374022825891274,52.45218022343127,480,OFF,OFF,OFF
24.690078216133642,53.192646497109926,910,OFF,OFF,OFF
21.751492643623358,61.892924854881535,422,OFF,OFF,OFF
24.47861109703777,32.28147874872022,952,OFF,OFF,ON
22.412332152046016,35.20942604466326,918,OFF,OFF,ON
12.424618543537685,66.4805555517596,537,OFF,ON,OFF
17.497599334493593,46.42212443550973,408,OFF,ON,ON
21.39119612383184,78.8098089010075,480,OFF,OFF,OFF
16.173898416500744,64.11641217597362,998,OFF,ON,OFF
25.0339591500325,70.71676912763692,998,ON,OFF,OFF
29.591338341175394,84.62589469739892,586,ON,OFF,OFF
28.063815429248564,54.860494562733734,398,ON,OFF,OFF
21.051626973583193,50.27949824177125,584,OFF,OFF,OFF
29.395374242434077,75.30061225346117,617,ON,OFF,OFF
22.82454799701639,69.03423145444091,234,OFF,OFF,OFF
20.446260501833837,56.97784981629948,575,OFF,OFF,OFF
19.093391955805863,84.29311326001881,894,OFF,OFF,OFF
20.615744589984704,56.54680248464912,100,OFF,OFF,OFF
20.196115641374373,60.78595847535296,767,OFF,OFF,OFF
22.931031684483877,60.586110116979434,908,OFF,OFF,OFF
22.88284328661657,44.04913607518456,410,OFF,OFF,ON
22.111573836522826,61.561264972977725,990,OFF,OFF,OFF
24.23594437818504,84.38484897734243,377,OFF,OFF,OFF
27.926159324136844,67.91750763895983,668,ON,OFF,OFF
26.74575299705446,60.756369410764066,475,ON,OFF,OFF
14.826481492727794,57.42012625856778,475,OFF,ON,OFF
9.592458878362029,65.94339447971453,395,OFF,ON,OFF
26.67116502133221,73.1909482530985,734,ON,OFF,OFF
15.404313243878274,70.75961919583582,772,OFF,ON,OFF
20.99619095968825,54.47719825795534,538,OFF,OFF,OFF
16.36769365616675,65.83810788529513,204,OFF,ON,OFF
13.27402045527992,68.52256261816035,658,OFF,ON,OFF
24.74770494605352,42.79303479762906,663,OFF,OFF,ON
25.81354444171012,63.12955391642108,498,ON,OFF,OFF
19.274019414521852,30.1,998,OFF,OFF,ON
9.410710734282151,68.56744193396692,152,OFF,ON,OFF
19.422203929756655,71.64379432764153,100,OFF,OFF,OFF
24.014963912775674,73.15253042520186,366,OFF,OFF,OFF
14.855791382601955,53.384060731772394,737,OFF,ON,OFF
22.99440505846711,65.56587436546113,283,OFF,OFF,OFF
22.02170203750501,84.85533778210764,302,OFF,OFF,OFF
24.932917625418582,84.67913680890818,799,OFF,OFF,OFF
22.68213529233431,59.71419949824866,673,OFF,OFF,OFF
17.33243719981745,62.62935439817758,651,OFF,ON,OFF
27.95516970711892,79.43925763542448,755,ON,OFF,OFF
21.320486856207488,34.25293718062571,445,OFF,OFF,ON
21.962975077747718,54.62926241273405,457,OFF,OFF,OFF
17.527305978527174,83.32618050527027,762,OFF,ON,OFF
19.92631505171716,77.09127283661748,208,OFF,OFF,OFF
17.764595680512752,66.60771238503304,100,OFF,ON,OFF
21.249902587499662,34.165904339069044,443,OFF,OFF,ON
30.477321405475088,59.355410921179185,793,ON,OFF,OFF
15.379722955285139,50.01256013429219,620,OFF,ON,OFF
14.196535088949716,65.94636814938322,775,OFF,ON,OFF
29.299627441405402,46.21608942155348,100,ON,OFF,ON
21.071794874584207,42.47246722180587,635,OFF,OFF,ON
18.82082683162505,30.1,722,OFF,OFF,ON
27.188116499541586,81.35787225302697,207,ON,OFF,OFF
19.13151833451351,53.302334765490755,776,OFF,OFF,OFF
31.036949352991947,62.9377719813375,525,ON,OFF,OFF
25.41583936971041,60.18020576042444,998,ON,OFF,OFF
19.707807142731824,41.75081609845853,100,OFF,OFF,ON
32.659013209089125,38.43532995103534,906,ON,OFF,ON
19.131031746120907,42.82555905289365,453,OFF,OFF,ON
25.730018358716073,47.707094597035315,138,ON,OFF,ON
23.562020603676423,66.56173335763427,419,OFF,OFF,OFF
28.470089368940954,46.45189070793409,625,ON,OFF,ON
29.741943536516395,90.0,821,ON,OFF,OFF
22.25335514337701,77.99008964201593,997,OFF,OFF,OFF
18.40786634534977,74.20468841155777,920,OFF,OFF,OFF
24.348720546534842,58.14866058713648,306,OFF,OFF,OFF
18.778511821058657,86.41812035250803,845,OFF,OFF,OFF
31.954364691640514,56.44712350242299,655,ON,OFF,OFF
22.765148140715905,59.678061784694684,386,OFF,OFF,OFF
20.308016851084922,63.15972755082467,500,OFF,OFF,OFF
23.000869773965707,72.36145657619612,372,OFF,OFF,OFF
15.501022611869992,71.23833620470884,564,OFF,ON,OFF
17.33956051776787,51.99859103831477,366,OFF,ON,OFF
27.973982434470287,50.997385408824314,290,ON,OFF,OFF
18.880453540772443,71.29015181977755,677,OFF,OFF,OFF
16.97090067862412,72.5935297906041,716,OFF,ON,OFF
24.72415492182519,53.41339920602192,506,OFF,OFF,OFF
27.90196231017096,32.758336625913664,906,ON,OFF,ON
25.616712982163016,56.63206753323073,487,ON,OFF,OFF
26.973389124751815,71.00680388723937,476,ON,OFF,OFF
18.391331215795052,90.0,724,OFF,OFF,OFF
15.135361949374204,39.49256633774161,520,OFF,ON,ON
29.447309481713184,52.838644147657334,576,ON,OFF,OFF
20.516794073494285,53.48169761754292,100,OFF,OFF,OFF
20.86856184143929,83.67627252993762,558,OFF,OFF,OFF
28.599604642589,59.614391102324824,100,ON,OFF,OFF
24.820006731606412,44.520899429563514,240,OFF,OFF,ON
24.328723141329295,69.88514454433754,211,OFF,OFF,OFF
32.696684290729195,53.21811135234947,286,ON,OFF,OFF
18.945943740624546,39.03530198906846,413,OFF,OFF,ON
26.639439486610723,44.77269121242353,429,ON,OFF,ON
22.375801082034897,90.0,725,OFF,OFF,OFF
23.411709480786133,66.86628964085395,611,OFF,OFF,OFF
29.580163499849427,62.083329243605675,100,ON,OFF,OFF
24.583064611793272,55.895414325729924,576,OFF,OFF,OFF
24.732200779436763,65.2735152602752,636,OFF,OFF,OFF
27.347741671653647,65.06740535904211,470,ON,OFF,OFF
20.30982263185878,65.27386104778918,538,OFF,OFF,OFF
17.987822870447534,62.2059103367169,603,OFF,ON,OFF
16.98119120340134,75.25036467999732,751,OFF,ON,OFF
12.469221716803583,60.61866609674506,149,OFF,ON,OFF
32.16401424829289,43.29920748099852,491,ON,OFF,ON
16.695264204872505,49.623148738925494,942,OFF,ON,ON
21.013384906135656,30.1,918,OFF,OFF,ON
20.74136030335492,90.0,773,OFF,OFF,OFF
23.601747969100902,75.14579934578262,692,OFF,OFF,OFF
26.090574678535333,45.85753828004377,980,ON,OFF,ON
26.30960705002626,55.34261500631929,998,ON,OFF,OFF
19.2418666739132,49.20006726564655,521,OFF,OFF,ON
21.27841905033385,86.90717023998286,305,OFF,OFF,OFF
23.48019423575246,35.65305121522054,485,OFF,OFF,ON
20.879048706897716,62.19952557210396,998,OFF,OFF,OFF
29.96635231011847,58.341243619500865,151,ON,OFF,OFF
24.500512768567482,74.52440257103255,433,OFF,OFF,OFF
25.694680482682504,58.41942202795182,191,ON,OFF,OFF
25.3421797961111,30.1,586,ON,OFF,ON
27.842081800545706,55.874235689857585,245,ON,OFF,OFF
22.982956256295616,43.39915111127054,526,OFF,OFF,ON
15.747267716216825,61.59576670226028,100,OFF,ON,OFF
24.053564342384508,85.03221340180836,713,OFF,OFF,OFF
18.9075650198908,30.124418835902155,868,OFF,OFF,ON
19.50851087932655,46.373946611803,455,OFF,OFF,ON
24.967545242811997,50.656560876472035,519,OFF,OFF,OFF
28.15939287674112,53.616172241267996,512,ON,OFF,OFF
22.200807613962446,73.02414597449504,601,OFF,OFF,OFF
23.60873131997638,57.216365191936134,544,OFF,OFF,OFF
30.430840299083926,67.4129018114046,752,ON,OFF,OFF
23.275407031724818,49.3921722698485,871,OFF,OFF,ON
34.83470813660351,64.19694372434614,345,ON,OFF,OFF
24.86544057009537,73.67592412104526,475,OFF,OFF,OFF
13.475825493518636,47.54911350251727,786,OFF,ON,ON
25.78508089050999,73.73752560017275,188,ON,OFF,OFF
23.962842106351825,61.125051081435764,100,OFF,OFF,OFF
28.411392544656408,78.3068646992878,612,ON,OFF,OFF
25.392609821355997,56.73408003709047,682,ON,OFF,OFF
21.418768747845323,66.81499846027586,368,OFF,OFF,OFF
16.10239854881256,59.51638326436113,405,OFF,ON,OFF
21.073265754188093,58.55432052881858,359,OFF,OFF,OFF
17.93244435656381,64.69878985851014,331,OFF,ON,OFF
19.25437120643246,69.5064545032899,732,OFF,OFF,OFF
24.978387051496746,38.59969333878998,251,OFF,OFF,ON
30.27264580860627,85.02281133626649,486,ON,OFF,OFF
24.02900354085372,30.1,321,OFF,OFF,ON
16.241521506391795,48.370713176709344,180,OFF,ON,ON
24.27347037350349,58.58794047798937,778,OFF,OFF,OFF
27.955463398366934,67.35326806134289,420,ON,OFF,OFF
19.111114585416473,87.48893562832552,603,OFF,OFF,OFF
21.440501551132613,30.1,166,OFF,OFF,ON
22.168574851021212,51.435104008802774,363,OFF,OFF,OFF
18.253735589009274,30.1,749,OFF,OFF,ON
25.270692945261338,60.76603307031986,998,ON,OFF,OFF
21.50448850506131,64.91943744533137,100,OFF,OFF,OFF
24.15072455739779,87.74193785821373,502,OFF,OFF,OFF
17.751427851543593,62.30607980240552,660,OFF,ON,OFF
19.954829579283256,78.28203525464235,396,OFF,OFF,OFF
25.633496974255774,70.32013311296353,773,ON,OFF,OFF
20.2712394550615,52.68852077804421,331,OFF,OFF,OFF
30.552012918051155,35.84192063088796,594,ON,OFF,ON
20.140009666975878,64.97685587366036,420,OFF,OFF,OFF
23.196734601720507,34.40345941594762,868,OFF,OFF,ON
26.66269931096349,82.62783706510648,380,ON,OFF,OFF
15.152228619832018,57.41502544176874,464,OFF,ON,OFF
13.47560001521765,80.89718287485593,797,OFF,ON,OFF
14.626925382054118,51.91054146867772,290,OFF,ON,OFF
28.278372665952592,64.8704260436784,572,ON,OFF,OFF
19.394718818750786,63.840958766930385,100,OFF,OFF,OFF
34.6218078469427,59.43960157292999,274,ON,OFF,OFF
19.334059070687008,52.733308654785375,652,OFF,OFF,OFF
23.00023816662347,67.00897085469843,299,OFF,OFF,OFF
29.646953499011467,44.19499788673467,414,ON,OFF,ON
31.91865092688318,39.29399171096415,681,ON,OFF,ON
32.18994607339546,81.72158610098168,405,ON,OFF,OFF
28.01291763988614,72.79995992163958,766,ON,OFF,OFF
27.110552013947228,61.35894607423612,610,ON,OFF,OFF
24.997719441405515,89.02823957314445,666,OFF,OFF,OFF
25.90757813631691,55.5862072802681,873,ON,OFF,OFF
19.39801108748222,83.10355918615497,636,OFF,OFF,OFF
18.09069334287194,63.256607578319404,950,OFF,OFF,OFF
22.080138666714063,42.489295350075366,788,OFF,OFF,ON
21.26342280506412,90.0,419,OFF,OFF,OFF
19.877619631454866,77.35962298320885,887,OFF,OFF,OFF
25.506228717601015,58.12509384271378,622,ON,OFF,OFF
26.773910709403147,72.8000165083555,453,ON,OFF,OFF
22.529507439620705,53.23428965946251,626,OFF,OFF,OFF
29.33076530165773,74.56437582420509,840,ON,OFF,OFF
16.506859394082813,30.1,671,OFF,ON,ON
21.14848813358184,42.57492723267168,998,OFF,OFF,ON
18.58704107322559,77.16150276553282,834,OFF,OFF,OFF
12.957948255942055,55.89953547997437,689,OFF,ON,OFF
21.69184905232764,63.80970268917479,290,OFF,OFF,OFF
21.50057477589875,36.9176372691213,508,OFF,OFF,ON
29.50663083019479,90.0,573,ON,OFF,OFF
25.18516455664167,80.81676993818884,733,ON,OFF,OFF
17.082159968827703,56.746791066506425,718,OFF,ON,OFF
31.174445238186102,53.21711934447142,598,ON,OFF,OFF
28.074938557675903,78.03253563306895,585,ON,OFF,OFF
24.946657023182905,90.0,739,OFF,OFF,OFF
20.987776082421544,76.72032565797717,333,OFF,OFF,OFF
17.399169317538757,90.0,990,OFF,ON,OFF
20.274306241975385,44.26094972744651,100,OFF,OFF,ON
27.427260284538935,46.042380743227426,928,ON,OFF,ON
31.323745017343267,39.648570458599224,542,ON,OFF,ON
29.65250357599545,67.8620104987461,812,ON,OFF,OFF
19.703214553196435,63.257117362266825,648,OFF,OFF,OFF
16.61492410240953,57.58995962847053,643,OFF,ON,OFF
22.786450571340467,74.22024373666811,697,OFF,OFF,OFF
13.438240216794137,81.53995091296447,762,OFF,ON,OFF
23.67891516128579,33.82281730826092,470,OFF,OFF,ON
21.373986254010642,49.89047045614307,820,OFF,OFF,ON
19.8149084270972,74.40856899739676,275,OFF,OFF,OFF
14.28886697845332,52.126389540518616,553,OFF,ON,OFF
24.61128733013086,46.40883765692401,769,OFF,OFF,ON
19.488514516718432,77.84106207333386,810,OFF,OFF,OFF
16.36865421975039,37.9087587961295,673,OFF,ON,ON
8.033835589728517,55.00117239776162,453,OFF,ON,OFF
21.96194511129621,65.90493340004325,785,OFF,OFF,OFF
30.773745328728587,50.29103467507306,382,ON,OFF,OFF
30.23031778077725,73.76862551126074,998,ON,OFF,OFF
19.858680580453907,50.37655448486068,532,OFF,OFF,OFF
19.148182040760247,84.59003186783049,158,OFF,OFF,OFF
24.391816393896548,58.04334006938578,247,OFF,OFF,OFF
17.208485606613174,71.83284825703066,565,OFF,ON,OFF
23.574257470695354,73.12619468927707,590,OFF,OFF,OFF
25.847450371708685,49.361601387340016,998,ON,OFF,ON
28.10382311866006,30.1,287,ON,OFF,ON
21.60629793929745,66.46051159017783,564,OFF,OFF,OFF
21.099457367301074,61.46961867074342,282,OFF,OFF,OFF
17.797987567130406,69.83550238089167,427,OFF,ON,OFF
18.048188170894207,56.299683631913915,987,OFF,OFF,OFF
20.987801576055393,52.77192219438445,262,OFF,OFF,OFF
23.895311076170906,90.0,705,OFF,OFF,OFF
26.569643413529228,34.745126895094806,655,ON,OFF,ON
18.16423213052852,72.91730655352228,548,OFF,OFF,OFF
29.404982466430507,50.27750593652279,688,ON,OFF,OFF
20.76921752232387,54.40948476176387,256,OFF,OFF,OFF
21.992044303202803,54.73260217994067,980,OFF,OFF,OFF
18.438252352033896,46.318382462455304,998,OFF,OFF,ON
10.227386774931079,70.10191265396601,566,OFF,ON,OFF
26.42501699006717,84.27902349326756,998,ON,OFF,OFF
25.704306719028306,68.35082743905859,451,ON,OFF,OFF
20.71925814021509,62.00758264522761,657,OFF,OFF,OFF
22.42465216919504,43.15211671341346,922,OFF,OFF,ON
24.622739804650667,69.16073420747955,436,OFF,OFF,OFF
14.44631124311202,90.0,199,OFF,ON,OFF
19.50637621014102,53.63237452078371,140,OFF,OFF,OFF
25.985443446205963,53.71388223271357,998,ON,OFF,OFF
15.955559307824023,50.51129517147324,418,OFF,ON,OFF
23.533943308894784,51.75137194974058,506,OFF,OFF,OFF
15.454727656452702,30.1,268,OFF,ON,ON
24.380338643330504,67.22661164867701,798,OFF,OFF,OFF
21.922156741481405,45.589683364066,353,OFF,OFF,ON
14.188846197132843,32.35910573803652,428,OFF,ON,ON
27.799316977659473,73.25017653784725,631,ON,OFF,OFF
18.500041378845683,41.49849489270329,280,OFF,OFF,ON
18.1295997777446,54.35947614066895,508,OFF,OFF,OFF
23.078663052293837,85.59044953507092,915,OFF,OFF,OFF
27.720480277856904,35.83750788491743,664,ON,OFF,ON
17.12311570164005,33.70281775014783,588,OFF,ON,ON
22.398649739289944,64.87830516053546,609,OFF,OFF,OFF
24.196180037502263,80.1066806253746,454,OFF,OFF,OFF
25.490160566480498,32.980596629278665,998,ON,OFF,ON
22.960532194534974,67.27253566356696,345,OFF,OFF,OFF
20.299662730181456,70.27103964244671,608,OFF,OFF,OFF
18.044712607407323,30.1,584,OFF,OFF,ON
22.518427595390108,74.03412744703328,814,OFF,OFF,OFF
16.847382236709045,75.38544615802563,838,OFF,ON,OFF
7.793495506877521,54.82459826402904,546,OFF,ON,OFF
24.23409187011056,81.88628633762323,629,OFF,OFF,OFF
26.522397296449203,79.88121228763787,639,ON,OFF,OFF
10.527554770490191,62.00301385329918,100,OFF,ON,OFF
17.152938282504795,52.40828649388714,145,OFF,ON,OFF
25.128088881952372,43.38763400133452,398,ON,OFF,ON
32.1703220624825,59.56902665091913,410,ON,OFF,OFF
22.19846792895967,70.0765610615495,246,OFF,OFF,OFF
18.532299863645378,54.61021151235221,747,OFF,OFF,OFF
21.20118472828063,30.1,555,OFF,OFF,ON
28.82816479239814,82.1694677259631,499,ON,OFF,OFF
18.933968180652148,63.51005830382414,231,OFF,OFF,OFF
18.183752526223,53.650889228919986,543,OFF,OFF,OFF
19.733109524243428,75.04897713349573,100,OFF,OFF,OFF
17.42908744146373,86.597325949355,512,OFF,ON,OFF
22.69726392192983,30.1,570,OFF,OFF,ON
30.051215483864528,67.73230183191356,616,ON,OFF,OFF
23.67848214676523,35.53588526079952,152,OFF,OFF,ON
20.86111742242403,68.85424389668782,612,OFF,OFF,OFF
20.667929051798946,62.43224932312901,286,OFF,OFF,OFF
14.443153507652912,71.21789367926687,345,OFF,ON,OFF
26.42043612383563,51.581240609649235,739,ON,OFF,OFF
21.715563159620793,30.1,998,OFF,OFF,ON
21.213016239565473,52.42692355673072,567,OFF,OFF,OFF
37.730369392890765,67.25796611675118,344,ON,OFF,OFF
23.559378326357688,77.78664742614713,603,OFF,OFF,OFF
18.41583138694143,39.94459442936761,796,OFF,OFF,ON
20.009179511269416,77.98852197819949,714,OFF,OFF,OFF
27.719541992009244,49.00982415329102,998,ON,OFF,ON
22.651241235725298,66.48982237497374,370,OFF,OFF,OFF
15.05473667960559,51.3970439433883,619,OFF,ON,OFF
26.597278396971436,63.370737070332616,952,ON,OFF,OFF
18.82537359131029,75.64966904958226,936,OFF,OFF,OFF
31.268475476255446,38.98985457700299,100,ON,OFF,ON
27.384661678851195,48.45559757974203,553,ON,OFF,ON
19.906536630482652,63.41904190888446,936,OFF,OFF,OFF
28.368618471511446,90.0,998,ON,OFF,OFF
22.42888626612039,45.284529123757025,735,OFF,OFF,ON
26.271908150810297,90.0,459,ON,OFF,OFF
24.46995078137906,90.0,295,OFF,OFF,OFF
17.952830649354127,58.53530820543591,998,OFF,ON,OFF
18.945789015021045,55.06046920211253,742,OFF,OFF,OFF
27.139430520491842,48.24522451068425,336,ON,OFF,ON
20.457573574571033,59.03892838399675,502,OFF,OFF,OFF
20.120365235970148,35.88069852759578,634,OFF,OFF,ON
17.420304016040784,58.89988582682411,694,OFF,ON,OFF
24.170635061247303,86.11706782570471,323,OFF,OFF,OFF
32.19494664818981,49.64629505714035,396,ON,OFF,ON
16.86993405826572,56.05405842611912,129,OFF,ON,OFF
22.215240669051713,30.786799341799913,821,OFF,OFF,ON
29.011004659550338,66.69072992247297,466,ON,OFF,OFF
21.70672968087859,64.79483442771311,674,OFF,OFF,OFF
24.31150864346517,61.321068982296936,920,OFF,OFF,OFF
16.895096902209815,56.46751461389685,611,OFF,ON,OFF
24.193685959217635,55.15380351756419,525,OFF,OFF,OFF
21.180387043954752,68.90251010589247,604,OFF,OFF,OFF
26.92287289166915,59.72036048951964,570,ON,OFF,OFF
27.910197011433823,65.66838585236957,875,ON,OFF,OFF
34.775370235087806,63.93843422147297,634,ON,OFF,OFF
24.934590486653597,79.65580454733636,414,OFF,OFF,OFF
23.69178500809907,71.93188084799563,824,OFF,OFF,OFF
23.048381310293887,63.555710173135914,871,OFF,OFF,OFF
20.367529965371347,86.48977059448242,210,OFF,OFF,OFF
23.75390415078164,67.49016650636601,948,OFF,OFF,OFF
20.650351434267183,82.79662298042801,648,OFF,OFF,OFF
22.9214586437342,70.71989130861968,627,OFF,OFF,OFF
28.54772281397951,30.1,813,ON,OFF,ON
17.168547667221222,82.79440968938997,408,OFF,ON,OFF
27.677596552346014,62.557667919174925,799,ON,OFF,OFF
28.545360610890594,59.320037533197066,457,ON,OFF,OFF
21.51858736197632,65.0866514733703,175,OFF,OFF,OFF
11.707889601042417,54.25023316745241,298,OFF,ON,OFF
19.120715392417083,64.1468477504099,700,OFF,OFF,OFF
28.446848937735425,49.978637776932025,311,ON,OFF,ON
21.98469642371987,82.2656352637639,968,OFF,OFF,OFF
17.2039969145031,58.25369379472072,860,OFF,ON,OFF
19.625242038811322,53.59968836934578,897,OFF,OFF,OFF
26.21240291864303,44.216407477980624,586,ON,OFF,ON
24.773511398714806,64.86912848545883,620,OFF,OFF,OFF
20.92682968086317,63.45614500401624,247,OFF,OFF,OFF
20.300658726299993,66.93922186707977,810,OFF,OFF,OFF
20.17858116183423,42.4460221456946,652,OFF,OFF,ON
17.580466508110682,32.51623576014504,700,OFF,ON,ON
30.005668385493927,71.04254001349025,988,ON,OFF,OFF
20.51855357584515,85.90532604111627,398,OFF,OFF,OFF
28.055965393529252,42.46156339883525,522,ON,OFF,ON
29.545144904366847,87.7185038143411,638,ON,OFF,OFF
26.984469992736376,65.13098999162906,314,ON,OFF,OFF
19.983412831833583,60.09673012324604,506,OFF,OFF,OFF
24.07335497501327,53.34077529620349,681,OFF,OFF,OFF
21.978196662052092,36.26481428112247,470,OFF,OFF,ON
17.67206395216377,77.30802445671166,891,OFF,ON,OFF
23.684749170903153,46.799844592995214,166,OFF,OFF,ON
16.323987502853054,46.727173232725775,843,OFF,ON,ON
27.911633212256895,77.38065221158595,724,ON,OFF,OFF
19.821856965768873,30.1,408,OFF,OFF,ON
23.081553984858743,33.858537775662526,316,OFF,OFF,ON
23.483660273666523,59.90518034754757,100,OFF,OFF,OFF
20.829040895486514,65.2931625146994,350,OFF,OFF,OFF
24.969159885290686,68.60552126747422,823,OFF,OFF,OFF
19.77149413078871,54.99738882842314,540,OFF,OFF,OFF
26.362601281926686,90.0,853,ON,OFF,OFF
15.506636502293627,56.276065712574486,395,OFF,ON,OFF
22.715424771873092,56.22600246757913,736,OFF,OFF,OFF
31.589811173494816,46.4299351269313,370,ON,OFF,ON
17.1989583965408,62.36269097870162,306,OFF,ON,OFF
18.77836689331638,70.85862480503238,527,OFF,OFF,OFF
24.612794064819898,81.0425258449166,383,OFF,OFF,OFF
22.975906994521434,34.452210511070675,157,OFF,OFF,ON
23.813373187182584,55.96286209887007,507,OFF,OFF,OFF
24.491759452076465,67.947530696897,581,OFF,OFF,OFF
25.204307170714102,70.37585149199663,880,ON,OFF,OFF
27.529839138306635,60.3322293457108,795,ON,OFF,OFF
24.10316508225057,69.6036278784533,868,OFF,OFF,OFF
20.915443576060007,46.222712260664856,739,OFF,OFF,ON
25.389634718202675,87.17288911900513,640,ON,OFF,OFF
31.398633635656807,77.39279422168693,238,ON,OFF,OFF
21.447274887120145,36.94978112728765,593,OFF,OFF,ON
17.32528714232838,41.61812959200627,708,OFF,ON,ON
27.51701546019376,42.1057057861343,929,ON,OFF,ON
21.507264507111707,71.94876483600018,731,OFF,OFF,OFF
11.459097039838905,37.991326372775575,873,OFF,ON,ON
26.245704342234852,54.49174057090703,289,ON,OFF,OFF
19.475650819897155,68.08595556984783,470,OFF,OFF,OFF
21.653402114271856,59.074164362910224,665,OFF,OFF,OFF
23.72206243338831,64.69804741152441,853,OFF,OFF,OFF
23.02936189240056,41.779038532533576,517,OFF,OFF,ON
25.57019291267703,70.51074779763613,533,ON,OFF,OFF
19.96448430450157,49.6094978991016,731,OFF,OFF,ON
24.60886715684375,54.602550216858084,265,OFF,OFF,OFF
20.82589906215286,64.33202245060971,967,OFF,OFF,OFF
25.713935270007795,62.00232691488818,328,ON,OFF,OFF
25.10954852002717,60.63381647469209,100,ON,OFF,OFF
17.516677847950746,47.23202584941336,557,OFF,ON,ON
27.413715262795048,55.03630112187182,991,ON,OFF,OFF
19.47254054042481,60.25670753197513,705,OFF,OFF,OFF
26.052975654348003,36.42801478459283,747,ON,OFF,ON
23.89492823498056,52.21645579465313,565,OFF,OFF,OFF
31.09655404720914,66.92633690757394,515,ON,OFF,OFF
21.002553021214148,38.11747376656995,157,OFF,OFF,ON
20.38637740794763,80.22942180425801,100,OFF,OFF,OFF
22.00158034111945,82.18502806096807,605,OFF,OFF,OFF
20.61226790168575,38.67606757563806,892,OFF,OFF,ON
26.01323957910872,83.70766236788253,643,ON,OFF,OFF
14.183074734961648,57.73476438172939,714,OFF,ON,OFF
16.937747186072492,67.45982035382478,961,OFF,ON,OFF
16.868612080885786,51.62616480001077,639,OFF,ON,OFF
26.749441980279997,76.18890543151875,523,ON,OFF,OFF
30.471959671589175,67.24492749223761,344,ON,OFF,OFF
21.585268581500106,46.13292895160082,998,OFF,OFF,ON
21.27009566881855,40.05929067614517,690,OFF,OFF,ON
22.439641252233574,34.953637024156706,311,OFF,OFF,ON
27.78530903980707,63.47058608111914,253,ON,OFF,OFF
17.556265432510198,70.12349099935223,876,OFF,ON,OFF
23.263733814419517,71.4815525035175,287,OFF,OFF,OFF
26.87130558890162,58.17768902909772,998,ON,OFF,OFF
24.550057267781686,40.20125816322101,100,OFF,OFF,ON
23.024866981908417,48.41807252927467,920,OFF,OFF,ON
26.997861722582787,80.15618471673145,679,ON,OFF,OFF
8.861419549577407,51.83417078720433,585,OFF,ON,OFF
25.415591864028155,62.70025557595136,509,ON,OFF,OFF
18.894253610640966,41.60865818663973,998,OFF,OFF,ON
13.133735731322263,66.04228963490377,736,OFF,ON,OFF
24.59954894458034,52.30034003158072,322,OFF,OFF,OFF
28.822201984312997,78.328534253383,112,ON,OFF,OFF
21.42370139809884,73.60256744550443,600,OFF,OFF,OFF
26.762009997645926,51.642516458780676,554,ON,OFF,OFF
29.990503114126852,58.02746204885364,163,ON,OFF,OFF
28.534586230573222,50.68384024755382,540,ON,OFF,OFF
30.12605730516062,35.660732482919556,407,ON,OFF,ON
25.730175616206086,45.383965217341824,556,ON,OFF,ON
22.46598938654828,63.64836760799737,741,OFF,OFF,OFF
14.25330800196837,65.84637630045637,938,OFF,ON,OFF
20.89191872828666,62.789016531532205,788,OFF,OFF,OFF
17.968057749364817,54.99852102297032,369,OFF,ON,OFF
32.72576882835641,76.36229633121754,649,ON,OFF,OFF
21.235509324944502,61.31829288099481,570,OFF,OFF,OFF
22.699880831430207,72.38621121841523,212,OFF,OFF,OFF
24.796776628570818,30.1,657,OFF,OFF,ON
22.310141331269286,30.1,998,OFF,OFF,ON
30.395765253200807,65.12886138360213,562,ON,OFF,OFF
19.04811938457274,35.56847345444791,144,OFF,OFF,ON
23.049473888396108,56.54321429549856,562,OFF,OFF,OFF
18.46146512338599,54.99222353346947,242,OFF,OFF,OFF
15.633724870395252,87.68319715294011,776,OFF,ON,OFF
19.101390057610896,67.13943273401973,689,OFF,OFF,OFF
21.91532516926697,63.08852337347857,510,OFF,OFF,OFF
19.994762376395176,74.7000555510408,469,OFF,OFF,OFF
18.706511981999288,66.59445620359644,500,OFF,OFF,OFF
15.211217906272243,52.30047098060152,556,OFF,ON,OFF
21.689768772763795,78.75697281717378,356,OFF,OFF,OFF
14.729429415337425,41.01868625597742,197,OFF,ON,ON
25.817954846878486,65.81156048784811,847,ON,OFF,OFF
22.50029187917693,33.44378865867675,455,OFF,OFF,ON
14.960371984142903,63.74744464845577,597,OFF,ON,OFF
20.58274799672636,63.55792126951863,627,OFF,OFF,OFF
18.41404257732045,89.22396314817274,637,OFF,OFF,OFF
23.659364117427412,33.14267319910421,252,OFF,OFF,ON
28.65961248454122,49.82273287579609,123,ON,OFF,ON
12.915666433547342,74.45249437881799,403,OFF,ON,OFF
22.65983712914897,66.02038969924183,656,OFF,OFF,OFF
21.312637350891016,63.338459968395576,367,OFF,OFF,OFF
25.38359479310692,43.67643241955828,463,ON,OFF,ON
23.14048796079419,49.99693779417841,998,OFF,OFF,ON
18.41495850580677,81.75989341082192,100,OFF,OFF,OFF
20.5345467843931,59.32774664614763,360,OFF,OFF,OFF
18.199254248186083,66.7131803708674,998,OFF,OFF,OFF
27.3648769776659,58.2260078160622,543,ON,OFF,OFF
22.201003809353885,39.749880644109446,373,OFF,OFF,ON
31.40504138415209,76.3751654722059,855,ON,OFF,OFF
21.799660100560494,68.9255581937541,568,OFF,OFF,OFF
18.62824429474633,90.0,465,OFF,OFF,OFF
14.68539398361939,42.647938388207294,604,OFF,ON,ON
13.268344730341818,74.45059978143966,385,OFF,ON,OFF
14.340604460940298,37.52736830573053,292,OFF,ON,ON
23.40453365002665,62.94124582715415,525,OFF,OFF,OFF
24.587418533599514,77.11386929792624,294,OFF,OFF,OFF
14.35502459545475,30.1,557,OFF,ON,ON
26.478839191235622,56.67330755094785,645,ON,OFF,OFF
19.73155487450033,50.47460574823656,773,OFF,OFF,OFF
22.81537056385988,48.07407723818975,844,OFF,OFF,ON
29.990220954360435,66.88365040534647,450,ON,OFF,OFF
26.487657039520055,79.60837133577704,683,ON,OFF,OFF
20.7819128275161,57.913018621106794,681,OFF,OFF,OFF
17.73331212356931,63.77413328540141,638,OFF,ON,OFF
11.561200594100875,62.19663094654557,431,OFF,ON,OFF
18.575628318126657,60.250131534501776,290,OFF,OFF,OFF
21.062949804652828,41.37176461270619,683,OFF,OFF,ON
17.263350644956052,79.39658296324296,115,OFF,ON,OFF
21.45401570824208,65.32622445668603,485,OFF,OFF,OFF
22.47293322247335,67.05093493236984,100,OFF,OFF,OFF
20.99574747320408,46.26517448690568,210,OFF,OFF,ON
18.914195844110356,52.27376789772617,329,OFF,OFF,OFF
22.922406993303053,57.171558343492634,836,OFF,OFF,OFF
24.26043691805085,33.67640785955844,731,OFF,OFF,ON
16.757979501069382,31.013554201735005,412,OFF,ON,ON
29.004697648818258,49.825142014370044,742,ON,OFF,ON
21.613964926871052,69.25927439941741,782,OFF,OFF,OFF
22.18894953519299,48.918730494049534,513,OFF,OFF,ON
25.564134533619367,42.5921617919242,198,ON,OFF,ON
23.238505042980748,46.1237177389931,501,OFF,OFF,ON
26.76329319506551,52.34086233087349,529,ON,OFF,OFF
23.502443073122432,54.09666929672065,237,OFF,OFF,OFF
19.09811808718746,90.0,648,OFF,OFF,OFF
23.866610347061393,78.46535232887409,626,OFF,OFF,OFF
16.496885623500706,77.9489655118291,669,OFF,ON,OFF
22.628177249813966,80.43701645303845,626,OFF,OFF,OFF
21.93396359678854,42.93791885074328,742,OFF,OFF,ON
21.07770356088595,39.07029683104025,508,OFF,OFF,ON
21.46733037983686,41.0685114857738,606,OFF,OFF,ON
12.882977386114138,83.30776623042411,452,OFF,ON,OFF
19.41005940243102,50.7517387864734,404,OFF,OFF,OFF
22.551236313992106,38.56870183645839,898,OFF,OFF,ON
22.87932991343039,52.76208631818802,100,OFF,OFF,OFF
17.065080892782916,56.090716174155645,780,OFF,ON,OFF
28.293666733380128,64.8628564569188,395,ON,OFF,OFF
17.855799196001623,64.56073485673056,361,OFF,ON,OFF
26.843199989805782,45.89023675576727,621,ON,OFF,ON
24.188237918337876,72.08175076863037,171,OFF,OFF,OFF
18.93267987168149,49.15997886824546,344,OFF,OFF,ON
30.78872388544773,57.51512734053869,336,ON,OFF,OFF
16.25251922884044,72.10108817389327,497,OFF,ON,OFF
26.596912361328037,49.11451300831614,347,ON,OFF,ON
26.995591045553876,50.36834585879998,966,ON,OFF,OFF
18.813250293145444,70.45561990450756,998,OFF,OFF,OFF
28.914281355037303,45.37893488325828,100,ON,OFF,ON
20.87241261720377,53.56148372632903,694,OFF,OFF,OFF
23.510127294320483,69.83405166574747,775,OFF,OFF,OFF
23.371216747016724,90.0,694,OFF,OFF,OFF
21.439073977687556,70.69327994704048,385,OFF,OFF,OFF
26.066442198541623,68.3962627022948,491,ON,OFF,OFF
25.981644288764258,69.40254421431477,362,ON,OFF,OFF
13.535708396053703,41.6512232802763,446,OFF,ON,ON
28.48281405228881,62.218914913976505,243,ON,OFF,OFF
13.956967020208893,59.70392610934408,525,OFF,ON,OFF
27.152088780103025,65.78279434746095,168,ON,OFF,OFF
27.61309841716404,62.234681927693785,503,ON,OFF,OFF
16.75520169668309,66.78826816670848,233,OFF,ON,OFF
20.085280787126308,54.83010665854864,607,OFF,OFF,OFF
16.683042107606113,61.232945246598234,379,OFF,ON,OFF
21.044389787567997,38.97576277279492,629,OFF,OFF,ON
20.5884998762094,54.68408131946049,832,OFF,OFF,OFF
25.913940376950563,84.2823099346416,963,ON,OFF,OFF
28.512036319794362,65.73476215984965,100,ON,OFF,OFF
28.930039440035987,59.85696488384131,340,ON,OFF,OFF
19.34424082130918,90.0,476,OFF,OFF,OFF
21.07229331217934,36.6745642881144,672,OFF,OFF,ON
13.854412735295952,41.02378277460271,130,OFF,ON,ON
18.15105621303671,89.85125084748847,302,OFF,OFF,OFF
26.820650764650225,61.01411733474525,588,ON,OFF,OFF
30.006682530450384,56.021899736310644,576,ON,OFF,OFF
16.05318983601702,39.471002504579474,651,OFF,ON,ON
19.195908052289987,67.96470503828002,668,OFF,OFF,OFF
21.967375588742225,69.63885181920352,641,OFF,OFF,OFF
23.46835163898686,41.28263253821716,604,OFF,OFF,ON
18.132776927543414,57.79196289823479,568,OFF,OFF,OFF
24.172896946613413,54.41403132505628,725,OFF,OFF,OFF
19.77670507516917,64.64769391881632,100,OFF,OFF,OFF
22.025900809177124,40.85432088187936,951,OFF,OFF,ON
24.771311491220235,81.8793846704439,100,OFF,OFF,OFF
22.12810422390243,76.06397115970987,277,OFF,OFF,OFF
19.96008018310989,53.93547905006269,496,OFF,OFF,OFF
21.560001944187015,56.47457944719593,727,OFF,OFF,OFF
21.664028189118703,57.85863276219847,100,OFF,OFF,OFF
20.28505679029735,46.753092868482426,547,OFF,OFF,ON
20.829574132602765,52.54697411439572,758,OFF,OFF,OFF
29.92376422353193,55.54286986133995,810,ON,OFF,OFF
24.842966596406658,88.12382545658349,375,OFF,OFF,OFF
20.64996509494886,76.59675989566946,477,OFF,OFF,OFF
25.509004584518813,76.38977272855632,396,ON,OFF,OFF
20.46225345489117,66.61916306992225,453,OFF,OFF,OFF
27.840371992092102,40.88759552974486,289,ON,OFF,ON
23.90645790923187,59.501073715448335,325,OFF,OFF,OFF
21.57130043106267,77.00974717225729,666,OFF,OFF,OFF
24.288718026842783,38.44917595951588,588,OFF,OFF,ON
14.405525454052455,71.23219641645811,681,OFF,ON,OFF
16.57991695821736,90.0,609,OFF,ON,OFF
16.251108302825497,78.58985357879804,735,OFF,ON,OFF
22.796521062338375,84.6836263045958,780,OFF,OFF,OFF
30.5791917822674,63.996496594372786,106,ON,OFF,OFF
33.02128360918396,76.96551592963428,334,ON,OFF,OFF
25.22060931863106,47.79905547547765,495,ON,OFF,ON
24.548834741185846,73.98849453555657,548,OFF,OFF,OFF
13.278538084790952,71.54076580590184,382,OFF,ON,OFF
19.43968610945123,65.23480044712711,789,OFF,OFF,OFF
18.239608250573973,82.9877123997017,998,OFF,OFF,OFF
19.056940962171304,50.897190894054944,602,OFF,OFF,OFF
21.27341474378854,56.98256952588058,576,OFF,OFF,OFF
19.78526718938424,61.87055625829784,773,OFF,OFF,OFF
12.405850675331722,42.40520667313379,100,OFF,ON,ON
25.75848849470329,64.14517095676298,561,ON,OFF,OFF
16.844424937234084,30.4790083168601,806,OFF,ON,ON
23.26803199159735,78.33271809166254,389,OFF,OFF,OFF
32.251534315718764,61.0258205365272,239,ON,OFF,OFF
17.59528005212044,51.20674658076511,506,OFF,ON,OFF
9.708170926859752,45.783088285231756,538,OFF,ON,ON
20.696360816853222,56.16038033819298,320,OFF,OFF,OFF
27.487046388527023,72.1267918454551,998,ON,OFF,OFF
31.684885477443622,69.69558503242283,431,ON,OFF,OFF
16.07668748076081,48.01212696169096,257,OFF,ON,ON
24.52853925848496,45.58124899112235,530,OFF,OFF,ON
19.818463201708163,71.58420224614822,788,OFF,OFF,OFF
21.577928693319045,47.721299646687335,559,OFF,OFF,ON
35.04357603620397,61.25545190198472,679,ON,OFF,OFF
14.73799777823325,62.36005815397595,330,OFF,ON,OFF
23.338989882530637,65.61804325029948,937,OFF,OFF,OFF
24.386523318964212,75.06821702401362,699,OFF,OFF,OFF
27.412756653302353,38.36788861466364,824,ON,OFF,ON
22.57639360687066,30.1,648,OFF,OFF,ON
23.60490026934795,50.40129020654169,766,OFF,OFF,OFF
20.179117682188352,90.0,330,OFF,OFF,OFF
23.4143272304154,90.0,428,OFF,OFF,OFF
20.416363548975553,90.0,900,OFF,OFF,OFF
25.139925785469163,56.88007854536934,955,ON,OFF,OFF
20.287018619262266,30.1,259,OFF,OFF,ON
23.942973859125903,30.1,618,OFF,OFF,ON
21.953387211330064,49.5952022790063,443,OFF,OFF,ON
27.609892042848266,56.79197522542639,375,ON,OFF,OFF
21.845032512810395,82.72158178659559,627,OFF,OFF,OFF
13.41575202022049,75.23318647733343,848,OFF,ON,OFF
28.275128510265407,64.1533568627435,670,ON,OFF,OFF
17.6621227554675,44.823359020559636,472,OFF,ON,ON
18.89576818586015,43.59608717478606,687,OFF,OFF,ON
19.18025511469104,64.61569566417761,462,OFF,OFF,OFF
28.826018713482362,72.27889317962081,660,ON,OFF,OFF
11.640229133675179,66.99902676154107,913,OFF,ON,OFF
37.45932714991049,42.318924739613436,100,ON,OFF,ON
27.26719857441487,71.47639581845482,759,ON,OFF,OFF
23.189655792797613,67.58778864096568,158,OFF,OFF,OFF
21.827894877542064,41.69488975346205,870,OFF,OFF,ON
23.494755785675476,46.64906957116756,390,OFF,OFF,ON
24.64811721717135,72.13087954216392,241,OFF,OFF,OFF
25.255687205732798,56.16161729339565,733,ON,OFF,OFF
24.81694402128355,87.71341751248937,648,OFF,OFF,OFF
22.535254433302292,68.88917145165767,297,OFF,OFF,OFF
21.13047564721096,51.79952257520409,232,OFF,OFF,OFF
21.35601422724016,60.04235705368467,506,OFF,OFF,OFF
21.14237380608894,61.31555040120484,244,OFF,OFF,OFF
27.64768902453035,47.61674880631686,281,ON,OFF,ON
25.002761292467166,44.42986565877348,584,ON,OFF,ON
7.700283201583433,72.3539625269187,306,OFF,ON,OFF
25.308002750323467,74.84334829338763,664,ON,OFF,OFF
23.050104207157055,70.6651991492629,937,OFF,OFF,OFF
22.005060716634905,86.43606811912883,516,OFF,OFF,OFF
20.19444297140388,50.84548739186221,588,OFF,OFF,OFF
27.600405737715683,89.1861734801366,998,ON,OFF,OFF
26.735825346900143,44.631722588053805,249,ON,OFF,ON
18.31258962613155,42.69804009328857,860,OFF,OFF,ON
24.0896207152358,30.1,829,OFF,OFF,ON
17.3393514745994,52.50604078449935,774,OFF,ON,OFF
15.341939801294053,51.503821603433906,886,OFF,ON,OFF
19.028202803860502,69.31838490600889,626,OFF,OFF,OFF
26.319007444808186,64.4385855330011,404,ON,OFF,OFF
26.76323645666408,39.57880679639554,836,ON,OFF,ON
24.60876738414605,53.42421062184571,845,OFF,OFF,OFF
25.646787035054086,53.792111566550744,838,ON,OFF,OFF
24.623910307537887,30.1,566,OFF,OFF,ON
18.95591526865544,43.247166717288465,370,OFF,OFF,ON
24.211387478130856,46.88276559449032,603,OFF,OFF,ON
26.015529099980498,85.0226627345082,796,ON,OFF,OFF
25.7897307400326,63.531295682863885,818,ON,OFF,OFF
27.917674891426145,71.67538150142467,444,ON,OFF,OFF
25.564572360377944,34.29042099899556,635,ON,OFF,ON
23.81737871045861,80.88052285402128,218,OFF,OFF,OFF
27.33620112714275,82.7298287107872,807,ON,OFF,OFF
21.966810080325253,30.1,353,OFF,OFF,ON
17.778931709317508,48.015954437812084,756,OFF,ON,ON
21.298271428690107,68.79637182553036,259,OFF,OFF,OFF
18.449557568178285,71.3677572322729,819,OFF,OFF,OFF
18.790933639273756,48.4800127459243,637,OFF,OFF,ON
21.389085350465752,54.933356834598456,353,OFF,OFF,OFF
18.21690919724042,49.883393605972174,732,OFF,OFF,ON
20.588856088267924,62.12931624448866,402,OFF,OFF,OFF
12.8253719658519,80.93180507178653,747,OFF,ON,OFF
23.140963267976694,46.87881176332509,484,OFF,OFF,ON
22.10256238255049,77.53453420366404,112,OFF,OFF,OFF
18.0961292268747,46.69489924098211,301,OFF,OFF,ON
25.324379607636253,45.55378231278821,443,ON,OFF,ON
26.687078388737817,74.38176953218866,906,ON,OFF,OFF
14.225919075271342,76.16972769699899,786,OFF,ON,OFF
18.362298981028623,74.94952081385277,972,OFF,OFF,OFF
18.330878040908182,37.4537777582015,979,OFF,OFF,ON
17.49481979436011,52.15731937147647,417,OFF,ON,OFF
26.157835206804805,74.45779147246782,506,ON,OFF,OFF
21.147672057500856,60.93766075147039,448,OFF,OFF,OFF
20.801574536629538,41.642528073741204,381,OFF,OFF,ON
12.285590453384115,68.14847495417837,100,OFF,ON,OFF
25.207717592049676,47.8517547983635,550,ON,OFF,ON
16.029152420294217,90.0,223,OFF,ON,OFF
22.390095212980718,86.9468640181788,545,OFF,OFF,OFF
23.45471987177231,70.67066564747995,998,OFF,OFF,OFF
28.75855319644355,83.76626348475517,423,ON,OFF,OFF
15.688571303951033,61.33991005107312,604,OFF,ON,OFF
7.312888136576504,73.46207633047214,787,OFF,ON,OFF
22.996802301361107,85.78557317925072,626,OFF,OFF,OFF
30.912106508142365,64.46640170508957,629,ON,OFF,OFF
28.16264035585102,55.803830423787,461,ON,OFF,OFF
23.123169484243352,30.726564760905127,494,OFF,OFF,ON
19.689570335327815,58.780601109515565,307,OFF,OFF,OFF
26.048396832572728,74.465310536559,772,ON,OFF,OFF
17.330100502587282,76.5797200696887,106,OFF,ON,OFF
24.42894587925827,68.94515517546853,804,OFF,OFF,OFF
24.57148245976252,50.853690700604304,193,OFF,OFF,OFF
27.287532475306143,30.1,802,ON,OFF,ON
35.608175749407984,51.651008831192,463,ON,OFF,OFF
24.017960126399835,54.95333290428795,237,OFF,OFF,OFF
19.60473380787914,54.8048159366668,703,OFF,OFF,OFF
21.97144640857971,70.92082553584088,793,OFF,OFF,OFF
13.435123669526345,90.0,441,OFF,ON,OFF
18.69528942698607,62.35615771226208,739,OFF,OFF,OFF
20.092780846024688,56.46916276466114,100,OFF,OFF,OFF
19.530681717748603,55.73402543674969,214,OFF,OFF,OFF
22.842601873885357,62.370960194350246,886,OFF,OFF,OFF
18.070026750785118,45.88827829713287,497,OFF,OFF,ON
27.58531576227323,62.29853289016518,100,ON,OFF,OFF
22.09767408545231,68.01861744216875,374,OFF,OFF,OFF
22.051125165666026,63.84679291037474,317,OFF,OFF,OFF
20.49126161683985,68.13504897134311,511,OFF,OFF,OFF
22.856486234570205,67.72337360232056,459,OFF,OFF,OFF
26.13640713574633,30.1,600,ON,OFF,ON
17.851121640605157,71.23768012472567,536,OFF,ON,OFF
18.87446950270492,48.60942530080739,904,OFF,OFF,ON
20.609593438020983,41.25936556438164,663,OFF,OFF,ON
15.507168984123775,41.11035431770656,672,OFF,ON,ON
18.08550851052033,67.71980953128585,854,OFF,OFF,OFF
19.765044931767736,56.368068236646316,454,OFF,OFF,OFF
26.377739388740487,31.118496617750424,230,ON,OFF,ON
23.38218146965324,68.48965661720845,864,OFF,OFF,OFF
23.044491912521078,35.31167767157547,589,OFF,OFF,ON
26.262724510709056,62.638034996409544,590,ON,OFF,OFF
21.424077055826952,64.34529605380854,391,OFF,OFF,OFF
24.00840730085815,75.54066060040672,395,OFF,OFF,OFF
21.591278350919904,90.0,772,OFF,OFF,OFF
23.39589548873623,36.608103557944546,807,OFF,OFF,ON
19.243427450884358,59.311056627925765,756,OFF,OFF,OFF
10.156017120659907,55.43793806566812,758,OFF,ON,OFF
21.439218800220416,67.72340953064379,700,OFF,OFF,OFF
29.062548533534066,63.950302183926546,588,ON,OFF,OFF
26.63148469942396,54.1193812052366,509,ON,OFF,OFF
26.82332329706284,52.59069875055033,865,ON,OFF,OFF
28.148854801442603,40.90275422503899,458,ON,OFF,ON
22.5307349096619,77.31032669448626,649,OFF,OFF,OFF
23.062733706835413,68.16380819867403,347,OFF,OFF,OFF
19.072587377830615,76.097612301756,385,OFF,OFF,OFF
20.549142387873342,54.848637479582074,493,OFF,OFF,OFF
25.11152489974726,48.85474851674866,347,ON,OFF,ON
27.990974422122495,41.56255714246073,759,ON,OFF,ON
21.41392020077847,66.42870864119494,207,OFF,OFF,OFF
19.89249776241216,42.22903933060689,580,OFF,OFF,ON
22.099245207747042,90.0,588,OFF,OFF,OFF
25.040216432574507,37.594867766612175,100,ON,OFF,ON
15.02743203723438,64.95363428297638,441,OFF,ON,OFF
10.854375347828714,87.3277241941033,620,OFF,ON,OFF
19.40118799122471,70.58402594546173,664,OFF,OFF,OFF
16.119954962166023,63.25833127569568,502,OFF,ON,OFF
19.608765377281543,43.46279557641648,728,OFF,OFF,ON
21.373116061434917,36.31237293109069,526,OFF,OFF,ON
19.87751994876205,73.54188106632427,558,OFF,OFF,OFF
29.208057076323087,86.27739942087747,619,ON,OFF,OFF
23.69642868518842,52.62620467205831,792,OFF,OFF,OFF
23.5678066888379,40.51155805459144,380,OFF,OFF,ON
25.14303604059441,30.1,429,ON,OFF,ON
16.520842579822723,43.25031355573227,382,OFF,ON,ON
27.18423439807312,58.25250468821663,469,ON,OFF,OFF
21.725712294509957,87.88601532776472,921,OFF,OFF,OFF
25.37938681232734,71.86509039546529,701,ON,OFF,OFF
16.848761848881193,65.4973360349439,263,OFF,ON,OFF
14.489333540265049,53.29629398060851,400,OFF,ON,OFF
26.101113223163793,50.129339098636514,650,ON,OFF,OFF
23.93959131529836,84.53861387742187,321,OFF,OFF,OFF
17.680143983678505,63.6919881487196,368,OFF,ON,OFF
17.83872052895849,30.1,900,OFF,ON,ON
27.606878670515375,48.56574266191211,396,ON,OFF,ON
16.273204866330907,45.37058080800003,800,OFF,ON,ON
30.139317964336215,50.767790683636115,877,ON,OFF,OFF
17.68714939100022,69.95807651684201,365,OFF,ON,OFF
25.22227802091634,58.3599803679194,325,ON,OFF,OFF
20.487718033943043,58.88904840203258,483,OFF,OFF,OFF
25.049914010239053,82.94386615593069,274,ON,OFF,OFF
19.432634763826893,48.16916939561058,585,OFF,OFF,ON
21.29961323786874,90.0,501,OFF,OFF,OFF
22.297003822734926,48.60436038724619,647,OFF,OFF,ON
17.189870630386842,61.76218291152502,913,OFF,ON,OFF
25.723795311246192,55.353709604656,764,ON,OFF,OFF
19.583925759216573,62.35425337477,680,OFF,OFF,OFF
20.977416876274276,67.91099676706641,100,OFF,OFF,OFF
17.228246500433386,67.72488973769691,668,OFF,ON,OFF
9.551270490978572,47.1889365379993,997,OFF,ON,ON
21.161373130247185,40.790920985219195,100,OFF,OFF,ON
33.90901764681885,90.0,731,ON,OFF,OFF
25.938145398480927,51.845316788120336,513,ON,OFF,OFF
22.002359925055067,72.3162894826018,336,OFF,OFF,OFF
20.809525829301595,32.40446671810536,760,OFF,OFF,ON
22.206655080646588,55.381233994072666,994,OFF,OFF,OFF
24.775399067423265,58.018199624163486,753,OFF,OFF,OFF
16.315306635325456,68.3992957595201,459,OFF,ON,OFF
27.552468097507358,30.1,311,ON,OFF,ON
25.59922420889167,63.09339521318256,591,ON,OFF,OFF
25.61295482504336,40.32677989865402,779,ON,OFF,ON
24.243472438849597,65.83056649622213,455,OFF,OFF,OFF
22.192704998450477,42.28897189428401,479,OFF,OFF,ON
25.391042511321558,45.417871372424095,998,ON,OFF,ON
24.994229440109407,55.48478482824617,831,OFF,OFF,OFF
20.363248744522057,42.01214461340226,850,OFF,OFF,ON
19.288260288167805,51.99151184991497,179,OFF,OFF,OFF
22.59535681773399,39.571844751804946,372,OFF,OFF,ON
29.680786383639543,30.1,573,ON,OFF,ON
16.02989329115408,77.83102076362059,297,OFF,ON,OFF
14.911539629580862,37.79545838226156,966,OFF,ON,ON
22.90334248774507,57.12749701717368,917,OFF,OFF,OFF
22.34581052268537,73.24500569588137,417,OFF,OFF,OFF
22.945354881622105,49.5795282228127,998,OFF,OFF,ON
23.291074576921147,45.94239469617074,553,OFF,OFF,ON
21.00384425323143,64.13316628455728,998,OFF,OFF,OFF
29.391150403063307,79.560759867404,591,ON,OFF,OFF
14.258506823014345,39.98812538941765,702,OFF,ON,ON
18.040272822115334,57.62115911346247,914,OFF,OFF,OFF
21.591116744957294,30.244328841121217,883,OFF,OFF,ON
14.051476912508258,53.41599651344214,685,OFF,ON,OFF
21.235663101016733,60.81071760607155,518,OFF,OFF,OFF
30.23135061456614,45.43271691951953,686,ON,OFF,ON
22.198922190271674,52.31232520027049,344,OFF,OFF,OFF
23.226190298272737,35.85461949365727,593,OFF,OFF,ON
15.926793165164433,61.55249699715323,269,OFF,ON,OFF
19.078905706956014,78.48392747563827,100,OFF,OFF,OFF
20.259668901309016,41.236792297549016,567,OFF,OFF,ON
20.541101846391616,49.44582873817498,879,OFF,OFF,ON
28.371690434795504,68.9136870374733,792,ON,OFF,OFF
24.827160155323483,81.18980694951271,533,OFF,OFF,OFF
16.65487354886482,34.38463902744387,998,OFF,ON,ON
23.303567318501972,57.298714370095645,408,OFF,OFF,OFF
24.53599366349062,65.11749080140306,100,OFF,OFF,OFF
27.678920831212913,58.45320886341314,100,ON,OFF,OFF
29.83511343525762,30.1,250,ON,OFF,ON
17.126678222154297,68.88849208141205,764,OFF,ON,OFF
18.126637286262287,86.50558962735465,391,OFF,OFF,OFF
15.939458864356308,62.23734113182475,673,OFF,ON,OFF
20.950880399671036,42.37933964276844,977,OFF,OFF,ON
24.379988044918708,51.34110340658194,271,OFF,OFF,OFF
26.9307287539065,90.0,677,ON,OFF,OFF
21.72479801475253,75.96256343000067,693,OFF,OFF,OFF
20.53066131631944,71.29229133347057,333,OFF,OFF,OFF
22.8396795028922,66.38536860531573,902,OFF,OFF,OFF
18.00773407944293,48.7803240184943,480,OFF,OFF,ON
32.32720837774717,56.74876407985987,455,ON,OFF,OFF
14.225423774390073,58.87075512501434,998,OFF,ON,OFF
23.001164875527795,69.7273389561942,689,OFF,OFF,OFF
32.00439759145752,86.32535293460766,792,ON,OFF,OFF
22.129952859963097,79.56775507087022,903,OFF,OFF,OFF
21.166214019362886,35.661577496747256,387,OFF,OFF,ON
20.346579003884912,64.09435714956714,876,OFF,OFF,OFF
21.2134482296277,72.96597311565996,425,OFF,OFF,OFF
28.818235814656205,70.92608470025871,414,ON,OFF,OFF
11.267208095979559,49.332296939831664,484,OFF,ON,ON
29.6044738813677,90.0,394,ON,OFF,OFF
15.124852584290986,38.12356458118113,766,OFF,ON,ON
20.79110922541626,41.47824079585162,623,OFF,OFF,ON
19.995045390455903,64.26045263055994,428,OFF,OFF,OFF
24.978263990247882,90.0,728,OFF,OFF,OFF
14.272116096323478,45.751578292619854,483,OFF,ON,ON
24.359494483203786,55.619722760102015,470,OFF,OFF,OFF
32.00784151377653,78.85762797056302,567,ON,OFF,OFF
15.422451720064156,59.90988786435282,673,OFF,ON,OFF
23.02547679358705,54.42980982183722,654,OFF,OFF,OFF
18.85554278266497,70.00517513519374,461,OFF,OFF,OFF
24.1818379799668,64.93387384105155,772,OFF,OFF,OFF
22.190409323242733,78.04697234864958,497,OFF,OFF,OFF
18.955889251762606,82.56316121752522,386,OFF,OFF,OFF
24.48532186482108,65.530514175703,177,OFF,OFF,OFF
30.93089241474938,65.2663158538969,807,ON,OFF,OFF
21.161980101520108,63.92335024368124,557,OFF,OFF,OFF
25.620652522026152,68.68157668633239,608,ON,OFF,OFF
15.764692815290548,61.17345816291129,823,OFF,ON,OFF
17.413871558936545,60.20840072920561,431,OFF,ON,OFF
24.40959906209464,80.92226489026045,201,OFF,OFF,OFF
29.363010625363323,86.44987613285352,572,ON,OFF,OFF
23.83777157391346,34.136136582991455,633,OFF,OFF,ON
20.563903213794568,60.392308387381284,487,OFF,OFF,OFF
22.093190943595832,48.30354350210997,933,OFF,OFF,ON
15.97456436748023,54.83868345912433,100,OFF,ON,OFF
25.056415491316944,67.18302634949423,842,ON,OFF,OFF
26.416633266161444,71.8011561367336,758,ON,OFF,OFF
19.883189982076097,58.27898274699517,672,OFF,OFF,OFF
19.795296465600078,30.1,100,OFF,OFF,ON
23.39842127956304,43.52227897292012,884,OFF,OFF,ON
19.958445648868768,75.72963678352974,290,OFF,OFF,OFF
21.77286972773613,30.1,424,OFF,OFF,ON
32.37706548758661,80.76309245113558,510,ON,OFF,OFF
20.887202762559212,69.23694215798666,659,OFF,OFF,OFF
20.342198338367083,82.99063048687175,719,OFF,OFF,OFF
18.92624399553366,56.78340139518323,784,OFF,OFF,OFF
25.740283476902093,30.1,764,ON,OFF,ON
21.209372285118626,67.66480888549704,619,OFF,OFF,OFF
18.91727813436912,82.27222477058226,661,OFF,OFF,OFF
28.56587011702566,76.21791952059154,274,ON,OFF,OFF
29.047149718649166,48.753431203230114,361,ON,OFF,ON
19.156938652961564,61.720017279037336,784,OFF,OFF,OFF
12.957931931004467,51.000109527022396,769,OFF,ON,OFF
27.02952759422427,46.04446325010936,740,ON,OFF,ON
18.744658093424775,76.74849780994599,422,OFF,OFF,OFF
25.967626218276823,39.49993070155998,788,ON,OFF,ON
12.450874988251348,44.754643708326824,255,OFF,ON,ON
26.466887979308826,41.117728081504076,831,ON,OFF,ON
16.166665993973787,34.43554477451788,487,OFF,ON,ON
25.67453964131048,62.75210203964239,987,ON,OFF,OFF
22.16654235667241,80.31456891009668,163,OFF,OFF,OFF
17.426096861456323,57.020299752930306,998,OFF,ON,OFF
20.10377805393266,34.16736812083021,461,OFF,OFF,ON
25.456930137706046,74.75115327799512,457,ON,OFF,OFF
22.615127960387916,89.38394569079152,604,OFF,OFF,OFF
24.95799280390035,49.03802485486043,375,OFF,OFF,ON
31.773470885225215,51.93926470596021,535,ON,OFF,OFF
14.438008692355002,69.14058436690189,364,OFF,ON,OFF
30.01466192328098,88.27963117854871,374,ON,OFF,OFF
22.607595265443692,51.225064590212824,679,OFF,OFF,OFF
17.696141953613335,37.165668227530944,322,OFF,ON,ON
15.583338753605574,71.14336058574304,357,OFF,ON,OFF
21.17071177469343,74.04393276575571,201,OFF,OFF,OFF
26.60913267421919,60.325011069915966,425,ON,OFF,OFF
21.47216962123923,50.56243591345622,891,OFF,OFF,OFF
29.49539524289662,77.42308255487256,337,ON,OFF,OFF
14.991588455124749,69.35469579570248,366,OFF,ON,OFF
22.03747182707823,46.92391031507101,604,OFF,OFF,ON
15.964842170906287,61.068336411663665,459,OFF,ON,OFF
23.877030954594876,36.83248197934408,998,OFF,OFF,ON
26.43893161788089,72.08580040457363,512,ON,OFF,OFF
20.03657700636385,55.68191780450773,640,OFF,OFF,OFF
9.346221704923373,52.680516533613726,797,OFF,ON,OFF
23.070726260183815,59.65015338182836,792,OFF,OFF,OFF
24.234967032486434,60.916308367860964,614,OFF,OFF,OFF
24.07611961801633,75.70248034083984,513,OFF,OFF,OFF
28.147148370865963,70.44562802238183,998,ON,OFF,OFF
16.85269611031994,57.51282725495829,528,OFF,ON,OFF
25.427052538429564,73.43146417296322,441,ON,OFF,OFF
27.935272092198787,67.15224790142526,388,ON,OFF,OFF
13.388553730573307,52.838153073854194,110,OFF,ON,OFF
23.661701092152118,58.0611283283546,765,OFF,OFF,OFF
19.62815564795439,57.65446334474801,100,OFF,OFF,OFF
21.69751877499091,68.96066203929806,553,OFF,OFF,OFF
23.798912049166642,53.86891955670744,501,OFF,OFF,OFF
19.711150401529686,53.46429888880211,998,OFF,OFF,OFF
18.788339675752507,90.0,100,OFF,OFF,OFF
22.26387323676983,76.47767729027734,322,OFF,OFF,OFF
16.773417518833718,47.0594643109024,519,OFF,ON,ON
16.780373917709756,70.0970126127147,503,OFF,ON,OFF
25.42292601233392,62.26655135312571,413,ON,OFF,OFF
16.472073134546136,66.99331579123513,533,OFF,ON,OFF
25.35897938260493,62.59512691191531,230,ON,OFF,OFF
24.36154411324028,80.80142361800797,646,OFF,OFF,OFF
13.646973003864222,66.19864765446313,100,OFF,ON,OFF
18.779249745540405,59.14470630078314,547,OFF,OFF,OFF
27.943115076082655,78.25029491018584,400,ON,OFF,OFF
17.29279564868911,64.255088498366,815,OFF,ON,OFF
19.82290000205199,62.32067905121311,998,OFF,OFF,OFF
24.358947234520603,65.6519621589041,469,OFF,OFF,OFF
25.93220264165268,58.59936022871941,912,ON,OFF,OFF
20.86510584767797,60.37856832124472,473,OFF,OFF,OFF
19.171202749777144,50.06828464550876,306,OFF,OFF,OFF
29.060696471919627,47.222676208101305,998,ON,OFF,ON
30.610451607540973,42.94225255728297,688,ON,OFF,ON
26.88922730181675,36.135654628783016,555,ON,OFF,ON
22.514384704189414,44.998577486588054,731,OFF,OFF,ON
18.139326894536165,57.20386290050542,625,OFF,OFF,OFF
18.030738285749873,62.00300791421701,536,OFF,OFF,OFF
24.654930978111242,55.5251152326143,213,OFF,OFF,OFF
24.145171311112726,30.1,485,OFF,OFF,ON
28.958998684828384,87.46149265102375,714,ON,OFF,OFF
25.28131576712079,79.01656650724372,523,ON,OFF,OFF
14.737459339875976,67.93120232515608,786,OFF,ON,OFF
27.24707964613374,90.0,653,ON,OFF,OFF
17.210075911432234,43.309150914003155,328,OFF,ON,ON
20.2167063326173,90.0,215,OFF,OFF,OFF
23.321660427599134,43.51936375150643,514,OFF,OFF,ON
31.867607345629043,64.34943108421946,419,ON,OFF,OFF
37.32306936151749,38.17974636362952,641,ON,OFF,ON
25.067224726948027,60.473156904523165,369,ON,OFF,OFF
21.199715034753485,66.90015328165335,396,OFF,OFF,OFF
24.71364252930772,57.54256747334074,825,OFF,OFF,OFF
26.44269198224827,72.57001475551684,592,ON,OFF,OFF
20.526646030092454,61.93201792819334,373,OFF,OFF,OFF
30.88615813966409,51.180416871438716,559,ON,OFF,OFF
23.223105050658223,50.41225866776599,909,OFF,OFF,OFF
24.533650108897024,74.24888007031225,630,OFF,OFF,OFF
25.35707848527217,48.90826937157193,707,ON,OFF,ON
24.160781921295747,76.05669053407334,361,OFF,OFF,OFF
26.204179825333018,81.37356649803874,818,ON,OFF,OFF
19.07453948831693,31.347825452926397,998,OFF,OFF,ON
19.363170400223524,79.82015237560563,351,OFF,OFF,OFF
16.710217482203028,90.0,250,OFF,ON,OFF
24.24849332847616,64.57894875167902,599,OFF,OFF,OFF
25.910395474456685,70.5839295079384,779,ON,OFF,OFF
24.337952712122217,78.16058272822127,531,OFF,OFF,OFF
30.29510867458751,55.452695820126216,283,ON,OFF,OFF
22.069261724972847,63.3726332326599,526,OFF,OFF,OFF
25.370872717515887,37.48142331107035,708,ON,OFF,ON
16.751605790909963,62.61750981477278,449,OFF,ON,OFF
20.20138928747391,68.83696824571224,710,OFF,OFF,OFF
25.50206856818243,69.14927647151319,854,ON,OFF,OFF
26.25393187902008,78.65227840917805,616,ON,OFF,OFF
20.65737467685764,46.81375809810308,547,OFF,OFF,ON
21.74610463620583,51.004080410099505,767,OFF,OFF,OFF
14.665029454639885,90.0,334,OFF,ON,OFF
20.34861685998471,57.61803548666936,309,OFF,OFF,OFF
26.456047203138702,63.67979492032717,486,ON,OFF,OFF
24.912909876573863,59.05956011843841,428,OFF,OFF,OFF
24.547959549495154,46.00269138100723,348,OFF,OFF,ON
22.340356218059455,88.30827302467051,998,OFF,OFF,OFF
22.131242066624637,51.088949791370176,998,OFF,OFF,OFF
18.863675358664807,40.71529918158501,463,OFF,OFF,ON
25.518179914687856,52.4204859434535,578,ON,OFF,OFF
24.157777362554214,30.1,506,OFF,OFF,ON
24.50562376830839,48.950736804214806,839,OFF,OFF,ON
19.521151769221962,43.46893842666815,890,OFF,OFF,ON
11.553721741590213,70.90131428495462,100,OFF,ON,OFF
27.46840738894298,48.5679124029874,677,ON,OFF,ON
19.752233935507434,75.57918831269183,218,OFF,OFF,OFF
17.872441382980774,84.41467341920695,998,OFF,ON,OFF
25.491988295800038,73.73436318755176,667,ON,OFF,OFF
20.177335154228118,56.49240721426359,342,OFF,OFF,OFF
27.286193282686558,62.66040811051043,492,ON,OFF,OFF
25.117570577997565,33.83453847973292,480,ON,OFF,ON
25.443470159754636,57.90435654397494,689,ON,OFF,OFF
15.408832262836041,45.33212952622692,822,OFF,ON,ON
28.030434612468426,72.23175379761065,259,ON,OFF,OFF
23.375763699322125,90.0,998,OFF,OFF,OFF
20.28864997733524,68.86654743417904,967,OFF,OFF,OFF
22.798701641975068,30.1,329,OFF,OFF,ON
13.400071029060012,53.969136621889646,573,OFF,ON,OFF
24.097457010030663,62.33819406531156,994,OFF,OFF,OFF
17.05677534351195,61.73033497145127,871,OFF,ON,OFF
15.473878764111394,47.5748307359499,468,OFF,ON,ON
14.643068385217628,64.46282136586123,764,OFF,ON,OFF
27.54447123419852,38.72191179744944,998,ON,OFF,ON
19.015736557026575,43.87067500949779,581,OFF,OFF,ON
29.60591337100188,71.3921381729081,391,ON,OFF,OFF
19.473333617507635,42.646522246522,598,OFF,OFF,ON
13.737299657847066,69.53074804069311,618,OFF,ON,OFF
16.630067644287312,36.52527394367405,419,OFF,ON,ON
28.147292453603825,90.0,668,ON,OFF,OFF
21.333370376267847,46.822966872793465,232,OFF,OFF,ON
19.41220198198642,56.349181246104436,383,OFF,OFF,OFF
22.880122264883052,65.9390039473104,749,OFF,OFF,OFF
24.553428542904964,50.437576950974616,103,OFF,OFF,OFF
27.567533928285563,62.70005367524003,786,ON,OFF,OFF
29.188627940872326,70.17341097835167,100,ON,OFF,OFF
20.335204319041672,76.83889181816006,109,OFF,OFF,OFF
15.604225134122572,73.91295006734126,426,OFF,ON,OFF
20.07230190084193,57.246365037016794,628,OFF,OFF,OFF
23.371014381328838,57.68199187441683,895,OFF,OFF,OFF
17.378019773569825,90.0,569,OFF,ON,OFF
17.410373123569208,76.65334865437691,491,OFF,ON,OFF
23.779873143945,44.270079209951376,703,OFF,OFF,ON
21.858454488673093,61.948864558246115,330,OFF,OFF,OFF
22.257236982268783,54.4204794439018,590,OFF,OFF,OFF
18.38300667524545,57.8774552492065,246,OFF,OFF,OFF
20.968600021520288,38.94692838716362,575,OFF,OFF,ON
17.571541151804432,53.092075521976895,521,OFF,ON,OFF
26.4551426406897,90.0,347,ON,OFF,OFF
27.16532352186865,70.23776489428874,597,ON,OFF,OFF
13.057577381224602,30.1,595,OFF,ON,ON
17.545701034054087,81.26996045813529,856,OFF,ON,OFF
14.769533786429813,79.0710555685498,141,OFF,ON,OFF
18.914091295264154,54.002785937302264,535,OFF,OFF,OFF
21.68814132977125,72.6285990549594,359,OFF,OFF,OFF
14.999081759937736,45.35011014210624,778,OFF,ON,ON
17.58316117021341,52.08284133058694,748,OFF,ON,OFF
17.181204979135696,86.14589347702885,685,OFF,ON,OFF
23.111457641168542,55.51761547407531,373,OFF,OFF,OFF
22.436175679353624,30.1,782,OFF,OFF,ON
18.562975702058417,59.12369331316738,161,OFF,OFF,OFF
22.962389360120273,58.85923831618844,108,OFF,OFF,OFF
19.42007101954531,80.95239440573336,226,OFF,OFF,OFF
20.76661521051548,60.46696865088967,545,OFF,OFF,OFF
30.290015072113736,52.9249598686348,728,ON,OFF,OFF
28.65966441122263,78.29987328162841,100,ON,OFF,OFF
15.733806978317823,62.30876968044909,894,OFF,ON,OFF
26.159096319169862,47.24247833042506,588,ON,OFF,ON
26.069322470822833,80.20201479531471,151,ON,OFF,OFF
16.474671711245755,63.56954994075046,580,OFF,ON,OFF
26.10546087206143,60.269551680875736,835,ON,OFF,OFF
29.626497510835712,63.29699437213894,708,ON,OFF,OFF
16.600591451134896,41.69485575227383,837,OFF,ON,ON
17.60449335080172,51.089773956882766,203,OFF,ON,OFF
27.079211919133954,60.28091239495239,448,ON,OFF,OFF
23.425922956619225,56.8509719114461,316,OFF,OFF,OFF
24.796732070324143,82.23373361032982,996,OFF,OFF,OFF
23.764212224469095,63.98035614841788,719,OFF,OFF,OFF
24.009538642884753,75.00997169635164,998,OFF,OFF,OFF
15.602147031144987,60.38148121399262,434,OFF,ON,OFF
27.22441123241917,78.49420857670059,368,ON,OFF,OFF
27.82306608771524,67.09671907555158,517,ON,OFF,OFF
20.97354491580009,60.45112165290336,909,OFF,OFF,OFF
21.883793668105767,59.9891121618782,460,OFF,OFF,OFF
14.600235931266418,43.70579423896174,586,OFF,ON,ON
24.614492545998452,68.9892850935859,579,OFF,OFF,OFF
24.897499101515532,59.52332973107303,564,OFF,OFF,OFF
21.792168103824984,51.53375955945943,386,OFF,OFF,OFF
27.601583929766953,79.36227719248821,519,ON,OFF,OFF
20.460991533319174,38.58842814895687,508,OFF,OFF,ON
24.86101588624016,52.90915357732243,552,OFF,OFF,OFF
17.104302418907835,77.99991187548449,797,OFF,ON,OFF
21.981347071539297,65.67792012944776,998,OFF,OFF,OFF
21.243007937971896,59.39090139695227,338,OFF,OFF,OFF
23.199785820414796,64.56164356897185,453,OFF,OFF,OFF
20.28742698761057,63.32304648316798,342,OFF,OFF,OFF
21.452959973533883,33.97852762891857,602,OFF,OFF,ON
26.14105305893044,54.17620521934549,416,ON,OFF,OFF
19.95822776745887,88.18703241794769,616,OFF,OFF,OFF
14.230730764322582,48.811691084239605,838,OFF,ON,ON
30.66276250001448,54.711871949904875,100,ON,OFF,OFF
28.86036953769685,50.848125384616324,681,ON,OFF,OFF
15.769639142299404,58.713442267496795,436,OFF,ON,OFF
25.47352465702672,50.130081085727824,673,ON,OFF,OFF
19.634055719980925,68.64024267481915,324,OFF,OFF,OFF
23.386714682905396,63.632728596434134,862,OFF,OFF,OFF
23.53720506174686,73.60239285524848,789,OFF,OFF,OFF
20.94898100859472,42.036164220120554,700,OFF,OFF,ON
18.259281121410623,54.330558062095214,758,OFF,OFF,OFF
18.715716257134396,56.31360851215617,362,OFF,OFF,OFF
17.610911648758634,68.1022623854125,395,OFF,ON,OFF
18.023992458956307,46.4950830954358,748,OFF,OFF,ON
21.7677500175317,76.06103031205495,357,OFF,OFF,OFF
18.59224233286883,80.7455910165853,926,OFF,OFF,OFF
25.436041546182473,43.11004230457577,471,ON,OFF,ON
29.37833597561856,51.72613506797268,683,ON,OFF,OFF
19.256673384399985,51.015763159268154,998,OFF,OFF,OFF
23.26880379209256,90.0,372,OFF,OFF,OFF
24.54315839951014,52.78105030750217,572,OFF,OFF,OFF
24.4076210118174,89.24421410684894,825,OFF,OFF,OFF
22.46854332377233,38.30440873337072,799,OFF,OFF,ON
25.73289258442996,43.09657110609487,470,ON,OFF,ON
24.457789582288406,48.339701746717004,421,OFF,OFF,ON
16.036966428966853,45.58731073360126,494,OFF,ON,ON
26.352117634189113,55.583902465418284,926,ON,OFF,OFF
26.440906927373543,47.95606597342965,482,ON,OFF,ON
18.35955068609793,46.043163420338324,574,OFF,OFF,ON
22.282406944763277,80.26212743624887,444,OFF,OFF,OFF
25.44229348301595,81.39228367701632,736,ON,OFF,OFF
21.07184313804475,76.64309635997203,594,OFF,OFF,OFF
27.35004630755859,69.28484915597318,296,ON,OFF,OFF
33.67036839189077,61.82351414674755,305,ON,OFF,OFF
18.2484100273977,51.619596517979446,100,OFF,OFF,OFF
15.33495584538562,43.72795944804676,340,OFF,ON,ON
23.58418033476993,66.49926586243942,758,OFF,OFF,OFF
25.629487806173497,39.91346759957598,895,ON,OFF,ON
20.966320114818902,43.022694724912654,730,OFF,OFF,ON
29.21194029837925,80.16595339120231,697,ON,OFF,OFF
15.542739608967846,90.0,522,OFF,ON,OFF
25.48924507678197,67.02348880868449,753,ON,OFF,OFF
19.13031741908299,79.36219728562412,628,OFF,OFF,OFF
30.51487152667255,55.96540576795754,998,ON,OFF,OFF
31.852174233561264,37.075278652529065,529,ON,OFF,ON
18.34304852977213,70.81036055907997,899,OFF,OFF,OFF
19.405984747001348,70.06843638105956,779,OFF,OFF,OFF
26.30527107509569,61.45889537363854,743,ON,OFF,OFF
20.201237766952893,56.02549113161245,100,OFF,OFF,OFF
21.874323337254637,76.86652815772666,793,OFF,OFF,OFF
22.22096400931331,43.164356867135204,521,OFF,OFF,ON
12.697787525889492,46.83143320560042,440,OFF,ON,ON
22.028909571491823,42.77726422955358,173,OFF,OFF,ON
18.71969813226748,61.68908040570852,553,OFF,OFF,OFF
19.682291643241616,41.39684517975814,563,OFF,OFF,ON
29.164797612426227,48.38057375593794,219,ON,OFF,ON
15.944702392557165,48.00836191621813,175,OFF,ON,ON
26.078177678481623,55.710036697206725,679,ON,OFF,OFF
20.730835541400563,34.48525305613946,778,OFF,OFF,ON
20.726932199816865,61.727697661746745,603,OFF,OFF,OFF
25.966384067627256,81.79904031561938,850,ON,OFF,OFF
23.761578516314074,62.56312012939414,532,OFF,OFF,OFF
24.890426986160826,86.88595755939224,540,OFF,OFF,OFF
26.83696953258591,83.29897802309165,318,ON,OFF,OFF
20.47454803278338,73.67484133599926,153,OFF,OFF,OFF
19.09910043726629,61.51109872381902,998,OFF,OFF,OFF
16.78367682446431,60.60821677593535,845,OFF,ON,OFF
18.055384546627998,73.4337414303106,196,OFF,OFF,OFF
36.535661601407305,53.44247449073903,594,ON,OFF,OFF
28.19071069603292,30.1,528,ON,OFF,ON
15.481692513827136,68.73129224421082,484,OFF,ON,OFF
15.621800735032467,40.64984610926713,449,OFF,ON,ON
24.455914917624717,43.57252836463293,652,OFF,OFF,ON
24.77611233909751,60.22280294752157,765,OFF,OFF,OFF
24.784039277871386,58.57313381377065,658,OFF,OFF,OFF
20.848376396216487,35.78802916885434,523,OFF,OFF,ON
21.482426224574745,63.082165751204336,514,OFF,OFF,OFF
23.70198455840968,76.93450682158397,795,OFF,OFF,OFF
22.51719928281461,40.69702808698151,673,OFF,OFF,ON
11.230788796099219,82.23468428876869,573,OFF,ON,OFF
20.97154297487647,33.225773053724225,545,OFF,OFF,ON
17.928106527629502,90.0,643,OFF,ON,OFF
22.954509348843082,53.10354296411198,434,OFF,OFF,OFF
36.712726253829736,62.73830771160178,765,ON,OFF,OFF
23.89587979821788,30.1,277,OFF,OFF,ON
20.56159395014921,59.143886763177115,448,OFF,OFF,OFF
26.609873891982076,64.17199218953428,711,ON,OFF,OFF
24.4599386407193,58.728202432966036,263,OFF,OFF,OFF
24.15347638207119,50.47683169558755,150,OFF,OFF,OFF
25.06784914396451,43.842027406574104,570,ON,OFF,ON
32.1656614603213,79.77863300937138,118,ON,OFF,OFF
16.55974037824057,60.751935208129595,220,OFF,ON,OFF
24.415600671346212,86.8761170660472,749,OFF,OFF,OFF
17.561024442577526,51.11004119864167,501,OFF,ON,OFF
24.816494464905123,52.6963670303815,885,OFF,OFF,OFF
17.59869790792228,74.32985883552603,244,OFF,ON,OFF
20.053199099364804,32.13917292545358,530,OFF,OFF,ON
20.65187654302247,39.22430109136789,657,OFF,OFF,ON
26.87433670073434,79.20696590362935,253,ON,OFF,OFF
26.593486429113444,39.94281880726383,819,ON,OFF,ON
15.997528731693276,30.1,685,OFF,ON,ON
22.365622064315545,90.0,140,OFF,OFF,OFF
18.622500763203583,36.10391759550901,544,OFF,OFF,ON
15.934919945058244,63.4044535499596,653,OFF,ON,OFF
21.0341275059502,61.41419958283262,402,OFF,OFF,OFF
20.586303963561388,30.1,174,OFF,OFF,ON
33.978057583476215,55.59396688583014,626,ON,OFF,OFF
24.21646608703504,67.97710985665553,998,OFF,OFF,OFF
15.351735211842625,66.348980244714,455,OFF,ON,OFF
19.33148174734292,75.85111021922597,958,OFF,OFF,OFF
27.097434288486365,53.514782180534304,361,ON,OFF,OFF
32.321842524963564,72.5462598848764,610,ON,OFF,OFF
14.331559593959618,48.292563428026526,753,OFF,ON,ON
12.892400676607728,35.81585312188856,552,OFF,ON,ON
31.257054876627535,37.76639750030289,478,ON,OFF,ON
24.00424234022339,34.92235572889959,741,OFF,OFF,ON
17.845429868817078,77.68618919701154,998,OFF,ON,OFF
24.714246889839245,34.01467091871148,631,OFF,OFF,ON
9.191829303779773,64.96018669786962,421,OFF,ON,OFF
22.113187028408483,55.618064793213854,505,OFF,OFF,OFF
23.701698865715144,58.44296326555698,998,OFF,OFF,OFF
26.621960538206608,83.81125736629555,589,ON,OFF,OFF
17.132544898408064,52.633516650449145,401,OFF,ON,OFF
22.516191449829346,70.8004977679483,260,OFF,OFF,OFF
17.565707562004057,60.86882727852522,100,OFF,ON,OFF
23.347039498654006,57.588786901510325,648,OFF,OFF,OFF
17.71297333386947,90.0,722,OFF,ON,OFF
20.098566048660686,35.28168368894217,452,OFF,OFF,ON
17.221068748795236,82.52272689427384,550,OFF,ON,OFF
25.28467520871233,71.57568751582514,253,ON,OFF,OFF
26.29970535700336,51.92246974421968,588,ON,OFF,OFF
20.94793927147613,88.40843619150579,678,OFF,OFF,OFF
22.283876549656096,30.1,416,OFF,OFF,ON
15.00424127351458,51.19162941494322,989,OFF,ON,OFF
20.629419528969095,39.310482112105674,339,OFF,OFF,ON
21.85085447322421,67.348553354173,627,OFF,OFF,OFF
34.928272106150274,40.96134984485979,772,ON,OFF,ON
16.65238110727007,67.71154527518043,534,OFF,ON,OFF
29.265388721643102,56.9933154429785,506,ON,OFF,OFF
26.97736027457144,51.92542918460034,187,ON,OFF,OFF
23.470678479662528,66.94307372076992,903,OFF,OFF,OFF
30.707006315777292,55.57139545288212,510,ON,OFF,OFF
23.918518326414233,41.384010458268236,692,OFF,OFF,ON
24.002014713547723,90.0,727,OFF,OFF,OFF
21.836577328705165,51.79024910866584,393,OFF,OFF,OFF
28.087351034736695,30.1,503,ON,OFF,ON
27.465061026468,45.649433552595696,897,ON,OFF,ON
19.033294418745037,38.293254630782364,267,OFF,OFF,ON
15.637520882361942,74.51241244004312,998,OFF,ON,OFF
21.102850902713143,65.78397290600188,363,OFF,OFF,OFF
18.179607712028815,67.11722202884582,251,OFF,OFF,OFF
21.78563889946443,53.81701790230582,588,OFF,OFF,OFF
28.155255999081817,55.385775144452815,998,ON,OFF,OFF
19.85767493302698,53.801297187603836,100,OFF,OFF,OFF
21.886993591576427,58.81417175503698,518,OFF,OFF,OFF
22.380744212617394,74.67137467013353,677,OFF,OFF,OFF
26.250645490607916,66.03350686898976,563,ON,OFF,OFF
11.095711043293418,68.87158549488642,652,OFF,ON,OFF
19.126207287449198,68.86200187406996,369,OFF,OFF,OFF
23.131122073899178,75.52102965382016,400,OFF,OFF,OFF
27.972342485147703,65.20433037154218,516,ON,OFF,OFF
19.68826669597329,66.42750600180901,264,OFF,OFF,OFF
12.908908686159613,80.78695264433806,543,OFF,ON,OFF
25.130816903923694,48.71269616612204,454,ON,OFF,ON
18.985875390821786,45.4133750123121,433,OFF,OFF,ON
16.271957510600384,39.700812392824815,637,OFF,ON,ON
19.039815496430677,63.38360821057059,100,OFF,OFF,OFF
21.193209423037064,30.1,495,OFF,OFF,ON
19.13578220888693,68.21484587852042,998,OFF,OFF,OFF
11.298033100014061,58.329733822938834,275,OFF,ON,OFF
26.488767867082164,79.84979509815065,885,ON,OFF,OFF
28.338550077149613,48.59381138715438,568,ON,OFF,ON
25.286563869082652,56.701235293778716,399,ON,OFF,OFF
16.526460573518577,79.63462842065296,214,OFF,ON,OFF
21.110141671863225,84.14912538560709,590,OFF,OFF,OFF
22.064731400058733,48.45133331840883,928,OFF,OFF,ON
25.02840532886959,63.36399998558355,454,ON,OFF,OFF
25.36890857252932,65.31279180668098,533,ON,OFF,OFF
18.50208685332252,66.68365913876698,814,OFF,OFF,OFF
22.498117057611974,55.675999166288534,642,OFF,OFF,OFF
24.335541581194104,82.38866800264341,150,OFF,OFF,OFF
29.22448238413093,30.1,580,ON,OFF,ON
25.545980440852546,52.93278143196813,943,ON,OFF,OFF
25.959944701138458,67.96876163724023,545,ON,OFF,OFF
22.507082129673066,68.129562312609,100,OFF,OFF,OFF
29.00238065478439,83.62356709179618,654,ON,OFF,OFF
24.10289158249466,80.9499172560615,503,OFF,OFF,OFF
17.880705250032683,55.2786555702361,100,OFF,ON,OFF
28.96767148865824,82.70853379796651,122,ON,OFF,OFF
25.513650318001478,47.86499929102194,805,ON,OFF,ON
19.927481445090514,76.32459270161257,366,OFF,OFF,OFF
19.749024499499594,90.0,321,OFF,OFF,OFF
23.548717782492428,81.23917457739317,545,OFF,OFF,OFF
24.364449948354174,62.04890511359991,388,OFF,OFF,OFF
23.062618934039907,54.478687737213775,580,OFF,OFF,OFF
23.62085235275585,33.77214343360275,502,OFF,OFF,ON
30.419787056167973,65.5917019604682,246,ON,OFF,OFF
27.343020944690082,40.92409771536863,423,ON,OFF,ON
23.03002732586672,46.49658024861775,668,OFF,OFF,ON
26.70539189643506,39.617346903387684,565,ON,OFF,ON
17.041340964683325,52.25349177543028,533,OFF,ON,OFF
24.044942826815305,59.735018020999846,998,OFF,OFF,OFF
30.955168352653388,64.95284641055342,742,ON,OFF,OFF
21.029090198997274,49.82931676200704,773,OFF,OFF,ON
17.94657701588332,78.71904425314318,511,OFF,ON,OFF
18.903981115010648,56.61668377713619,611,OFF,OFF,OFF
16.761730094447646,46.59021946545238,443,OFF,ON,ON
18.25440343853692,64.13410365031974,754,OFF,OFF,OFF
20.282623102291613,90.0,526,OFF,OFF,OFF
15.214892142314508,66.01767874367695,611,OFF,ON,OFF
22.173128886767948,53.94101431371346,595,OFF,OFF,OFF
26.51428122524962,33.791692991367796,549,ON,OFF,ON
17.652213681206803,56.4227857844228,998,OFF,ON,OFF
29.535195442362497,64.28351616848934,383,ON,OFF,OFF
24.59753905002315,53.51323238336499,380,OFF,OFF,OFF
27.142464954219733,31.40542572449698,733,ON,OFF,ON
18.875849880024983,45.5029477074401,401,OFF,OFF,ON
26.280483888712812,85.3844947550884,479,ON,OFF,OFF
16.750464885582684,85.02916778631916,275,OFF,ON,OFF
26.455382987830298,44.87882045083328,681,ON,OFF,ON
22.937999380772123,71.85856940690968,684,OFF,OFF,OFF
24.80542234124388,39.827957244825136,473,OFF,OFF,ON
16.3408554057821,84.51558024175361,738,OFF,ON,OFF
17.71432700240553,64.46185430799514,100,OFF,ON,OFF
25.02073722933345,76.64906535063129,372,ON,OFF,OFF
17.45347287572551,30.545394965365055,510,OFF,ON,ON
24.364555198554488,71.94300573341097,253,OFF,OFF,OFF
15.40304463024226,60.08615620843562,104,OFF,ON,OFF
26.249388816092626,74.95850256457334,475,ON,OFF,OFF
16.062127909114782,76.04743129712807,733,OFF,ON,OFF
24.800764787268783,61.35709622256346,884,OFF,OFF,OFF
25.159799187333604,49.82372834284053,413,ON,OFF,ON
18.685209929708254,73.7087717357206,743,OFF,OFF,OFF
24.946308733778462,59.17817066760285,718,OFF,OFF,OFF
23.37180635527066,45.118517917927875,867,OFF,OFF,ON
19.458447610400377,44.29899721695578,464,OFF,OFF,ON
17.158696173245676,34.6619009739271,100,OFF,ON,ON
12.48748848927813,51.39017170742004,572,OFF,ON,OFF
23.808574774617316,79.29705563882263,293,OFF,OFF,OFF
14.435261209984372,63.29563462479886,368,OFF,ON,OFF
22.56347307764118,51.05319999143886,477,OFF,OFF,OFF
20.80679681874792,74.14407099240026,467,OFF,OFF,OFF
25.421797429154935,45.8159088970765,591,ON,OFF,ON
20.617821443332048,61.86862253115326,735,OFF,OFF,OFF
20.483657663166206,57.11106958576774,460,OFF,OFF,OFF
25.679957570741045,73.69898680920029,656,ON,OFF,OFF
23.737131090582814,32.93065345865341,558,OFF,OFF,ON
23.644585040230766,45.50930846167176,795,OFF,OFF,ON
24.394231795169986,31.874968332510605,506,OFF,OFF,ON
14.578376792767614,55.72753898575976,534,OFF,ON,OFF
25.80195796549768,81.17833238286741,458,ON,OFF,OFF
25.09535630279065,51.473978871327574,512,ON,OFF,OFF
17.118898661209215,51.383376083217605,353,OFF,ON,OFF
20.901622829010513,75.30099009178193,327,OFF,OFF,OFF
21.90420866645368,78.70634245855835,754,OFF,OFF,OFF
21.438153304511168,58.68652397324892,276,OFF,OFF,OFF
23.731265281031842,72.06546082553926,472,OFF,OFF,OFF
29.104746109861857,41.58609615644055,815,ON,OFF,ON
27.39307638476016,84.05982739526743,463,ON,OFF,OFF
15.67193053614507,90.0,767,OFF,ON,OFF
25.142364524966425,69.23669648737834,402,ON,OFF,OFF
28.603223715447115,30.1,284,ON,OFF,ON
23.990505621524477,50.56075762926451,144,OFF,OFF,OFF
27.438187382032318,70.82167054364693,892,ON,OFF,OFF
31.94889674090217,52.92667814561723,262,ON,OFF,OFF
27.10882379718482,82.22975725204725,746,ON,OFF,OFF
23.317295030999492,70.39487836898495,297,OFF,OFF,OFF
27.213496732269967,47.99590596431224,893,ON,OFF,ON
22.80604265619559,60.777155054481995,998,OFF,OFF,OFF
22.213691483889765,44.75435321665674,120,OFF,OFF,ON
20.376108176541045,57.05995247122398,275,OFF,OFF,OFF
29.751256673768733,50.62368323784182,753,ON,OFF,OFF
18.089568309343942,80.54396401160734,686,OFF,OFF,OFF
29.59925477489631,90.0,754,ON,OFF,OFF
24.544034863565575,35.45735204220587,407,OFF,OFF,ON
15.245545735315146,30.1,998,OFF,ON,ON
23.896700515900076,55.97709971479247,584,OFF,OFF,OFF
11.814763144650263,33.9481956178016,241,OFF,ON,ON
25.159197376812184,61.01845423807295,489,ON,OFF,OFF
26.43082416471788,73.17657917796615,245,ON,OFF,OFF
19.196438314860906,86.06969004940552,963,OFF,OFF,OFF
22.701559644137042,63.703338184427295,384,OFF,OFF,OFF
31.664370803314497,56.87707057257499,681,ON,OFF,OFF
19.62048411163597,30.1,433,OFF,OFF,ON
16.9121643475856,60.67196833609925,396,OFF,ON,OFF
29.351002372656147,61.452298461352804,100,ON,OFF,OFF
31.70564356428676,71.27378221276716,708,ON,OFF,OFF
22.1147545829901,47.96108513313111,888,OFF,OFF,ON
27.04886390486891,52.691904877965015,319,ON,OFF,OFF
28.664633264971684,34.6474051779289,157,ON,OFF,ON
18.461398307368178,30.1,761,OFF,OFF,ON
19.720564234692535,41.04036556457268,131,OFF,OFF,ON
28.123119985012956,33.05007742230551,868,ON,OFF,ON
30.34662446797014,66.04452584149492,322,ON,OFF,OFF
24.852569827006697,51.25447852822478,270,OFF,OFF,OFF
17.789019091169333,50.906667010845766,618,OFF,ON,OFF
31.825469832677218,43.18719450791849,287,ON,OFF,ON
19.49698444987639,30.1,372,OFF,OFF,ON
20.455798995065336,86.31483115957451,645,OFF,OFF,OFF
23.772773597982393,42.912837802021954,100,OFF,OFF,ON
29.705953551371316,53.08347956786088,976,ON,OFF,OFF
26.277794714424083,35.04724232281379,565,ON,OFF,ON
24.127874829887972,77.03469379567477,222,OFF,OFF,OFF
24.36495784244905,62.700451191850675,293,OFF,OFF,OFF
22.309711564513076,45.92164363541084,809,OFF,OFF,ON
24.829355820833566,53.43280297065651,709,OFF,OFF,OFF
9.711732555805225,89.25380739218241,911,OFF,ON,OFF
20.644446522591018,58.95645426537945,379,OFF,OFF,OFF
23.27819170362598,57.07468186748301,630,OFF,OFF,OFF
16.46120360036415,43.931701175510085,664,OFF,ON,ON
23.988130029569287,30.1,733,OFF,OFF,ON
21.095552886668283,57.450033607327455,844,OFF,OFF,OFF
30.691609193499747,65.8502797424398,370,ON,OFF,OFF
29.798290209118633,79.2432900925915,525,ON,OFF,OFF
19.81603909224483,30.1,397,OFF,OFF,ON
21.358146822888344,40.75317537121124,541,OFF,OFF,ON
21.734607104945002,50.171288559513485,734,OFF,OFF,OFF
19.885299490684698,60.15870474273003,129,OFF,OFF,OFF
23.05151814262952,57.7096409553918,839,OFF,OFF,OFF
18.38405084165869,58.11354247532703,261,OFF,OFF,OFF
16.561077499505735,67.27956560249969,475,OFF,ON,OFF
25.145504055744205,44.590683777806625,874,ON,OFF,ON
25.178887291239736,76.38089251851854,638,ON,OFF,OFF
18.158666223170837,67.71826678577487,641,OFF,OFF,OFF
26.480391819803963,54.68537916527249,250,ON,OFF,OFF
19.004405386121533,87.91689403765184,286,OFF,OFF,OFF
23.336177459510843,87.14712045508499,796,OFF,OFF,OFF
26.113129938813557,76.35933345561634,403,ON,OFF,OFF
21.93209048370677,30.1,427,OFF,OFF,ON
24.32310802366644,87.53690491202526,802,OFF,OFF,OFF
19.568179587895806,73.96937146224428,284,OFF,OFF,OFF
21.13474423004913,90.0,623,OFF,OFF,OFF
21.088756100398495,81.62881072201552,565,OFF,OFF,OFF
18.44135319895147,87.5264822792393,553,OFF,OFF,OFF
21.23115988920489,75.4208962341375,421,OFF,OFF,OFF
14.514501677091243,83.5532224654827,405,OFF,ON,OFF
19.691932392620533,90.0,277,OFF,OFF,OFF
20.701887161589728,63.96563067002404,678,OFF,OFF,OFF
20.842383795699625,33.01712291046414,382,OFF,OFF,ON
20.914269538979877,54.89942120933482,803,OFF,OFF,OFF
21.794257834551864,66.9655370645402,496,OFF,OFF,OFF
24.444044158786294,61.51458914030565,282,OFF,OFF,OFF
26.378365565115743,38.65164853498266,493,ON,OFF,ON
18.91535794808785,31.999158440746342,448,OFF,OFF,ON
16.20569300696928,47.395769047668026,814,OFF,ON,ON
16.994727795314034,74.19396164661134,459,OFF,ON,OFF
19.71127595130278,87.56103480988267,483,OFF,OFF,OFF
20.373625462156024,76.07684050530618,917,OFF,OFF,OFF
18.326698177330613,78.51391148079826,685,OFF,OFF,OFF
15.750769802242766,58.82070495732176,982,OFF,ON,OFF
19.863456359119493,30.1,878,OFF,OFF,ON
22.98493946923998,52.342970373826844,326,OFF,OFF,OFF
25.009971962275248,55.74193912131145,809,ON,OFF,OFF
19.367472589549408,51.619219413507494,946,OFF,OFF,OFF
20.0745900297299,61.16522662782735,948,OFF,OFF,OFF
17.559471509574436,67.85611262526818,808,OFF,ON,OFF
21.94273159554099,74.9772939280427,803,OFF,OFF,OFF
17.94268607407333,55.40706249996738,476,OFF,ON,OFF
24.902739725810868,30.1,339,OFF,OFF,ON
13.352915617297093,51.86446287992286,464,OFF,ON,OFF
20.33588474357269,60.975179835566166,126,OFF,OFF,OFF
23.570905807308765,81.3752296705066,899,OFF,OFF,OFF
22.996728720964366,50.39505199357875,481,OFF,OFF,OFF
35.28196770823219,69.08665584247265,886,ON,OFF,OFF
23.809309075274314,65.23785804916997,237,OFF,OFF,OFF
17.1807289589603,60.978469458751164,833,OFF,ON,OFF
21.629259717731912,76.31846690436295,427,OFF,OFF,OFF
13.400016679793824,48.78544377284998,224,OFF,ON,ON
21.702037483488255,50.26739167992794,973,OFF,OFF,OFF
18.017951437050332,60.01302731047755,839,OFF,OFF,OFF
26.578484016527607,49.1434911202136,609,ON,OFF,ON
19.40606730133371,69.00825731675121,563,OFF,OFF,OFF
21.52496505019737,47.87969579063562,667,OFF,OFF,ON
18.984918439420316,64.13431023783647,604,OFF,OFF,OFF
30.610215068411915,58.485798177383785,350,ON,OFF,OFF
20.523830096073702,63.93745058997811,448,OFF,OFF,OFF
31.069005602102926,52.264753913689454,998,ON,OFF,OFF
26.082812186928003,54.35222268637099,998,ON,OFF,OFF
24.456897392476257,61.880024050794674,956,OFF,OFF,OFF
23.902007153053976,63.715102234040174,677,OFF,OFF,OFF
24.02472323323887,60.146229270000305,467,OFF,OFF,OFF
12.658621712675894,89.72410183715468,349,OFF,ON,OFF
20.731224956881302,43.077782595208205,366,OFF,OFF,ON
26.23462105742806,59.108112144702254,412,ON,OFF,OFF
21.857255772161928,32.99292726839265,998,OFF,OFF,ON
15.21673880832004,66.65646258588662,998,OFF,ON,OFF
21.84008391292659,40.92359063861875,746,OFF,OFF,ON
30.440096688398036,55.40376845836838,307,ON,OFF,OFF
28.20154148429061,53.781690853824216,784,ON,OFF,OFF
21.793083708100326,65.07874090727194,493,OFF,OFF,OFF
26.75503176143567,50.65486596525584,100,ON,OFF,OFF
20.30221270011593,49.91930031842516,628,OFF,OFF,ON
13.754369206950535,85.06126986686007,338,OFF,ON,OFF
17.570401129704216,65.14233507534885,346,OFF,ON,OFF
29.74868823773779,50.51195745143657,490,ON,OFF,OFF
20.755168315720514,55.879152107536626,426,OFF,OFF,OFF
20.90503292060357,88.68588912708873,545,OFF,OFF,OFF
20.628628575774584,56.15024433075352,533,OFF,OFF,OFF
31.41946476401653,48.29347079922826,100,ON,OFF,ON
30.05748470285098,48.367529018489584,945,ON,OFF,ON
32.9599851186638,50.718265884903964,301,ON,OFF,OFF
21.317962254537278,49.933279429877814,309,OFF,OFF,ON
23.544061334598496,38.07921611856803,470,OFF,OFF,ON
14.671057494540152,40.76868141530443,526,OFF,ON,ON
29.327848927617964,45.87051642707607,929,ON,OFF,ON
16.37911853470227,70.45394112723085,623,OFF,ON,OFF
23.15801071433288,53.62298567740623,700,OFF,OFF,OFF
16.724179658797002,56.63473899057625,625,OFF,ON,OFF
19.213521368072524,82.19324212436516,614,OFF,OFF,OFF
17.997356694496986,82.62437811994445,634,OFF,ON,OFF
19.1204545607172,55.337768989645035,100,OFF,OFF,OFF
19.457072561321677,49.30410001349806,490,OFF,OFF,ON
19.41229256712563,45.263064968313955,853,OFF,OFF,ON
26.17672952031609,72.20492603315708,998,ON,OFF,OFF
16.687163996768966,56.6772045330049,244,OFF,ON,OFF
23.176448680915968,53.53202173087621,663,OFF,OFF,OFF
28.05988534905868,46.14138382995132,407,ON,OFF,ON
19.58400998137471,46.902614145918676,998,OFF,OFF,ON
18.581672178410003,65.75638635953493,206,OFF,OFF,OFF
20.967993343514642,37.45999142695369,715,OFF,OFF,ON
27.87268891260736,77.43155960213993,192,ON,OFF,OFF
23.04702670887076,50.98266321700344,472,OFF,OFF,OFF
19.495792759768456,57.63001549362308,545,OFF,OFF,OFF
24.465758923893308,37.08732437776814,829,OFF,OFF,ON
16.6997500708608,60.00498016255411,277,OFF,ON,OFF
25.432650740391807,54.538513056223,725,ON,OFF,OFF
24.097234219902916,59.35246335234092,559,OFF,OFF,OFF
20.589605474882056,85.68156753549138,624,OFF,OFF,OFF
17.99087738225834,63.293355096279285,801,OFF,ON,OFF
17.75539982321255,46.47020389368413,224,OFF,ON,ON
24.715168577935206,47.912090843983876,763,OFF,OFF,ON
28.113846757858408,70.5155370445064,408,ON,OFF,OFF
18.976350762031743,82.68815355803785,836,OFF,OFF,OFF
24.340958108947905,65.09650762409225,640,OFF,OFF,OFF
11.878409678977846,72.13462996871455,500,OFF,ON,OFF
19.234325281101814,70.76825073865828,402,OFF,OFF,OFF
21.94459326866143,84.77074371072328,766,OFF,OFF,OFF
17.642777776079832,30.1,878,OFF,ON,ON
17.51145043710742,71.76275682938721,417,OFF,ON,OFF
18.827158354687185,77.23894906094746,263,OFF,OFF,OFF
23.52725916209857,37.05712047576829,733,OFF,OFF,ON
21.179482476576247,44.89561986395182,182,OFF,OFF,ON
11.138101794094801,45.49918708808351,218,OFF,ON,ON
11.713543331309989,47.60983026419296,281,OFF,ON,ON
19.125400006691677,51.88454407913785,447,OFF,OFF,OFF
24.337530277885037,64.4162990924227,210,OFF,OFF,OFF
8.644657617999663,75.19632048778347,100,OFF,ON,OFF
19.64994151272656,78.92723647003663,262,OFF,OFF,OFF
19.520108836437878,45.7234079556535,719,OFF,OFF,ON
28.894072679104987,45.60437533486792,227,ON,OFF,ON
20.211562806231377,82.98450160916569,467,OFF,OFF,OFF
23.971804869139476,71.40851039027903,998,OFF,OFF,OFF
22.788266493888244,61.65260694377307,541,OFF,OFF,OFF
11.665237007218742,68.40832027238766,642,OFF,ON,OFF
25.857864030863848,59.70328087894618,311,ON,OFF,OFF
23.151258734966643,69.2949830670246,998,OFF,OFF,OFF
24.58518404334293,54.40450059290288,415,OFF,OFF,OFF
41.3,64.86963274008392,495,ON,OFF,OFF
11.892677242494068,34.084351633167344,893,OFF,ON,ON
30.540912518967467,48.31929018362257,507,ON,OFF,ON
20.68929431717643,48.505680316845115,566,OFF,OFF,ON
23.503445492567284,53.74145282808684,482,OFF,OFF,OFF
21.87382869920503,44.18894254378045,483,OFF,OFF,ON
20.019565383020275,50.98787125272885,649,OFF,OFF,OFF
19.30671285195669,34.01742957077338,696,OFF,OFF,ON
23.709961307324242,69.71222029770638,389,OFF,OFF,OFF
14.668456955272202,58.79132810160429,357,OFF,ON,OFF
25.771555697626358,30.716432197017372,397,ON,OFF,ON
20.0589393058874,45.77519368205198,194,OFF,OFF,ON
16.56375073892918,66.04260767120863,145,OFF,ON,OFF
19.893361464435188,50.823882941577416,631,OFF,OFF,OFF
28.251763028221273,48.160858311159124,795,ON,OFF,ON
19.475617031746182,58.92836983574159,778,OFF,OFF,OFF
23.85167775935679,66.16365019820478,100,OFF,OFF,OFF
18.51784010264638,35.368005418455894,491,OFF,OFF,ON
25.80750605581079,69.73692679477907,271,ON,OFF,OFF
25.452960796956017,46.37272606293624,591,ON,OFF,ON
31.147596444229535,59.90874920038541,447,ON,OFF,OFF
21.23708521109893,59.60610995136361,706,OFF,OFF,OFF
25.370447488908436,51.09994126787865,549,ON,OFF,OFF
22.57680676778463,42.508171256764456,100,OFF,OFF,ON
28.441351792299425,55.276148201698724,305,ON,OFF,OFF
18.577199624980533,88.33943456297868,556,OFF,OFF,OFF
25.744265661101476,36.66003020114144,577,ON,OFF,ON
21.143406801721916,89.49832989907138,193,OFF,OFF,OFF
21.782389848774923,55.72538583794972,159,OFF,OFF,OFF
22.545887754808774,60.83090372441039,569,OFF,OFF,OFF
23.33164936128044,41.417298919318355,193,OFF,OFF,ON
21.527593621589656,46.87487985288796,125,OFF,OFF,ON
23.147913134600987,51.51788223089852,440,OFF,OFF,OFF
29.82325205058184,42.126930796682046,428,ON,OFF,ON
26.92150047125449,56.60435307286636,328,ON,OFF,OFF
26.35211042768674,53.17697946845955,373,ON,OFF,OFF
19.86630245734468,90.0,558,OFF,OFF,OFF
17.742866319705275,40.04593077441061,369,OFF,ON,ON
26.773887941003373,61.99561907545105,572,ON,OFF,OFF
26.38585518829342,64.50701849730955,456,ON,OFF,OFF
29.306973266037602,41.7008735765704,597,ON,OFF,ON
19.139523002607593,72.10201250085407,780,OFF,OFF,OFF
20.9727717695288,53.3273093260864,770,OFF,OFF,OFF
14.069615167421313,30.1,885,OFF,ON,ON
20.175090467462564,71.63525707731098,770,OFF,OFF,OFF
26.97594891650789,40.89427603376044,615,ON,OFF,ON
19.81266172697451,42.090944291682334,443,OFF,OFF,ON
25.232500396825134,72.12060437883837,454,ON,OFF,OFF
21.163941890782684,54.21254515181236,328,OFF,OFF,OFF
23.683269313680093,76.09768069001488,555,OFF,OFF,OFF
16.477471774016205,81.15650824112969,733,OFF,ON,OFF
22.5138525349368,49.06075655170524,367,OFF,OFF,ON
7.451820199268992,73.94348809394906,545,OFF,ON,OFF
21.181601794827802,47.14839118910125,380,OFF,OFF,ON
14.113733344004729,90.0,608,OFF,ON,OFF
28.001305538911303,48.22979501165448,413,ON,OFF,ON
25.902908630537024,77.97168794989315,364,ON,OFF,OFF
24.38151859624736,74.81768561074422,379,OFF,OFF,OFF
29.543627977636636,65.68769337055308,684,ON,OFF,OFF
17.450689373143195,48.617586103383005,529,OFF,ON,ON
30.65188974504924,57.59953823462748,444,ON,OFF,OFF
26.66074446491369,30.1,621,ON,OFF,ON
20.938466741584314,64.10171145098406,448,OFF,OFF,OFF
27.65674701830907,66.26776655212997,844,ON,OFF,OFF
16.680159080820392,62.52865652921487,304,OFF,ON,OFF
18.05977323799788,30.1,506,OFF,OFF,ON
19.116956495068266,38.32163315249028,193,OFF,OFF,ON
19.506743265721433,47.27589944212596,465,OFF,OFF,ON
16.92366986212969,65.265039144968,122,OFF,ON,OFF
28.084972444198748,65.2248993969413,746,ON,OFF,OFF
20.829288506561216,57.27381669707376,751,OFF,OFF,OFF
23.822552695624523,71.20957187684816,756,OFF,OFF,OFF
19.304174537337467,42.46348813031023,562,OFF,OFF,ON
13.182841434113476,70.77685442465919,328,OFF,ON,OFF
23.418882626909536,68.43263618081812,348,OFF,OFF,OFF
12.73410753013948,66.75115760089362,948,OFF,ON,OFF
21.760622519968383,57.069372177704665,923,OFF,OFF,OFF
15.397280806731478,90.0,586,OFF,ON,OFF
31.82652193915537,68.75190919943279,421,ON,OFF,OFF
26.558764794193145,43.46535244296109,906,ON,OFF,ON
22.61443926879143,64.5149631981515,375,OFF,OFF,OFF
28.283868878829317,73.23795183451729,613,ON,OFF,OFF
17.953029809758828,50.043820275797394,902,OFF,ON,OFF
24.75757862744034,79.06487419033307,339,OFF,OFF,OFF
23.07494808567142,66.82865014750178,767,OFF,OFF,OFF
23.389323637318746,30.1,688,OFF,OFF,ON
28.32620441062784,65.40367610796827,544,ON,OFF,OFF
25.682999987275267,53.19405141677894,299,ON,OFF,OFF
23.510274340951014,69.51289660231667,368,OFF,OFF,OFF
13.994199511871381,76.55517650876963,629,OFF,ON,OFF
17.39619711047162,63.59550694571764,188,OFF,ON,OFF
21.495867561441806,89.03014015728215,588,OFF,OFF,OFF
22.553818864498503,57.12704723318492,693,OFF,OFF,OFF
16.563092776157927,71.02915772827242,807,OFF,ON,OFF
33.904421471424456,74.14556990797598,194,ON,OFF,OFF
29.52104641643768,58.534705801631894,893,ON,OFF,OFF
25.04467955910311,73.69282201209259,990,ON,OFF,OFF
22.449358492639035,49.93024710281311,660,OFF,OFF,ON
21.057668251352133,52.90789881697066,287,OFF,OFF,OFF
17.4359916396055,37.51102324319305,470,OFF,ON,ON
22.476011072272108,64.3956464565377,542,OFF,OFF,OFF
23.358637256182018,65.84624096233439,624,OFF,OFF,OFF
16.016901544537763,80.62184385837931,560,OFF,ON,OFF
23.732814648761554,73.90676599635017,626,OFF,OFF,OFF
21.336499603332577,55.291563610084786,531,OFF,OFF,OFF
12.755882440845701,39.83475838477437,622,OFF,ON,ON
17.884146701480727,67.70785065903162,436,OFF,ON,OFF
20.071614626882724,79.43652449153471,467,OFF,OFF,OFF
31.33892948097447,73.28469326747356,406,ON,OFF,OFF
24.8215887290474,78.98191873739995,998,OFF,OFF,OFF
15.55803609107255,56.55294065542506,931,OFF,ON,OFF
24.476332684768927,52.14576220074884,697,OFF,OFF,OFF
14.520936643224447,47.469495830339234,895,OFF,ON,ON
27.397601959565492,59.25184063916491,759,ON,OFF,OFF
19.78999643946454,58.85919673995768,601,OFF,OFF,OFF
21.638210037092644,63.79474274205689,167,OFF,OFF,OFF
28.5878663194041,57.981900001844515,487,ON,OFF,OFF
15.794604872102,57.90698017815134,468,OFF,ON,OFF
15.256258307195111,46.7810259956896,263,OFF,ON,ON
19.239311469766978,76.51026504646873,172,OFF,OFF,OFF
27.1806458830457,61.54279870663708,681,ON,OFF,OFF
14.657820815523305,57.20080228420073,638,OFF,ON,OFF
8.230200773738321,47.28734829730406,254,OFF,ON,ON
19.88775055508643,37.174953385795405,362,OFF,OFF,ON
24.798027204195513,82.84855322788951,853,OFF,OFF,OFF
27.97323745577006,69.81496008027848,328,ON,OFF,OFF
19.828985340596475,32.12285976209526,598,OFF,OFF,ON
20.082282823715744,73.42236624359994,505,OFF,OFF,OFF
27.74625022941392,76.17915337071364,684,ON,OFF,OFF
12.942255916007063,62.370810630463076,334,OFF,ON,OFF
20.194431602246002,87.86850033028293,577,OFF,OFF,OFF
23.02899081923557,63.96848373733836,597,OFF,OFF,OFF
24.296070937166625,35.70588342953105,613,OFF,OFF,ON
19.600606082295688,66.53686697576528,574,OFF,OFF,OFF
22.26528621705859,64.45599698166978,643,OFF,OFF,OFF
9.913611259759378,49.78104213631583,998,OFF,ON,ON
18.87382359591777,70.1423049869246,998,OFF,OFF,OFF
24.317075076295026,31.36596764504204,390,OFF,OFF,ON
17.287270407506654,77.35713124829043,100,OFF,ON,OFF
22.385451728519904,45.026184616209775,707,OFF,OFF,ON
24.284583654712687,43.177971490528314,602,OFF,OFF,ON
20.419512093658454,58.2495992657322,827,OFF,OFF,OFF
22.93126448632189,67.70997052336467,627,OFF,OFF,OFF
17.38304491845514,63.05504578152875,569,OFF,ON,OFF
21.08507498868129,47.369877536972005,844,OFF,OFF,ON
25.084327274095223,51.46286995531226,880,ON,OFF,OFF
22.865212405329363,40.61569801436542,198,OFF,OFF,ON
19.2249564421228,56.33164921120695,344,OFF,OFF,OFF
23.19444166252604,78.8183112340277,527,OFF,OFF,OFF
25.595446761964716,60.14517349898053,579,ON,OFF,OFF
12.059984417534181,75.08800680211725,496,OFF,ON,OFF
27.771579268789228,85.39942374113929,666,ON,OFF,OFF
20.450330282086888,50.045378784870415,810,OFF,OFF,OFF
24.179892899930827,56.99094796587886,997,OFF,OFF,OFF
27.95847662696159,90.0,703,ON,OFF,OFF
15.380836547562051,85.20810603290523,335,OFF,ON,OFF
18.62318059523553,31.28397177074188,516,OFF,OFF,ON
20.683902869399375,66.91714011860037,535,OFF,OFF,OFF
18.259340581664222,60.2286169885286,686,OFF,OFF,OFF
30.591048013063002,74.51773253399843,654,ON,OFF,OFF
17.901835830797786,47.32974515646332,998,OFF,ON,ON
19.37665897472198,45.69251956007871,435,OFF,OFF,ON
23.09736526578535,48.52195162688702,653,OFF,OFF,ON
16.21084039906738,50.323758003510164,998,OFF,ON,OFF
20.15937598220157,74.32518610897061,404,OFF,OFF,OFF
23.650936744328067,39.782482419572865,591,OFF,OFF,ON
20.466949213310194,49.4468299118329,311,OFF,OFF,ON
21.639430775854798,30.1,575,OFF,OFF,ON
19.50500807361282,77.64348681718785,353,OFF,OFF,OFF
14.681692955863086,82.20954133603662,823,OFF,ON,OFF
23.671206269880464,54.56009676994745,592,OFF,OFF,OFF
30.688952450089594,55.063984180580704,314,ON,OFF,OFF
22.18675612986983,68.06030633086102,770,OFF,OFF,OFF
23.199571348655507,85.72954623184629,600,OFF,OFF,OFF
25.488286091862456,67.28847044786036,799,ON,OFF,OFF
15.881917013931378,48.15046911998624,259,OFF,ON,ON
30.432307720236786,32.21101512805109,649,ON,OFF,ON
23.08727819016122,40.925671543457725,753,OFF,OFF,ON
30.08636170119422,61.48572806884104,445,ON,OFF,OFF
18.507672316968222,48.880838100148345,230,OFF,OFF,ON
30.998036334942654,63.5921445697631,543,ON,OFF,OFF
25.89188335074363,50.652563170217626,870,ON,OFF,OFF
24.804388611706056,41.91150297362398,844,OFF,OFF,ON
23.24246265724365,39.85462137039728,444,OFF,OFF,ON
20.879844359550276,87.24986442571523,224,OFF,OFF,OFF
27.974558950446102,75.59966995735493,443,ON,OFF,OFF
22.78387338729179,90.0,434,OFF,OFF,OFF
12.465730252797078,69.56084030132735,669,OFF,ON,OFF
16.626826333001354,52.779470629814604,527,OFF,ON,OFF
21.186744666160987,83.11459233864832,360,OFF,OFF,OFF
23.61444000478765,59.64680527852893,838,OFF,OFF,OFF
21.81959852787022,64.0398023672645,590,OFF,OFF,OFF
28.06483840681874,59.47800618657497,666,ON,OFF,OFF
12.543910067718146,30.1,110,OFF,ON,ON
22.79967825889255,87.98310688717089,100,OFF,OFF,OFF
13.195689115218414,68.71398896304238,184,OFF,ON,OFF
25.816272219957455,65.9253323692072,431,ON,OFF,OFF
21.63418288570377,59.150115343458765,702,OFF,OFF,OFF
24.15110414123735,63.04646007428801,100,OFF,OFF,OFF
17.86702046045491,49.8851605159202,964,OFF,ON,ON
28.361022546217825,70.88662056725661,598,ON,OFF,OFF
27.197027250318108,37.60428382885398,904,ON,OFF,ON
24.953739689827582,63.43817458896333,326,OFF,OFF,OFF
21.462533517122463,69.93494124921374,684,OFF,OFF,OFF
24.935687757264592,56.78167217215206,576,OFF,OFF,OFF
18.63565793334177,66.63546410326595,764,OFF,OFF,OFF
26.285528965676114,43.0674454612802,494,ON,OFF,ON
30.172650186335872,43.50876327882834,676,ON,OFF,ON
27.33845489868706,64.31446832089166,838,ON,OFF,OFF
18.52446844425827,71.95879418184869,387,OFF,OFF,OFF
23.866188266151443,30.1,616,OFF,OFF,ON
15.765336229257937,69.25062142214318,100,OFF,ON,OFF
24.899128856925856,50.820776404351165,735,OFF,OFF,OFF
24.3028504974774,56.88311114437468,998,OFF,OFF,OFF
12.941890473418251,37.0433793943095,234,OFF,ON,ON
16.408473995718452,45.48474920740073,531,OFF,ON,ON
20.710389677061098,76.93425880014792,781,OFF,OFF,OFF
20.623626981326606,60.78751104203331,562,OFF,OFF,OFF
16.174964818997605,53.59632222452013,597,OFF,ON,OFF
24.00113113608431,58.20351557020971,454,OFF,OFF,OFF
23.32789510864219,68.68298273758847,444,OFF,OFF,OFF
21.145503127463144,67.8401042580279,532,OFF,OFF,OFF
18.39624486463265,58.920855428675566,565,OFF,OFF,OFF
27.231213942460165,79.1286621357986,250,ON,OFF,OFF
30.201665425671948,77.00930040301844,537,ON,OFF,OFF
19.729104718749912,67.37084733286204,957,OFF,OFF,OFF
19.09944226859004,61.16378918403563,446,OFF,OFF,OFF
24.50165215374891,71.59151016799842,236,OFF,OFF,OFF
20.343719904187466,65.65619787827546,515,OFF,OFF,OFF
21.41416047597628,78.57226541194338,370,OFF,OFF,OFF
25.718061053579767,75.78260862396385,210,ON,OFF,OFF
12.748300716373985,42.60169999310171,590,OFF,ON,ON
28.551173518286898,41.43023415669359,371,ON,OFF,ON
22.452509918204363,48.08632237851134,393,OFF,OFF,ON
20.081957051076827,77.10750412651544,594,OFF,OFF,OFF
21.6597627488935,32.946559927831274,160,OFF,OFF,ON
21.912711407253635,67.04878781189838,106,OFF,OFF,OFF
13.620560736458128,66.49143503073175,727,OFF,ON,OFF
29.415996973693037,80.33437920121297,100,ON,OFF,OFF
22.298993867985338,63.33904197617697,303,OFF,OFF,OFF
24.265634013019735,36.97951180953119,100,OFF,OFF,ON
26.75552378569821,43.62073472204073,429,ON,OFF,ON
17.096967509542765,39.76873906610187,664,OFF,ON,ON
24.4148164281891,50.91173915696762,583,OFF,OFF,OFF
20.78626816951216,57.05447330476088,998,OFF,OFF,OFF
26.24251747449538,40.05514653416347,834,ON,OFF,ON
11.681585308406524,85.66345455586665,315,OFF,ON,OFF
21.611486688216566,37.28969181222406,246,OFF,OFF,ON
19.14520230907373,83.50841570988479,998,OFF,OFF,OFF
24.213054132839325,80.72391997829284,827,OFF,OFF,OFF
24.398034078709916,75.76082914093455,706,OFF,OFF,OFF
18.632067506719714,48.21578773872644,573,OFF,OFF,ON
18.60980028633068,66.14381143247795,624,OFF,OFF,OFF
21.554833815632303,38.118606494988605,173,OFF,OFF,ON
17.70662847995175,75.97890451103177,594,OFF,ON,OFF
26.219079550482352,58.93888728459962,572,ON,OFF,OFF
20.28899240326744,53.13711143503255,322,OFF,OFF,OFF
7.863814296810098,39.046416876896004,416,OFF,ON,ON
20.26150161998484,30.1,944,OFF,OFF,ON
17.01186696976945,42.25070705419503,522,OFF,ON,ON
14.109803888779602,79.47190627655984,998,OFF,ON,OFF
16.038120846733435,53.249341981810346,106,OFF,ON,OFF
22.63233287606526,57.28930033203596,420,OFF,OFF,OFF
28.601791654796195,71.56094312953817,156,ON,OFF,OFF
23.630036421106652,90.0,243,OFF,OFF,OFF
19.12717135760749,83.14337725616753,341,OFF,OFF,OFF
24.328803550082277,43.39616167202398,635,OFF,OFF,ON
19.848917534960187,30.1,623,OFF,OFF,ON
18.69584151836144,90.0,379,OFF,OFF,OFF
16.44480866324485,90.0,100,OFF,ON,OFF
13.519566836443795,63.4794412887784,934,OFF,ON,OFF
20.18756273842611,38.237690162435804,481,OFF,OFF,ON
22.870502761185197,76.88410561724135,267,OFF,OFF,OFF
21.62358309069166,58.35065829517184,625,OFF,OFF,OFF
20.060053051103175,58.264195586540204,607,OFF,OFF,OFF
17.466212198586973,75.6943275970074,471,OFF,ON,OFF
25.074682105286684,66.00408295544014,592,ON,OFF,OFF
15.647877435627164,39.702658248640276,257,OFF,ON,ON
25.896154787650904,54.600434934624055,750,ON,OFF,OFF
17.189725886871773,71.65780629155503,298,OFF,ON,OFF
18.41267739479113,69.04701128764934,398,OFF,OFF,OFF
14.915163096427705,64.75218453839396,721,OFF,ON,OFF
19.641755410772017,76.3684616671657,864,OFF,OFF,OFF
26.87186779934583,53.96071438363824,962,ON,OFF,OFF
24.621216490998837,63.31016738563752,826,OFF,OFF,OFF
26.887092910937987,30.1,471,ON,OFF,ON
24.653111794012744,52.439345924441334,158,OFF,OFF,OFF
16.693004846186792,73.43552583221762,915,OFF,ON,OFF
20.477089875913446,53.464553553525555,907,OFF,OFF,OFF
18.276743168183017,52.15253702564495,381,OFF,OFF,OFF
28.611261043996233,42.20032370885316,791,ON,OFF,ON
16.237087693046004,77.57857312575601,469,OFF,ON,OFF
26.472275385932463,69.70811635384582,940,ON,OFF,OFF
26.468633587460282,74.49976479406995,422,ON,OFF,OFF
31.05462659079116,30.352992648529458,998,ON,OFF,ON
20.09080207330499,57.44291633168066,756,OFF,OFF,OFF
25.584246338008935,55.372612911710846,998,ON,OFF,OFF
33.26780949769044,55.36464217199776,435,ON,OFF,OFF
19.07263740842414,49.560783162254964,658,OFF,OFF,ON
14.580980898456822,54.230836386634095,305,OFF,ON,OFF
12.891981333410653,74.91898115963335,771,OFF,ON,OFF
25.586155169078573,30.1,785,ON,OFF,ON
12.876606790524939,90.0,998,OFF,ON,OFF
20.273756525487745,68.59006206060945,678,OFF,OFF,OFF
24.237780492735126,59.48652684411255,740,OFF,OFF,OFF
23.003294464235776,75.90843779400343,433,OFF,OFF,OFF
24.179672238240773,35.1001400021849,693,OFF,OFF,ON
23.18500912759092,48.7186653749673,456,OFF,OFF,ON
28.35808921505957,58.12415262211106,584,ON,OFF,OFF
17.434043388066556,83.84504832185638,599,OFF,ON,OFF
18.78203813086788,59.41447191290565,463,OFF,OFF,OFF
18.313658061140337,68.00550876674508,570,OFF,OFF,OFF
26.16134554872228,50.018380334080405,458,ON,OFF,OFF
26.50508352146627,68.64198262243195,456,ON,OFF,OFF
24.30589540104611,89.23753837191848,831,OFF,OFF,OFF
27.891139585878257,77.44294389341614,599,ON,OFF,OFF
16.32887831330182,58.80962488144286,643,OFF,ON,OFF
30.259522391853245,71.905872501361,179,ON,OFF,OFF
29.554557959269054,70.21078600500708,663,ON,OFF,OFF
25.69832420000463,68.98360939300822,691,ON,OFF,OFF
30.820489729610507,79.45728944403686,452,ON,OFF,OFF
13.985701036529552,79.327950036087,998,OFF,ON,OFF
19.528920410226554,58.018905298638316,100,OFF,OFF,OFF
18.496555938619426,71.32434121112428,756,OFF,OFF,OFF
25.629080543563052,53.590845991705756,737,ON,OFF,OFF
16.95508753136056,44.248474247178464,693,OFF,ON,ON
25.805416895736926,55.556306343535276,599,ON,OFF,OFF
28.806914459376113,58.89920874619207,696,ON,OFF,OFF
25.500429079266553,31.471234216827305,777,ON,OFF,ON
23.48592790333233,75.10389476759293,367,OFF,OFF,OFF
17.25995367754754,30.1,631,OFF,ON,ON
17.95041046264756,90.0,507,OFF,ON,OFF
28.2148940226973,86.203555151673,273,ON,OFF,OFF
25.912415109254407,55.7031093538091,739,ON,OFF,OFF
21.90561760273862,60.38201766130537,409,OFF,OFF,OFF
20.050541839454684,65.46076896627864,169,OFF,OFF,OFF
12.178143493908976,50.02562284184741,415,OFF,ON,OFF
16.85368150004134,63.55151119766566,349,OFF,ON,OFF
31.455120452451947,57.72752566223865,819,ON,OFF,OFF
15.827447762828763,58.587877388984545,593,OFF,ON,OFF
23.024368583627215,63.35846060856903,910,OFF,OFF,OFF
27.02918625599061,37.49304520923691,383,ON,OFF,ON
15.952458890657596,60.9035403563381,779,OFF,ON,OFF
23.001017483383485,63.04680482618836,998,OFF,OFF,OFF
26.68876949409558,62.448208472212684,646,ON,OFF,OFF
22.157857955251718,56.4847519185736,776,OFF,OFF,OFF
36.14059022527255,79.90547235333815,732,ON,OFF,OFF
13.92706533547001,54.100240445114245,188,OFF,ON,OFF
27.280279532450784,64.15198707258867,705,ON,OFF,OFF
21.250609202092843,82.66400499260111,633,OFF,OFF,OFF
25.876042872202603,58.84560918045016,487,ON,OFF,OFF
24.257335261994516,63.929445274078475,327,OFF,OFF,OFF
18.507069112185086,58.551338210807245,733,OFF,OFF,OFF
23.2178448655208,81.6271705800003,304,OFF,OFF,OFF
13.000226715229852,55.75992999755761,998,OFF,ON,OFF
25.050208115244438,82.42277218175788,583,ON,OFF,OFF
23.556467889117254,58.426711684318235,240,OFF,OFF,OFF
25.223591360190856,45.349063188264026,422,ON,OFF,ON
27.277291921138232,71.97304216907983,483,ON,OFF,OFF
23.8965563127337,54.9477451941375,998,OFF,OFF,OFF
22.82171787982289,70.9544688565447,327,OFF,OFF,OFF
17.78287948969066,30.1,524,OFF,ON,ON
18.609570662773375,60.30898670214706,416,OFF,OFF,OFF
27.90700755144786,52.267108571685554,682,ON,OFF,OFF
29.129072888306954,41.82305374921525,420,ON,OFF,ON
20.93085260769323,50.647078872293314,261,OFF,OFF,OFF
22.321893395663913,50.29305495411253,504,OFF,OFF,OFF
17.66759620960992,59.388706415533996,477,OFF,ON,OFF
27.838571251587616,36.562252478828,402,ON,OFF,ON
25.354594075571054,65.69091070878189,416,ON,OFF,OFF
31.601015545399605,83.85637062023264,859,ON,OFF,OFF
17.79632049888454,65.07938746696513,472,OFF,ON,OFF
20.24590348172937,74.2155720290422,262,OFF,OFF,OFF
23.22983795993032,79.1564022429861,435,OFF,OFF,OFF
25.261924575149056,81.6119404708481,568,ON,OFF,OFF
21.040734338930633,90.0,210,OFF,OFF,OFF
17.822573213196762,51.582029834556785,972,OFF,ON,OFF
26.41210178087925,47.78814225106279,777,ON,OFF,ON
25.62739648205969,73.77398881537209,922,ON,OFF,OFF
17.610509264045398,72.47293266042114,655,OFF,ON,OFF
28.733016249778657,73.63920479750468,100,ON,OFF,OFF
27.826046413524615,90.0,949,ON,OFF,OFF
22.754186631845336,60.41564378637095,332,OFF,OFF,OFF
22.486377756529865,67.59203773830127,353,OFF,OFF,OFF
24.80937127985664,43.256829131464144,594,OFF,OFF,ON
17.877693377245183,90.0,909,OFF,ON,OFF
22.24369679433453,54.39622663118806,825,OFF,OFF,OFF
11.558418919326755,54.88635815774631,787,OFF,ON,OFF
26.38785696503178,54.219666263595585,474,ON,OFF,OFF
14.451465025238576,49.0613206067057,470,OFF,ON,ON
29.457523567976775,47.59863880432818,643,ON,OFF,ON
20.480365991485026,51.158105759975015,521,OFF,OFF,OFF
21.06032186764464,36.58873286198724,783,OFF,OFF,ON
19.02322505024297,46.63182093100495,768,OFF,OFF,ON
20.686398998312512,90.0,706,OFF,OFF,OFF
29.04190278899369,72.94679966657175,100,ON,OFF,OFF
9.916150841009046,76.2383762098651,587,OFF,ON,OFF
28.348784571918213,80.58630034039453,526,ON,OFF,OFF
23.751650179980473,90.0,597,OFF,OFF,OFF
16.18698610256322,30.1,360,OFF,ON,ON
16.83184511013192,38.9402161739959,213,OFF,ON,ON
30.304414133589365,46.313375664074655,673,ON,OFF,ON
17.46738324661933,52.0919404843264,462,OFF,ON,OFF
16.449764267695475,55.01865404021615,702,OFF,ON,OFF
27.665042912146962,52.485586383079,382,ON,OFF,OFF
23.754242140990325,64.01328177693811,918,OFF,OFF,OFF
17.504501912257613,60.82958836146413,812,OFF,ON,OFF
23.157273421731546,47.712867102672305,630,OFF,OFF,ON
17.074493396855956,30.1,499,OFF,ON,ON
27.486369571234896,43.04089968034033,773,ON,OFF,ON
27.293217104736193,50.716325145541475,655,ON,OFF,OFF
24.70140502459579,55.94410566695871,615,OFF,OFF,OFF
23.8673816560719,40.67408833686598,822,OFF,OFF,ON
30.719577689126176,51.72728437291424,921,ON,OFF,OFF
22.095124513007526,40.651251700900374,232,OFF,OFF,ON
16.310110376440562,58.04207613126268,284,OFF,ON,OFF
24.297320375318513,41.65293518048672,353,OFF,OFF,ON
32.31011287260878,45.5316807324467,168,ON,OFF,ON
17.128316933378045,37.57684748472305,538,OFF,ON,ON
20.326909768085265,57.563149846121,708,OFF,OFF,OFF
24.13561326861524,45.228160129866744,549,OFF,OFF,ON
21.832737842653685,75.90757480490117,417,OFF,OFF,OFF
17.287223668929496,67.24071023622696,844,OFF,ON,OFF
27.589365745076428,59.0103925134372,590,ON,OFF,OFF
33.455764540237546,46.42130468996379,642,ON,OFF,ON
23.05693553238485,66.80246618653506,851,OFF,OFF,OFF
17.670269886549967,72.16902767713914,522,OFF,ON,OFF
14.51282611039402,62.68763906797622,998,OFF,ON,OFF
23.359731241508232,87.96523181718938,439,OFF,OFF,OFF
27.501331720965215,68.17130207046391,998,ON,OFF,OFF
24.423119432497614,76.02562147641277,303,OFF,OFF,OFF
22.084890882408676,62.529798361287455,687,OFF,OFF,OFF
19.211539312363865,71.90887612981656,389,OFF,OFF,OFF
16.74934009782279,46.43348946192095,842,OFF,ON,ON
26.18366929488137,52.28799025851312,431,ON,OFF,OFF
26.57055895669688,66.26341044555157,629,ON,OFF,OFF
14.528644062878445,66.13773175815311,387,OFF,ON,OFF
29.880638611980707,69.00132865372318,795,ON,OFF,OFF
24.907358724859986,79.25727703611221,385,OFF,OFF,OFF
28.94918719670007,35.564917701621184,987,ON,OFF,ON
15.525495867162489,43.359525178429195,298,OFF,ON,ON
15.409476370443667,64.19085874326075,208,OFF,ON,OFF
21.367294666992816,47.686416073237694,799,OFF,OFF,ON
24.55833290053317,90.0,402,OFF,OFF,OFF
30.891786021769832,69.14160496128326,552,ON,OFF,OFF
25.55367890921348,58.86369419027886,471,ON,OFF,OFF
20.908473408350943,51.30058304183231,217,OFF,OFF,OFF
17.071474846095192,51.9114437534668,534,OFF,ON,OFF
28.118841102995233,60.7404042736205,879,ON,OFF,OFF
17.37338563639408,62.15637367190981,812,OFF,ON,OFF
30.069772097399024,52.31738913497131,614,ON,OFF,OFF
20.704290371769947,55.49300929356785,840,OFF,OFF,OFF
29.884276861562935,83.47694706385688,282,ON,OFF,OFF
25.420761979886297,84.17281648108556,470,ON,OFF,OFF
21.425919445507724,64.57947157837059,656,OFF,OFF,OFF
19.553654251487426,37.01324373466496,521,OFF,OFF,ON
20.42754814437021,69.53579228664992,491,OFF,OFF,OFF
24.193732937922796,87.11020627097506,245,OFF,OFF,OFF
22.474424633264068,83.91807292899875,100,OFF,OFF,OFF
19.18931230384267,72.92553120175555,764,OFF,OFF,OFF
21.28571569488061,84.82885122197588,617,OFF,OFF,OFF
22.481379678490676,61.14255152266127,786,OFF,OFF,OFF
11.674208512124315,71.0859953999617,442,OFF,ON,OFF
24.339887880945774,48.44055106971215,371,OFF,OFF,ON
17.299867088033583,65.27553284755172,556,OFF,ON,OFF
16.44985292292096,83.22174553348911,774,OFF,ON,OFF
13.835287889670694,50.02107216444244,495,OFF,ON,OFF
13.313619652645688,45.31474227695101,760,OFF,ON,ON
15.460281287044632,61.90562444604552,295,OFF,ON,OFF
18.625237168035664,56.297352589726636,513,OFF,OFF,OFF
31.659972673417144,71.45009927164223,536,ON,OFF,OFF
19.521911478104897,52.376899389504985,869,OFF,OFF,OFF
22.966938964465566,89.95035685969904,607,OFF,OFF,OFF
24.05744906216809,37.905713259409985,998,OFF,OFF,ON
22.73836587552686,81.91030802929106,208,OFF,OFF,OFF
21.717490923858204,46.98595816481071,588,OFF,OFF,ON
16.244406758495877,30.1,600,OFF,ON,ON
29.200517181206454,64.33450396492056,714,ON,OFF,OFF
30.944839063486793,55.81385114965564,345,ON,OFF,OFF
13.85822922010396,41.02112160220833,987,OFF,ON,ON
17.08293469237354,31.128737188653545,557,OFF,ON,ON
20.726686544496246,60.07427492202974,275,OFF,OFF,OFF
17.374206370347935,77.1022825878826,550,OFF,ON,OFF
24.573907949681047,70.33944860698955,474,OFF,OFF,OFF
18.530981539462775,61.20003331858928,998,OFF,OFF,OFF
32.69694732235584,68.5036665728917,824,ON,OFF,OFF
27.925681072904922,59.74808546651395,567,ON,OFF,OFF
23.137439673302424,35.482682867278236,525,OFF,OFF,ON
27.124866865782984,35.635458778918874,799,ON,OFF,ON
27.511236886963346,56.70382629123876,811,ON,OFF,OFF
19.335528436096507,57.439399939449146,100,OFF,OFF,OFF
18.10039560474868,74.94212864354736,719,OFF,OFF,OFF
22.47925494270191,73.32135928033107,561,OFF,OFF,OFF
26.315299409210397,70.6885828044471,217,ON,OFF,OFF
22.77751107276686,55.369642167428374,780,OFF,OFF,OFF
14.3755598300381,36.331698925518616,998,OFF,ON,ON
18.165967823727126,67.34834006575547,697,OFF,OFF,OFF
21.734483243989597,69.30509799412572,837,OFF,OFF,OFF
21.726195450472378,30.1,998,OFF,OFF,ON
31.75438397033269,45.78370120001123,341,ON,OFF,ON
15.310752862501861,48.26271314403201,100,OFF,ON,ON
24.572065498000963,62.26655369691762,723,OFF,OFF,OFF
29.387476726248323,46.319660022895604,490,ON,OFF,ON
33.21785924657247,59.5591465170348,201,ON,OFF,OFF
20.116698268409,56.5763769871617,534,OFF,OFF,OFF
24.502738042084303,57.465418056514665,741,OFF,OFF,OFF
24.88625239267093,47.82429686000923,516,OFF,OFF,ON
23.053754414911346,49.16358586074769,352,OFF,OFF,ON
21.6127062967811,41.52878490842728,497,OFF,OFF,ON
24.23123052937431,66.79463098790399,549,OFF,OFF,OFF
9.6985816489106,70.099809120067,100,OFF,ON,OFF
25.43612685718869,46.88615114287552,517,ON,OFF,ON
22.71443735067112,86.52814625299716,208,OFF,OFF,OFF
21.00740545526085,54.77587966993571,724,OFF,OFF,OFF
32.118260705641816,86.69329734376853,153,ON,OFF,OFF
18.79212953701478,49.1092227580992,815,OFF,OFF,ON
20.123168115161555,30.1,449,OFF,OFF,ON
31.847463955377826,67.17751784310117,414,ON,OFF,OFF
18.022821822853842,64.51910912437978,630,OFF,OFF,OFF
19.403252014673225,60.81398948904986,331,OFF,OFF,OFF
21.37681208940611,49.10740083981448,626,OFF,OFF,ON
26.21296330250408,59.62078008007057,366,ON,OFF,OFF
23.114077915081946,51.373418781317014,411,OFF,OFF,OFF
15.767863568978967,54.987854489568946,658,OFF,ON,OFF
19.491120585050023,74.78035314504875,261,OFF,OFF,OFF
19.123004573484224,63.40614616770503,229,OFF,OFF,OFF
21.71857988788513,70.77194742706492,618,OFF,OFF,OFF
24.181624767626996,56.207276208097745,547,OFF,OFF,OFF
24.144228987131534,54.301545968995924,597,OFF,OFF,OFF
13.40116519931844,40.262054016839926,638,OFF,ON,ON
27.3058001406227,53.81677314391197,569,ON,OFF,OFF
23.333257476549335,30.1,710,OFF,OFF,ON
28.8754395187341,50.00725604003292,579,ON,OFF,OFF
24.271490688090516,58.802389614908144,100,OFF,OFF,OFF
27.488825245601827,69.97127738868451,105,ON,OFF,OFF
24.380903303386454,55.570422186505475,998,OFF,OFF,OFF
28.687888863420216,66.2341708680535,554,ON,OFF,OFF
24.653641011677035,30.1,798,OFF,OFF,ON
21.617259429573217,59.23557064235851,465,OFF,OFF,OFF
33.22268176278394,31.161161740599724,539,ON,OFF,ON
26.449456877960948,39.31357367702374,438,ON,OFF,ON
24.905758686557583,56.980700430494664,998,OFF,OFF,OFF
15.847772145894377,82.30009498641678,619,OFF,ON,OFF
15.789003517618724,66.64132877953355,417,OFF,ON,OFF
23.529818606437882,60.53435028947641,129,OFF,OFF,OFF
22.809143660099917,59.88102505374569,998,OFF,OFF,OFF
19.089867260851992,47.87214218809682,512,OFF,OFF,ON
22.78692281145026,50.807248206935824,745,OFF,OFF,OFF
29.87470431792016,67.61313656266876,774,ON,OFF,OFF
25.50140621175782,36.25023786007402,435,ON,OFF,ON
16.510191687369023,70.47959966911746,727,OFF,ON,OFF
21.550704175181163,53.49720823492603,399,OFF,OFF,OFF
18.155480240355466,74.5022298478815,299,OFF,OFF,OFF
20.198450592220674,76.84720038313156,854,OFF,OFF,OFF
20.07156501878492,31.272215692799453,513,OFF,OFF,ON
19.758069442676835,50.15676103828351,687,OFF,OFF,OFF
15.951417475064506,45.417092947120445,660,OFF,ON,ON
21.471652785482316,30.1,718,OFF,OFF,ON
19.35188061378098,42.35464667380383,154,OFF,OFF,ON
7.753846042462662,90.0,404,OFF,ON,OFF
32.14817491425675,70.76430900814859,471,ON,OFF,OFF
27.427363271188327,90.0,340,ON,OFF,OFF
20.25426194213602,74.56350045864795,664,OFF,OFF,OFF
22.18879984634858,47.383995570039005,859,OFF,OFF,ON
16.360147224457318,53.613748291898276,900,OFF,ON,OFF
30.39905462255316,70.39970400570205,467,ON,OFF,OFF
31.385936925361353,67.78840258068259,629,ON,OFF,OFF
22.863845259670587,50.23009734743453,669,OFF,OFF,OFF
27.107947879119628,34.093917233157285,714,ON,OFF,ON
22.954878317533005,90.0,328,OFF,OFF,OFF
15.551946005523963,57.77683996417348,998,OFF,ON,OFF
20.080340246091318,54.58318615366839,792,OFF,OFF,OFF
22.742590117885324,62.179774370333384,799,OFF,OFF,OFF
19.871158424827662,56.019381463798396,864,OFF,OFF,OFF
21.02611640811358,62.342311495218176,691,OFF,OFF,OFF
21.649160761834153,82.48493111057863,290,OFF,OFF,OFF
21.700672708282173,58.06406400653505,518,OFF,OFF,OFF
22.35252201311336,40.102398188533705,130,OFF,OFF,ON
16.903853353463305,57.422262752382935,661,OFF,ON,OFF
18.586092073320177,52.18412265825971,511,OFF,OFF,OFF
15.807233344570403,84.8543877911896,544,OFF,ON,OFF
26.884123133374867,80.4809395509003,864,ON,OFF,OFF
11.787245050964936,62.079262460277505,437,OFF,ON,OFF
27.744730530642116,38.094994892642404,489,ON,OFF,ON
28.884337407539444,39.00926353845766,560,ON,OFF,ON
20.617160044202265,60.4805820821871,100,OFF,OFF,OFF
9.351493650776042,66.03778995098625,486,OFF,ON,OFF
20.327654974556495,53.7374252999731,100,OFF,OFF,OFF
21.782409510548096,51.91131743562613,404,OFF,OFF,OFF
17.148690858859624,49.9626656889158,774,OFF,ON,ON
19.574109964809807,59.814179831270145,669,OFF,OFF,OFF
29.588617915376688,30.1,401,ON,OFF,ON
25.35219665438387,41.16442466873737,565,ON,OFF,ON
17.569920695771568,49.37006449833591,278,OFF,ON,ON
14.274687430659318,81.1104363090117,553,OFF,ON,OFF
20.495557431790363,46.13880476426084,998,OFF,OFF,ON
21.05155887684937,63.34128166391118,998,OFF,OFF,OFF
24.52609104300144,64.13843737132255,568,OFF,OFF,OFF
19.475706994510627,82.6747140764348,595,OFF,OFF,OFF
24.601002961943983,82.06329783718326,302,OFF,OFF,OFF
31.571328673410463,59.2240458860931,348,ON,OFF,OFF
26.089418273007844,51.992371825949235,647,ON,OFF,OFF
21.861215115003816,48.73367957888683,419,OFF,OFF,ON
21.19994097740912,56.04819465856143,787,OFF,OFF,OFF
20.350360190564487,52.70953926948972,958,OFF,OFF,OFF
27.877172272812302,69.7974631854593,640,ON,OFF,OFF
19.025283656561975,67.4908808544025,580,OFF,OFF,OFF
22.31807426621385,70.45792343936844,122,OFF,OFF,OFF
22.34732928672822,82.00631226009634,746,OFF,OFF,OFF
19.63988488347325,90.0,260,OFF,OFF,OFF
15.376959583658564,62.37578082568983,447,OFF,ON,OFF
23.67796918695208,79.24120193467805,801,OFF,OFF,OFF
21.79797997144635,54.1347112736833,819,OFF,OFF,OFF
24.545877482085487,80.72122013033473,434,OFF,OFF,OFF
19.48411065569767,78.58453358872661,449,OFF,OFF,OFF
28.073898646446374,77.665946582689,374,ON,OFF,OFF
17.803905975408135,61.84646923226581,246,OFF,ON,OFF
30.478945943691524,48.65538963992259,391,ON,OFF,ON
13.540092656268952,36.0916199263723,139,OFF,ON,ON
24.2253291623992,59.52622818466786,730,OFF,OFF,OFF
24.424406788260185,86.74220701924757,656,OFF,OFF,OFF
18.20154947581561,54.85817462430877,698,OFF,OFF,OFF
24.17452681921332,73.80272536990702,309,OFF,OFF,OFF
28.361285652249652,74.82047761952548,247,ON,OFF,OFF
11.242938581349277,55.31075668232389,568,OFF,ON,OFF
24.55813892077202,82.99355020345354,571,OFF,OFF,OFF
9.889407651783994,30.1,516,OFF,ON,ON
17.368688446366278,39.06362430432311,480,OFF,ON,ON
30.073188631397883,44.37719846775041,994,ON,OFF,ON
19.24820908089123,46.03670255246533,664,OFF,OFF,ON
16.349250425816344,66.03675155261229,998,OFF,ON,OFF
21.12754138416718,65.2369913076681,880,OFF,OFF,OFF
32.22129450407423,67.03552079766621,992,ON,OFF,OFF
13.128598028387099,70.53197871672353,278,OFF,ON,OFF
16.949363171894063,43.78077953904646,707,OFF,ON,ON
29.428205131635174,39.14276462084091,443,ON,OFF,ON
31.192118995041042,67.07581768206141,126,ON,OFF,OFF
21.590252762459215,49.315024764629456,939,OFF,OFF,ON
16.030159506318185,33.04749551358543,479,OFF,ON,ON
32.35807708362079,77.0245541503155,283,ON,OFF,OFF
29.903177291662306,84.35615855250406,447,ON,OFF,OFF
25.420838837090926,87.16000748180193,349,ON,OFF,OFF
18.119073637640987,63.45442561323059,376,OFF,OFF,OFF
21.856608719176382,71.04843622101217,497,OFF,OFF,OFF
21.311524543077216,83.91958025206088,998,OFF,OFF,OFF
23.71653463234719,49.12153070110559,383,OFF,OFF,ON
29.200878951810804,79.43521843645077,981,ON,OFF,OFF
26.402356194054413,64.98367151938001,772,ON,OFF,OFF
16.821741149126787,76.02742834527648,656,OFF,ON,OFF
28.836096592646,63.43860000304875,746,ON,OFF,OFF
23.629780190397586,82.64599726665938,558,OFF,OFF,OFF
25.4605891685274,64.08620461509767,885,ON,OFF,OFF
29.276961196098252,34.54399803799023,700,ON,OFF,ON
16.654274794664577,85.33930643782529,126,OFF,ON,OFF
21.921255390792233,43.825310395813744,630,OFF,OFF,ON
19.494616443566265,81.89860231086695,756,OFF,OFF,OFF
14.420295588396218,58.657599230649765,480,OFF,ON,OFF
23.794179959094908,80.56557667297666,587,OFF,OFF,OFF
34.393441303866894,79.852025510225,396,ON,OFF,OFF
13.087493004562916,67.66100833333698,200,OFF,ON,OFF
21.938611834942527,69.01730641397779,155,OFF,OFF,OFF
25.232809534679664,67.53099935908833,159,ON,OFF,OFF
22.699260962632753,30.1,726,OFF,OFF,ON
21.542776318718428,62.266207976244054,100,OFF,OFF,OFF
15.735593427961682,40.90944431893695,383,OFF,ON,ON
23.236402723531345,63.180707309859876,357,OFF,OFF,OFF
18.391483540440465,40.44441061125687,482,OFF,OFF,ON
11.374629094708583,39.717588842864785,100,OFF,ON,ON
27.9454789888741,87.98655833611329,658,ON,OFF,OFF
26.788993627685244,78.72187617786324,227,ON,OFF,OFF
22.34959653868417,60.147255770395525,845,OFF,OFF,OFF
23.218228207734448,63.41568652370302,394,OFF,OFF,OFF
27.356606882734596,55.92963149870091,530,ON,OFF,OFF
23.19504511652591,70.0785932207385,555,OFF,OFF,OFF
26.522802269194113,48.52223448322556,617,ON,OFF,ON
20.64016371700942,77.41203615601944,564,OFF,OFF,OFF
28.520237216332454,55.84016910312417,444,ON,OFF,OFF
23.667252756980734,52.954983275646875,642,OFF,OFF,OFF
23.046754059179705,60.594594168803866,674,OFF,OFF,OFF
15.878339976468364,49.991254595253565,357,OFF,ON,ON
23.50161900954262,65.9055964539496,664,OFF,OFF,OFF
18.02334270382401,50.92179779921112,861,OFF,OFF,OFF
18.971577184704223,68.32504732712005,736,OFF,OFF,OFF
18.104516224859562,81.25755615011032,794,OFF,OFF,OFF
16.876289083313416,47.773648831322355,598,OFF,ON,ON
32.49971039322463,57.95978879523921,313,ON,OFF,OFF
28.615002422212747,68.2006001911452,346,ON,OFF,OFF
31.498932605421395,52.67798148607926,636,ON,OFF,OFF
16.109268809764856,68.25232877392968,797,OFF,ON,OFF
22.4455243169507,69.82811179076734,998,OFF,OFF,OFF
15.763543865327662,78.96088457292856,807,OFF,ON,OFF
18.69048271980504,49.73444602522097,253,OFF,OFF,ON
17.601437401939943,43.90758726439412,357,OFF,ON,ON
28.165762358212604,54.89740577588165,998,ON,OFF,OFF
20.156688199226398,43.47544822591187,499,OFF,OFF,ON
27.327530636986445,69.98554326253335,566,ON,OFF,OFF
25.054484297473433,40.118992648337894,307,ON,OFF,ON
33.37545918845837,90.0,957,ON,OFF,OFF
14.853183464380296,82.64030772953475,683,OFF,ON,OFF
28.261966570535943,60.43650687863143,355,ON,OFF,OFF
27.70972614149649,75.22607617660859,299,ON,OFF,OFF
17.3309199186972,31.899948018169965,633,OFF,ON,ON
27.02766535384459,90.0,565,ON,OFF,OFF
23.742452805782133,50.00738327642199,768,OFF,OFF,OFF
20.982918382592228,58.13415315707484,695,OFF,OFF,OFF
18.062606474737557,30.1,486,OFF,OFF,ON
18.575843098338197,68.63238441903664,414,OFF,OFF,OFF
32.132703651446946,41.07761435378323,513,ON,OFF,ON
22.10000341514192,61.9777163516805,412,OFF,OFF,OFF
25.926031095252124,50.80221315832094,521,ON,OFF,OFF
18.224353878985035,41.57243852620646,558,OFF,OFF,ON
18.278438107228595,46.302340117637556,323,OFF,OFF,ON
27.394144129540827,64.12537970566669,716,ON,OFF,OFF
15.489027598414598,38.04732746538223,459,OFF,ON,ON
20.063740582689235,47.26343052045475,338,OFF,OFF,ON
22.263261195396232,71.69449311164765,464,OFF,OFF,OFF
22.64194941310322,90.0,616,OFF,OFF,OFF
21.21980528356775,68.48188835951845,575,OFF,OFF,OFF
24.03462547059122,44.34900848753783,663,OFF,OFF,ON
25.48893727389326,53.8673355200383,785,ON,OFF,OFF
25.693504245606487,60.76546268162421,890,ON,OFF,OFF
17.27008627228281,54.173383959928486,628,OFF,ON,OFF
20.705414275077203,75.84310802177721,279,OFF,OFF,OFF
27.946314462586926,63.98152624775254,485,ON,OFF,OFF
26.476924204711416,75.92605475651467,296,ON,OFF,OFF
15.375031000257302,54.77860736084712,990,OFF,ON,OFF
23.817533880985028,83.15195122558353,998,OFF,OFF,OFF
12.411111811625238,57.33849296136558,721,OFF,ON,OFF
22.326457299883707,43.41597411671563,775,OFF,OFF,ON
31.388278827858407,90.0,619,ON,OFF,OFF
17.455701996940466,30.1,648,OFF,ON,ON
18.011748160431807,47.43770668528721,143,OFF,OFF,ON
25.83741097591203,49.370462320332635,535,ON,OFF,ON
14.542981113406434,90.0,327,OFF,ON,OFF
18.998641227977693,90.0,626,OFF,OFF,OFF
25.016883619641973,86.06599181028466,539,ON,OFF,OFF
18.991146222015278,54.49806720923155,998,OFF,OFF,OFF
20.94133241706644,90.0,790,OFF,OFF,OFF
25.740252821641853,66.59193741244272,627,ON,OFF,OFF
24.160583497492738,77.12696268051768,485,OFF,OFF,OFF
23.40302441037162,63.32791181369579,985,OFF,OFF,OFF
20.436290574846424,59.36308689450815,546,OFF,OFF,OFF
23.908508989971164,55.862802238393414,639,OFF,OFF,OFF
21.490855216974783,56.5918608310851,565,OFF,OFF,OFF
24.338113028248607,70.74669188996934,450,OFF,OFF,OFF
19.66364148317449,66.57200264007929,563,OFF,OFF,OFF
21.20278803146381,59.67442924897957,100,OFF,OFF,OFF
17.24974803615112,86.33582199073206,156,OFF,ON,OFF
21.925260230733205,30.1,644,OFF,OFF,ON
18.125935421397394,69.04069671442727,957,OFF,OFF,OFF
16.64220007975606,72.63682004273913,644,OFF,ON,OFF
23.363085871950858,80.0630032890084,369,OFF,OFF,OFF
23.13825117513459,59.09656092571069,183,OFF,OFF,OFF
25.929672473331095,63.816238686040485,756,ON,OFF,OFF
19.98583513368799,77.27722565238888,408,OFF,OFF,OFF
24.094519535322334,86.01820982498236,720,OFF,OFF,OFF
24.793409086516842,55.019232000853364,654,OFF,OFF,OFF
24.27430828667944,64.83798584309865,677,OFF,OFF,OFF
18.05419405102861,89.26062487829614,563,OFF,OFF,OFF
22.827955791221456,30.1,653,OFF,OFF,ON
23.879520187262578,48.28073736516869,523,OFF,OFF,ON
22.131806625151388,85.57995774223501,391,OFF,OFF,OFF
11.881099390447755,79.12137344466515,306,OFF,ON,OFF
22.8824302676481,69.25796718245475,100,OFF,OFF,OFF
32.929388566586745,52.45756985842589,508,ON,OFF,OFF
20.33387932742466,44.962224843270846,945,OFF,OFF,ON
18.531936786893958,49.99006444307348,742,OFF,OFF,ON
23.924604579940766,87.00165340396461,613,OFF,OFF,OFF
23.626088891256188,49.34598363954337,365,OFF,OFF,ON
27.936386699127254,61.973688629665865,811,ON,OFF,OFF
15.938037547138327,47.17872326922272,523,OFF,ON,ON
25.677556280068174,74.80010745104653,959,ON,OFF,OFF
24.98741374226328,50.89820402139349,302,OFF,OFF,OFF
21.400699506465482,58.530416414210066,361,OFF,OFF,OFF
23.754900377952858,31.09404368608816,336,OFF,OFF,ON
27.136966147408735,32.30538282825109,173,ON,OFF,ON
26.367585895327224,60.35168539586623,313,ON,OFF,OFF
16.50034663896281,37.29184093723853,581,OFF,ON,ON
26.112220120609194,90.0,371,ON,OFF,OFF
21.779939713779367,30.1,100,OFF,OFF,ON
22.45345767039793,46.37476733422306,830,OFF,OFF,ON
22.455038580189896,60.50787688509084,121,OFF,OFF,OFF
21.361058632956595,53.90161363216553,706,OFF,OFF,OFF
27.931355153188868,41.1156549713274,562,ON,OFF,ON
21.686770476130455,43.64542593037419,998,OFF,OFF,ON
16.615273216910886,43.07921586551035,810,OFF,ON,ON
20.169906743536075,55.258238703643386,424,OFF,OFF,OFF
22.971563852958234,90.0,374,OFF,OFF,OFF
28.114993820260448,61.567353461545714,941,ON,OFF,OFF
25.049459917778368,80.68477481037709,175,ON,OFF,OFF
17.932371774445635,68.99033400354311,603,OFF,ON,OFF
34.26434815818858,79.49031847818486,520,ON,OFF,OFF
23.393021301842218,30.1,466,OFF,OFF,ON
28.3410749693885,54.951375248103545,645,ON,OFF,OFF
21.353854322058005,82.83421434864226,603,OFF,OFF,OFF
24.708029645066876,50.32709239093967,672,OFF,OFF,OFF
26.20676497523302,90.0,590,ON,OFF,OFF
28.061038666891445,85.89232043084846,662,ON,OFF,OFF
27.27361976487359,52.10230541935688,578,ON,OFF,OFF
26.367006297631427,51.513489939072606,385,ON,OFF,OFF
20.553970533640594,42.68211796914222,555,OFF,OFF,ON
19.297346094739023,49.32606032689232,370,OFF,OFF,ON
23.725133155450205,38.8933994426618,353,OFF,OFF,ON
26.665329683107892,67.63796642120434,468,ON,OFF,OFF
21.006201979296627,35.02727081970309,523,OFF,OFF,ON
27.31182710776014,70.66436083776328,563,ON,OFF,OFF
29.20878762534541,71.08557544398555,790,ON,OFF,OFF
17.61028003689092,31.47774965094726,426,OFF,ON,ON
17.999029818362285,87.03297562611313,605,OFF,ON,OFF
21.409372804096545,69.10509336724613,584,OFF,OFF,OFF
23.602756416495815,73.18976125448877,398,OFF,OFF,OFF
19.52833837649156,47.092950547971064,573,OFF,OFF,ON
28.717152353091436,70.98696470019856,812,ON,OFF,OFF
24.172925427375134,79.70712334336883,602,OFF,OFF,OFF
22.289796170869,58.51286398053765,612,OFF,OFF,OFF
15.066332821331368,90.0,373,OFF,ON,OFF
15.654321183338041,60.981308651110936,998,OFF,ON,OFF
23.472503962370958,79.95613130571451,387,OFF,OFF,OFF
11.655302144996224,65.28839386983489,125,OFF,ON,OFF
27.05461373471391,70.34927649601296,775,ON,OFF,OFF
21.32232645364281,31.302523349209434,525,OFF,OFF,ON
37.97510190323972,66.63868122684582,476,ON,OFF,OFF
33.3964021620475,47.50282268841263,414,ON,OFF,ON
21.208271176236448,45.57504413191644,998,OFF,OFF,ON
21.576025840627047,90.0,645,OFF,OFF,OFF
26.971106710450826,56.52040160166988,695,ON,OFF,OFF
30.43552910462572,42.86039189572485,596,ON,OFF,ON
14.076739477897732,54.005444752219134,624,OFF,ON,OFF
13.350423642869407,37.71930560114328,914,OFF,ON,ON
19.051128300604898,85.02715155725045,490,OFF,OFF,OFF
24.94978992521239,48.18267047520797,179,OFF,OFF,ON
24.529392974539633,69.37656355651993,777,OFF,OFF,OFF
27.334346573760868,83.68148673858101,682,ON,OFF,OFF
16.22284557526126,51.565581679153865,582,OFF,ON,OFF
10.756635350430793,69.4236666166191,675,OFF,ON,OFF
26.29756615523298,42.39698705321625,459,ON,OFF,ON
18.04174532696881,90.0,559,OFF,OFF,OFF
12.213982839953577,76.419625053532,520,OFF,ON,OFF
22.806903939589,56.88656534575616,402,OFF,OFF,OFF
25.98011165751344,46.84781501118376,860,ON,OFF,ON
21.499058833403343,58.246627220297626,191,OFF,OFF,OFF
19.854998094012945,54.33673052235757,998,OFF,OFF,OFF
21.31641009080582,90.0,780,OFF,OFF,OFF
20.282257542324135,39.01544950582118,100,OFF,OFF,ON
15.496514191967162,62.55118303833488,496,OFF,ON,OFF
18.59752673102127,59.90165392006242,511,OFF,OFF,OFF
24.648888235323202,58.187564574718316,655,OFF,OFF,OFF
23.671624052542924,58.339707040204736,300,OFF,OFF,OFF
22.919494481962097,58.210739644420556,562,OFF,OFF,OFF
17.224334007680945,75.32420239279648,523,OFF,ON,OFF
21.208006333145352,70.75521798705381,364,OFF,OFF,OFF
11.437576319458032,67.46668991704182,329,OFF,ON,OFF
22.97049624846018,30.1,790,OFF,OFF,ON
29.092461483521245,65.40580239634217,118,ON,OFF,OFF
14.879191885719546,31.574032776978253,677,OFF,ON,ON
19.227911697445226,71.40117853222333,759,OFF,OFF,OFF
23.70799329449128,85.72981198483183,498,OFF,OFF,OFF
28.23067765742365,44.19368559025713,568,ON,OFF,ON
19.90211683828375,55.68975269686368,853,OFF,OFF,OFF
18.707347500975157,49.84922948018312,373,OFF,OFF,ON
12.456655668588427,81.59364013913626,399,OFF,ON,OFF
22.60310160328157,61.863044745800984,427,OFF,OFF,OFF
32.094827306529595,90.0,854,ON,OFF,OFF
23.45462941183569,67.37745947880079,886,OFF,OFF,OFF
21.9875806215963,64.41365833634433,195,OFF,OFF,OFF
23.673600939655486,61.39900184908228,813,OFF,OFF,OFF
22.04235294384751,74.37134510238849,765,OFF,OFF,OFF
18.116077122680313,30.154506783711618,954,OFF,OFF,ON
26.12750435418577,61.69549910575204,653,ON,OFF,OFF
23.202006687405373,59.007026082148705,543,OFF,OFF,OFF
22.182896164194684,72.76969695713585,849,OFF,OFF,OFF
17.321190481762354,56.97142587102115,734,OFF,ON,OFF
28.478738991582347,42.247357896935554,998,ON,OFF,ON
25.351097891021464,60.34610537273051,801,ON,OFF,OFF
19.389515796603057,41.48426026435218,594,OFF,OFF,ON
27.001674599061,30.1,252,ON,OFF,ON
19.660513802510536,72.79917257933509,405,OFF,OFF,OFF
18.26790886121674,70.23751007599208,185,OFF,OFF,OFF
18.377093274504208,68.30026030924526,499,OFF,OFF,OFF
13.425367505148248,82.76142729548873,792,OFF,ON,OFF
24.405369351275084,48.712938865098494,553,OFF,OFF,ON
13.131229029186649,35.45863564185793,817,OFF,ON,ON
16.08210138544193,59.00731444336541,641,OFF,ON,OFF
11.934415981190021,54.20668313497172,450,OFF,ON,OFF
21.675256204236273,45.64602470682492,577,OFF,OFF,ON
21.360679326448018,58.837425380464566,676,OFF,OFF,OFF
20.497129584636465,49.63729687527617,590,OFF,OFF,ON
16.99211680205137,30.1,593,OFF,ON,ON
16.357310405924917,52.585949475709484,356,OFF,ON,OFF
24.370252137087263,40.55803554039733,443,OFF,OFF,ON
19.40111414748883,64.22676661811778,998,OFF,OFF,OFF
23.645575832231444,48.86860193668389,870,OFF,OFF,ON
17.76241216558435,79.45172034989827,175,OFF,ON,OFF
22.98315789677148,87.96807291290125,100,OFF,OFF,OFF
28.477613409208708,71.9731840828198,574,ON,OFF,OFF
24.966574749913928,33.38398827505759,784,OFF,OFF,ON
20.07744935949606,86.2609415947284,420,OFF,OFF,OFF
23.35592693439126,87.48111405238976,817,OFF,OFF,OFF
20.91834440578774,60.54403067360476,569,OFF,OFF,OFF
22.135242291356015,83.10741636851938,512,OFF,OFF,OFF
20.502442619555286,50.67417052394492,749,OFF,OFF,OFF
21.29206201507656,30.1,417,OFF,OFF,ON
23.13508623767264,47.064935463214965,480,OFF,OFF,ON
17.233096924311216,90.0,726,OFF,ON,OFF
17.122836585872328,34.42114307534199,546,OFF,ON,ON
15.298245281350468,60.21064583377715,998,OFF,ON,OFF
14.261605424419496,60.80966583262661,733,OFF,ON,OFF
16.13674721164884,51.34375056379017,716,OFF,ON,OFF
22.87740142013507,52.5453792426941,541,OFF,OFF,OFF
17.725501456224194,61.46894023247524,779,OFF,ON,OFF
24.61135762638515,50.49272710863479,471,OFF,OFF,OFF
22.266621559373995,35.61531108019642,627,OFF,OFF,ON
12.458706778249686,63.939284161703114,318,OFF,ON,OFF
25.303472935053744,78.7896837660839,821,ON,OFF,OFF
26.06639506120111,75.26375909169022,629,ON,OFF,OFF
17.230629421310763,46.20936293443732,998,OFF,ON,ON
24.15395155856705,38.57092103403386,998,OFF,OFF,ON
17.90317665364219,55.30207723569187,750,OFF,ON,OFF
22.574862227111545,87.34393219975874,572,OFF,OFF,OFF
15.905575309646068,71.38868545775998,311,OFF,ON,OFF
13.317468193238248,72.39850990326609,787,OFF,ON,OFF
20.22235681172078,75.61470838803292,608,OFF,OFF,OFF
21.490873498079146,67.49878318753795,692,OFF,OFF,OFF
20.149588807722477,62.30562627570023,998,OFF,OFF,OFF
16.299552309595086,71.67777156493833,342,OFF,ON,OFF
20.13872260260206,50.76948457749068,316,OFF,OFF,OFF
23.415148848087664,35.746723694988276,493,OFF,OFF,ON
21.876860426065786,72.72779480118723,765,OFF,OFF,OFF
22.99019986859646,81.63354290017006,697,OFF,OFF,OFF
18.81572285560536,40.87193895734997,324,OFF,OFF,ON
27.833484564815215,74.43932897187007,749,ON,OFF,OFF
16.338021893029584,89.29854522727214,245,OFF,ON,OFF
24.483794347766292,60.18006587362849,339,OFF,OFF,OFF
27.883293256206585,46.06633706731864,524,ON,OFF,ON
24.45122462520817,62.347324852526086,412,OFF,OFF,OFF
21.105085524064624,50.693914371448344,783,OFF,OFF,OFF
19.510075838183422,49.54862777563847,628,OFF,OFF,ON
27.16942798538981,67.71362352973571,998,ON,OFF,OFF
15.129661646880312,32.472146988233874,491,OFF,ON,ON
17.346854590219046,35.23692188251452,523,OFF,ON,ON
20.15018577752867,60.55268776401895,865,OFF,OFF,OFF
28.156311705630188,59.83295915086219,531,ON,OFF,OFF
23.956032889191945,66.16290696183708,938,OFF,OFF,OFF
17.357031101009298,90.0,693,OFF,ON,OFF
20.577369024847325,62.02716853116387,100,OFF,OFF,OFF
19.088885209652922,70.56815001706588,857,OFF,OFF,OFF
18.62147680941379,43.34083294249487,789,OFF,OFF,ON
26.889381566393954,73.50533278211866,799,ON,OFF,OFF
15.380496602795189,51.11162409918907,100,OFF,ON,OFF
29.97337955397881,61.454609445850465,384,ON,OFF,OFF
26.151738844623615,58.33569362983958,403,ON,OFF,OFF
27.43760595013387,78.09083919639268,338,ON,OFF,OFF
19.830071536170355,37.55448673769643,998,OFF,OFF,ON
21.362538569589702,30.1,551,OFF,OFF,ON
15.079834786043026,56.52624170950936,545,OFF,ON,OFF
19.527871323293997,68.3251797536059,696,OFF,OFF,OFF
24.513633752970794,62.85340324851171,701,OFF,OFF,OFF
28.44228831402309,81.53779917463993,100,ON,OFF,OFF
16.675932273725447,67.78609233561714,388,OFF,ON,OFF
20.307114084135286,50.46355710550906,191,OFF,OFF,OFF
21.355887239682414,30.1,657,OFF,OFF,ON
15.262765113481752,56.113092044925274,480,OFF,ON,OFF
24.991953291913088,78.00406859944083,558,OFF,OFF,OFF
18.55194591945986,53.43594886316437,100,OFF,OFF,OFF
21.1400135489163,60.70890882754348,474,OFF,OFF,OFF
19.883880137979606,67.50905489263957,841,OFF,OFF,OFF
18.231996052013457,42.65293858916755,917,OFF,OFF,ON
22.06216746877761,71.00178817061135,739,OFF,OFF,OFF
21.041018600321575,88.54344381022031,211,OFF,OFF,OFF
20.276014453786573,57.22901365887074,878,OFF,OFF,OFF
18.530054127603602,40.68452173558494,740,OFF,OFF,ON
23.66107853047305,59.066636649557815,524,OFF,OFF,OFF
30.192902203895557,30.1,100,ON,OFF,ON
22.781559318831253,66.0478298667993,799,OFF,OFF,OFF
26.973734440871954,68.04391281857916,402,ON,OFF,OFF
15.290022945526115,89.20979903617028,643,OFF,ON,OFF
22.86907285804475,56.862544867192405,572,OFF,OFF,OFF
16.723857539162097,67.28630068809822,950,OFF,ON,OFF
14.865518136441125,45.31742965443439,522,OFF,ON,ON
18.47663894702049,54.05223654705544,550,OFF,OFF,OFF
27.932294403929216,33.83106960724821,960,ON,OFF,ON
26.748013483893075,56.84879320960398,385,ON,OFF,OFF
23.28643076355458,54.93664945791169,764,OFF,OFF,OFF
14.592436195605963,65.39550618749313,503,OFF,ON,OFF
21.135654568134846,49.42982296527002,296,OFF,OFF,ON
23.573807565439274,61.66092042887629,554,OFF,OFF,OFF
22.956099647768276,54.450983268882325,732,OFF,OFF,OFF
13.069299960822804,54.48352146524961,902,OFF,ON,OFF
17.737593144977183,61.60930988979248,933,OFF,ON,OFF
21.78293043942492,60.920032375046915,478,OFF,OFF,OFF
24.722383309612162,73.38831254146282,300,OFF,OFF,OFF
11.344243455607272,58.13163372174797,472,OFF,ON,OFF
21.302888375356986,54.16541841688858,250,OFF,OFF,OFF
22.797038456123964,57.09070457411583,498,OFF,OFF,OFF
26.256428281229645,47.85423135941207,466,ON,OFF,ON
25.488946225981454,53.99195890067199,741,ON,OFF,OFF
24.948975881631306,90.0,100,OFF,OFF,OFF
18.18008781032133,44.42829879950536,365,OFF,OFF,ON
12.754929765351498,55.397780820915166,368,OFF,ON,OFF
20.172242657811687,53.514828057571755,859,OFF,OFF,OFF
27.000729516272735,55.94251090192721,268,ON,OFF,OFF
28.91912469151439,54.48802120597397,612,ON,OFF,OFF
25.57556530825789,65.05017584007767,521,ON,OFF,OFF
24.198747162104798,30.6304875527824,822,OFF,OFF,ON
23.955406251433956,78.16345732572466,707,OFF,OFF,OFF
19.37385857736831,71.16350277267401,585,OFF,OFF,OFF
21.459874717251466,38.7154973144678,411,OFF,OFF,ON
30.268557687207313,30.1,100,ON,OFF,ON
17.481821169460346,43.31420242993503,618,OFF,ON,ON
30.002745921599576,56.02045636379675,691,ON,OFF,OFF
20.519984772005575,90.0,149,OFF,OFF,OFF
28.586081510116646,69.61803987421297,237,ON,OFF,OFF
15.208781882259721,30.1,619,OFF,ON,ON
24.965293939245903,48.28691561071561,641,OFF,OFF,ON
18.48937497963804,59.298278148819094,299,OFF,OFF,OFF
15.167399323536834,64.6080115409255,406,OFF,ON,OFF
23.166620365929784,37.47191911556649,100,OFF,OFF,ON
27.039114601791212,57.883407037157255,908,ON,OFF,OFF
17.95975966161555,47.802759305010554,220,OFF,ON,ON
14.757358678778722,41.12234878415394,694,OFF,ON,ON
21.646980993735905,64.71029907612476,545,OFF,OFF,OFF
21.66856994161865,73.60809467916938,886,OFF,OFF,OFF
24.781276871702172,74.77012837840746,350,OFF,OFF,OFF
26.74595097455665,70.15662215044227,570,ON,OFF,OFF
21.805758816752324,51.613734065370025,117,OFF,OFF,OFF
31.18135237507044,72.58164679411345,100,ON,OFF,OFF
23.194531457824656,65.56600590947063,707,OFF,OFF,OFF
20.40052849866236,62.53631177844302,100,OFF,OFF,OFF
14.206298061693538,49.635774775119785,495,OFF,ON,ON
20.810658336070528,51.62227068144157,814,OFF,OFF,OFF
20.449682987400823,61.49727651461451,746,OFF,OFF,OFF
26.79838908925764,90.0,383,ON,OFF,OFF
24.361016958278434,65.4308480201752,146,OFF,OFF,OFF
16.32237507461351,49.644505403196796,685,OFF,ON,ON
22.94003148208687,45.81741717784804,899,OFF,OFF,ON
25.384530410819437,51.710672490444175,384,ON,OFF,OFF
29.578023584866237,90.0,348,ON,OFF,OFF
26.44195042955934,53.31122536319423,419,ON,OFF,OFF
25.821826131174035,75.90906736182093,701,ON,OFF,OFF
22.39084609705436,53.71483958687291,870,OFF,OFF,OFF
23.9978668025974,64.73778919287683,235,OFF,OFF,OFF
28.214335847137047,73.91723801483737,169,ON,OFF,OFF
15.57127593082312,50.324202587265944,998,OFF,ON,OFF
20.385777485923498,49.12679268053126,508,OFF,OFF,ON
18.314102118503428,88.91971322407242,619,OFF,OFF,OFF
23.953024163447385,77.25377379136201,376,OFF,OFF,OFF
28.119926088608267,73.89867437485762,680,ON,OFF,OFF
19.173826597908032,73.8399183437856,801,OFF,OFF,OFF
10.393539610478816,68.17023232836465,631,OFF,ON,OFF
20.07839466123032,90.0,998,OFF,OFF,OFF
26.5691004666112,60.978603869146106,470,ON,OFF,OFF
24.7289391281642,70.20638128388353,486,OFF,OFF,OFF
24.19309427093897,35.11608872877954,614,OFF,OFF,ON
20.72579076021641,45.94594517311194,674,OFF,OFF,ON
15.83442386747113,39.443066354728785,613,OFF,ON,ON
24.61958234205244,82.26202488823495,224,OFF,OFF,OFF
18.01195005251516,30.1,634,OFF,OFF,ON
32.79017193837317,53.258397638858796,458,ON,OFF,OFF
24.889909035447303,30.1,405,OFF,OFF,ON
19.25375991742261,45.836475537281906,562,OFF,OFF,ON
19.103269386057285,51.724819212024855,307,OFF,OFF,OFF
21.641598036724176,84.17915106614258,262,OFF,OFF,OFF
20.92403978276981,67.08115096653128,100,OFF,OFF,OFF
27.564767445593198,45.80440516171967,998,ON,OFF,ON
23.00936870185052,78.66160380234103,697,OFF,OFF,OFF
18.514532981024917,60.52745148010059,524,OFF,OFF,OFF
31.352408524550874,60.868887960213144,383,ON,OFF,OFF
22.338077799659875,39.4110153551909,100,OFF,OFF,ON
25.860960602179834,43.090295058702054,367,ON,OFF,ON
19.11873482854529,45.94358156944381,738,OFF,OFF,ON
23.874503329559406,61.02277387219347,796,OFF,OFF,OFF
23.6198795883834,61.5664612351359,719,OFF,OFF,OFF
12.844786757159156,86.93390874142469,595,OFF,ON,OFF
31.963607819010953,66.88092570451492,889,ON,OFF,OFF
28.415758412404998,30.1,470,ON,OFF,ON
20.151960358409298,64.7630050740706,833,OFF,OFF,OFF
16.69985978897389,35.1316006960179,455,OFF,ON,ON
23.798349637791066,43.50626921627723,328,OFF,OFF,ON
22.521139124462067,46.167251227216596,295,OFF,OFF,ON
23.838043794855235,48.742239958698676,280,OFF,OFF,ON
23.034638477852702,36.42690474561549,724,OFF,OFF,ON
24.575256505552677,63.739453921891425,363,OFF,OFF,OFF
29.182784320425327,35.810059421556346,288,ON,OFF,ON
24.87813884407627,66.38978087520331,738,OFF,OFF,OFF
16.95746330845886,90.0,638,OFF,ON,OFF
28.767876589849624,37.21914207747976,802,ON,OFF,ON
30.12923992399874,55.29649887725222,686,ON,OFF,OFF
37.52938124151571,30.1,360,ON,OFF,ON
16.595943960121723,55.01232341299728,574,OFF,ON,OFF
23.2858299709812,71.33884136987912,586,OFF,OFF,OFF
11.902539103982177,72.68700321006064,318,OFF,ON,OFF
24.804922629697444,61.55742995621553,270,OFF,OFF,OFF
19.41262793271286,75.60443953353939,379,OFF,OFF,OFF
31.51400417169797,90.0,998,ON,OFF,OFF
18.30408365613779,89.84421395155657,448,OFF,OFF,OFF
13.826285512710093,51.17857944382842,871,OFF,ON,OFF
19.789315449201222,35.11278315816993,434,OFF,OFF,ON
12.424514722837298,53.19193610898977,783,OFF,ON,OFF
25.77410306416972,43.834791142153335,786,ON,OFF,ON
11.9858491163175,68.02787735639062,799,OFF,ON,OFF
22.235990864394584,39.782614493682516,654,OFF,OFF,ON
11.923528026405101,58.95899756039692,908,OFF,ON,OFF
20.528456703280437,74.71775316175153,651,OFF,OFF,OFF
30.14277069221224,58.47674774002649,995,ON,OFF,OFF
23.862421095935748,43.846364797075516,138,OFF,OFF,ON
17.86892677662219,80.54486813749654,644,OFF,ON,OFF
21.943885510631805,30.1,627,OFF,OFF,ON
22.184872320421956,54.547611639644614,313,OFF,OFF,OFF
24.410696116697803,59.498151181946845,703,OFF,OFF,OFF
15.404412806317776,60.494170554579036,171,OFF,ON,OFF
24.997916874086563,63.341764619744104,386,OFF,OFF,OFF
8.85574333538575,70.78039799766647,100,OFF,ON,OFF
19.01269531467256,59.60632970775279,955,OFF,OFF,OFF
19.706032635487706,53.85100104990752,495,OFF,OFF,OFF
25.19747888994015,53.167057925475866,998,ON,OFF,OFF
22.20746273729056,49.638842655336504,761,OFF,OFF,ON
15.214911556848758,73.8445383601557,669,OFF,ON,OFF
17.274055440124428,49.03307396414407,403,OFF,ON,ON
23.069413438844183,74.86926255247246,285,OFF,OFF,OFF
21.709540272395255,60.54763924517986,689,OFF,OFF,OFF
19.261222487414443,51.20048514936842,536,OFF,OFF,OFF
19.74245972758432,70.91824518219168,210,OFF,OFF,OFF
25.50515427145662,47.632949648093586,164,ON,OFF,ON
19.561996186957735,71.26041214179386,308,OFF,OFF,OFF
21.665358528274908,63.89939019395101,998,OFF,OFF,OFF
32.7208427385501,49.901670330357106,998,ON,OFF,ON
15.126196634379601,69.36505606669598,607,OFF,ON,OFF
13.029890690311165,69.6757013341103,592,OFF,ON,OFF
25.933177722929955,80.24564973480281,468,ON,OFF,OFF
18.773969769340464,76.93463401373509,314,OFF,OFF,OFF
20.538543982649276,68.71866163737141,908,OFF,OFF,OFF
18.272056400728147,40.7100148551188,998,OFF,OFF,ON
20.824658086207272,90.0,324,OFF,OFF,OFF
29.92323026487356,35.934388635198474,533,ON,OFF,ON
26.023945134843423,76.64251980617259,438,ON,OFF,OFF
26.318175304676533,67.68074651852055,446,ON,OFF,OFF
15.162699753544452,39.90460962476741,859,OFF,ON,ON
16.460519848473343,58.0683468115704,217,OFF,ON,OFF
8.196304913542034,58.85639234962185,674,OFF,ON,OFF
18.133867278805702,82.80735032217834,741,OFF,OFF,OFF
26.780755320192217,47.877643914089504,518,ON,OFF,ON
24.627671616147907,55.686910350593564,784,OFF,OFF,OFF
21.012113691107103,30.1,592,OFF,OFF,ON
21.987476312898398,90.0,867,OFF,OFF,OFF
18.723821764754675,41.69831825573556,163,OFF,OFF,ON
23.099176084770054,65.87494726101994,464,OFF,OFF,OFF
25.846461368976858,58.46442988164221,536,ON,OFF,OFF
14.185149796480186,58.52337341450932,100,OFF,ON,OFF
23.563759237956724,74.23068265919687,275,OFF,OFF,OFF
26.661935713878226,89.13412554833529,345,ON,OFF,OFF
20.064296184632028,64.57012345360046,798,OFF,OFF,OFF
25.52734631551528,71.55270176446624,372,ON,OFF,OFF
35.87743274159055,65.90921568801397,344,ON,OFF,OFF
21.585789649476894,77.82365679041212,764,OFF,OFF,OFF
24.022322938929847,52.209822206108726,138,OFF,OFF,OFF
18.483073981073403,78.82470133520056,100,OFF,OFF,OFF
22.984080415279248,79.4321419272723,461,OFF,OFF,OFF
24.35018683448428,78.94834507125383,182,OFF,OFF,OFF
23.050623904235362,48.79743934941509,192,OFF,OFF,ON
17.104150733380965,57.306449885550094,702,OFF,ON,OFF
23.10702395667598,64.36204491063577,779,OFF,OFF,OFF
29.25568811878114,36.50142792617794,757,ON,OFF,ON
24.293216734361874,87.81329693446449,839,OFF,OFF,OFF
26.806626218430686,60.00652699062935,873,ON,OFF,OFF
20.936230786232986,65.13128115478182,100,OFF,OFF,OFF
25.76823161155389,50.23593788792529,670,ON,OFF,OFF
23.463977870124655,37.262075519161726,418,OFF,OFF,ON
17.44092556763261,49.768359567806485,362,OFF,ON,ON
23.65616450183194,64.01146987814083,698,OFF,OFF,OFF
17.241234385709838,71.87019639662442,109,OFF,ON,OFF
18.998028018478013,63.01815012671053,104,OFF,OFF,OFF
23.023626759357988,66.21774272927044,717,OFF,OFF,OFF
23.551991929243897,54.38789680721845,680,OFF,OFF,OFF
16.274083359090483,68.80472828947856,589,OFF,ON,OFF
27.257058607895974,85.87402786825733,328,ON,OFF,OFF
24.89724860136494,72.41277951192555,745,OFF,OFF,OFF
18.646253697918596,74.22514453633711,729,OFF,OFF,OFF
14.568522584182702,65.30582663307433,576,OFF,ON,OFF
21.387195912352855,34.212226022537166,251,OFF,OFF,ON
19.913284318392204,42.144724263157,445,OFF,OFF,ON
22.650604973107892,68.08892110501992,770,OFF,OFF,OFF
20.31881216900103,60.02966730729541,895,OFF,OFF,OFF
12.26799151286337,67.82883049154474,470,OFF,ON,OFF
20.19528272147276,89.22341739127114,490,OFF,OFF,OFF
20.600324756259646,72.78037490425069,513,OFF,OFF,OFF
25.19911515342175,81.99943485107711,625,ON,OFF,OFF
18.67821903205661,61.85704987984268,405,OFF,OFF,OFF
30.315585255036517,46.25295885296577,100,ON,OFF,ON
12.737115802767766,59.217762179700834,861,OFF,ON,OFF
28.516240836469102,46.29558717040935,998,ON,OFF,ON
20.998376721512113,87.17962844133085,397,OFF,OFF,OFF
26.305256315196388,73.89380848899098,280,ON,OFF,OFF
22.48737470451514,69.22452849976425,519,OFF,OFF,OFF
27.676014995696743,81.60248853825424,506,ON,OFF,OFF
20.200105231438112,30.1,810,OFF,OFF,ON
16.7177271273924,70.39454422523902,568,OFF,ON,OFF
29.051562470853558,37.54290811623456,350,ON,OFF,ON
21.541049993498046,60.09339451666001,215,OFF,OFF,OFF
23.18142822216957,54.82594744163647,777,OFF,OFF,OFF
28.14210404876425,71.66790483804522,708,ON,OFF,OFF
17.044125176376944,64.16689019821031,827,OFF,ON,OFF
25.012231169158042,83.49135218983251,305,ON,OFF,OFF
19.208488542226224,49.80525870974896,998,OFF,OFF,ON
21.449548581182093,72.48760719701171,106,OFF,OFF,OFF
22.450543853608792,63.02561873534169,737,OFF,OFF,OFF
14.751454491439523,31.9261007300137,100,OFF,ON,ON
18.283412051239146,44.32556825432466,351,OFF,OFF,ON
28.71162082857893,57.625827007874555,956,ON,OFF,OFF
26.435522959794742,79.46315616242944,768,ON,OFF,OFF
21.789971916713295,68.24199112482478,414,OFF,OFF,OFF
23.28701210671758,40.01951778082778,421,OFF,OFF,ON
20.656025523065917,57.791259725731194,580,OFF,OFF,OFF
28.73860064347417,90.0,686,ON,OFF,OFF
21.115718091954484,62.14324886060722,876,OFF,OFF,OFF
23.231777637908447,54.555734319588986,437,OFF,OFF,OFF
27.707715193002933,68.72671752046195,140,ON,OFF,OFF
18.290587539874068,73.42670507171522,594,OFF,OFF,OFF
29.728616347718916,52.32657267524327,436,ON,OFF,OFF
14.603399253163378,68.91418061066913,220,OFF,ON,OFF
30.075518020685355,54.52867627064452,631,ON,OFF,OFF
20.27201092123067,72.66431016969531,499,OFF,OFF,OFF
20.9083878688778,63.15485924928798,633,OFF,OFF,OFF
12.843019864391453,68.55765136412197,324,OFF,ON,OFF
19.869949099830837,47.08398245504343,679,OFF,OFF,ON
17.005684640087406,46.00951578782817,215,OFF,ON,ON
19.121575348279947,76.5773649514288,341,OFF,OFF,OFF
21.424374848175052,58.8452589762901,492,OFF,OFF,OFF
26.78608435084519,65.1504312983189,998,ON,OFF,OFF
23.113102831666673,54.9178553934275,756,OFF,OFF,OFF
23.603069693192403,75.76816881995063,831,OFF,OFF,OFF
16.732910048399468,49.702958601680955,919,OFF,ON,ON
17.78441806833201,57.87283566928486,998,OFF,ON,OFF
30.9033613109723,73.81771232268265,565,ON,OFF,OFF
18.497057424079824,80.51292353324871,919,OFF,OFF,OFF
30.205587865907656,51.157154041634996,815,ON,OFF,OFF
20.906613279625606,90.0,810,OFF,OFF,OFF
22.10786219679791,65.63845133563137,998,OFF,OFF,OFF
27.337253401958577,42.17479876492595,446,ON,OFF,ON
28.323946935173034,66.60404917373617,426,ON,OFF,OFF
21.554113153232734,53.59250185216273,636,OFF,OFF,OFF
20.19579134963245,67.72892524133094,507,OFF,OFF,OFF
21.822869306796093,59.47745481511959,636,OFF,OFF,OFF
23.75132726947512,61.50396790531264,956,OFF,OFF,OFF
26.460554158817487,44.44707747510788,431,ON,OFF,ON
22.117370005828256,77.3483837119793,476,OFF,OFF,OFF
25.12677691383807,40.216294620006735,599,ON,OFF,ON
30.118200090669085,41.0357321672183,495,ON,OFF,ON
23.963582527665576,66.5747803879093,100,OFF,OFF,OFF
23.622537498007098,87.95039398447358,405,OFF,OFF,OFF
14.659951836102447,54.118570559296415,731,OFF,ON,OFF
9.216395883948538,72.34673795797434,924,OFF,ON,OFF
23.998178799433305,78.7892269122906,257,OFF,OFF,OFF
21.6323932861323,74.31411788627699,256,OFF,OFF,OFF
19.576243279235218,54.834586092684106,562,OFF,OFF,OFF
23.289003565948725,41.342281634739045,100,OFF,OFF,ON
21.80091880733612,30.1,440,OFF,OFF,ON
27.61836226003654,55.67141705829727,108,ON,OFF,OFF
22.518265952360036,80.6015010330982,906,OFF,OFF,OFF
18.43966435242048,40.76927160420741,356,OFF,OFF,ON
26.944593092293434,72.33354606210116,979,ON,OFF,OFF
21.03356923280459,43.77994974773895,840,OFF,OFF,ON
24.674625842552594,62.054133476248204,388,OFF,OFF,OFF
19.759219416303605,72.46472131598686,278,OFF,OFF,OFF
18.915056062427883,48.8087273170261,504,OFF,OFF,ON
22.508754641542676,63.168553708570656,527,OFF,OFF,OFF
22.15947034022764,53.0372628841523,643,OFF,OFF,OFF
24.44593168211516,72.41899446389412,354,OFF,OFF,OFF
20.7813492622857,64.29024716784077,746,OFF,OFF,OFF
13.105696436610847,61.19659078072172,622,OFF,ON,OFF
19.9777648569233,87.18058007718417,467,OFF,OFF,OFF
25.983258754354544,71.67775851483648,371,ON,OFF,OFF
20.64068329697047,48.27486757957547,507,OFF,OFF,ON
20.89034750588571,58.73336177058365,344,OFF,OFF,OFF
26.92603825725699,58.90577232435513,569,ON,OFF,OFF
18.61078262066584,61.608570196761576,576,OFF,OFF,OFF
14.542972775219908,90.0,621,OFF,ON,OFF
21.310197517076585,66.63518901499715,998,OFF,OFF,OFF
19.726106029540666,30.1,520,OFF,OFF,ON
17.36584129656242,50.82774071776552,812,OFF,ON,OFF
21.23799338296493,30.1,613,OFF,OFF,ON
24.503111096558467,54.51295343470996,493,OFF,OFF,OFF
22.051182741461787,30.1,523,OFF,OFF,ON
23.599664074580915,45.13918414881664,539,OFF,OFF,ON
30.975248883131762,33.908301493406576,626,ON,OFF,ON
20.41789804860128,66.86544111599892,307,OFF,OFF,OFF
23.459477376184687,60.22826006544143,177,OFF,OFF,OFF
19.603511076155932,65.4606034594575,722,OFF,OFF,OFF
17.952815643378578,58.41004188085043,785,OFF,ON,OFF
19.23290579616186,36.09561114820218,746,OFF,OFF,ON
19.75262016024077,69.1035721379861,594,OFF,OFF,OFF
23.856682430851606,90.0,751,OFF,OFF,OFF
33.59792253075834,67.29888297354213,738,ON,OFF,OFF
18.590854552960398,52.84983216528099,757,OFF,OFF,OFF
20.05682958157343,35.51135246171596,333,OFF,OFF,ON
21.787604976589332,44.50808926849934,272,OFF,OFF,ON
24.03452298396038,68.05715322307815,454,OFF,OFF,OFF
23.38702605704323,78.78538340292579,550,OFF,OFF,OFF
28.383695617029034,64.73228100249953,492,ON,OFF,OFF
10.21685134040733,74.05810636748791,100,OFF,ON,OFF
10.410061418047892,72.46275985291271,997,OFF,ON,OFF
19.668801231972925,68.98268756849096,484,OFF,OFF,OFF
27.469129442163364,48.82640661721395,599,ON,OFF,ON
14.431122748472445,63.2280503387935,874,OFF,ON,OFF
7.37105266304785,45.54079602341149,100,OFF,ON,ON
24.893200169760892,60.52047379421383,423,OFF,OFF,OFF
23.28962546362317,65.94333397081061,455,OFF,OFF,OFF
16.75891303973426,89.2642554587557,468,OFF,ON,OFF
17.271379855445787,37.5587183167071,509,OFF,ON,ON
17.348717748032048,68.54968932333226,926,OFF,ON,OFF
22.63785000212279,85.84641006395609,727,OFF,OFF,OFF
19.0301707752926,73.34806473459378,800,OFF,OFF,OFF
24.51563659881333,74.63005903187755,566,OFF,OFF,OFF
8.120180649768427,70.38687884457838,194,OFF,ON,OFF
17.901445264151015,82.68194579101933,100,OFF,ON,OFF
16.583410350239358,41.40402256587747,161,OFF,ON,ON
20.841595889780955,36.240442709551694,647,OFF,OFF,ON
19.462335576034665,60.10933876955953,562,OFF,OFF,OFF
26.002967006368888,30.1,500,ON,OFF,ON
12.993199272846264,81.51083608210611,459,OFF,ON,OFF
22.319390172483608,81.33902254870782,998,OFF,OFF,OFF
24.8303199014873,52.72135265914355,342,OFF,OFF,OFF
31.186954086421153,53.80407418412115,793,ON,OFF,OFF
19.73789569227493,58.967214993842546,555,OFF,OFF,OFF
23.685235462419218,61.11895893853089,538,OFF,OFF,OFF
13.264804295279799,62.41921646190239,857,OFF,ON,OFF
10.38545208565626,69.87713094565838,930,OFF,ON,OFF
26.232742943767764,57.23224900326785,492,ON,OFF,OFF
22.069436638305877,76.5375024821061,760,OFF,OFF,OFF
27.866752325099707,67.93445370836255,648,ON,OFF,OFF
15.372370287005678,49.717604836298534,556,OFF,ON,ON
24.642142585712968,83.31826013196701,607,OFF,OFF,OFF
31.246541354186952,36.719167188040814,377,ON,OFF,ON
24.151572384345787,58.62432984082562,475,OFF,OFF,OFF
23.450825371514057,76.94796282398792,405,OFF,OFF,OFF
22.138551532669414,47.70874400823444,786,OFF,OFF,ON
14.405499480068597,65.57467752609446,530,OFF,ON,OFF
28.733653399174557,69.61946952476131,220,ON,OFF,OFF
19.10585259483193,45.330651987284945,368,OFF,OFF,ON
24.5666505050868,58.96496158131416,100,OFF,OFF,OFF
14.443919754530683,57.51119138212712,427,OFF,ON,OFF
16.321931769481267,50.673085487020835,564,OFF,ON,OFF
29.12296254910779,90.0,519,ON,OFF,OFF
20.39624059554261,47.01611235756877,998,OFF,OFF,ON
29.212012822644205,77.60563947488455,702,ON,OFF,OFF
21.713636738089622,53.422916849123204,691,OFF,OFF,OFF
13.07858200022171,41.41858999378424,132,OFF,ON,ON
26.46429433706657,61.99775971675027,460,ON,OFF,OFF
19.208500482331424,71.44915917040734,429,OFF,OFF,OFF
25.51749638923031,76.1450419941631,352,ON,OFF,OFF
22.220094695664553,87.24831770182959,348,OFF,OFF,OFF
14.541430462625446,90.0,100,OFF,ON,OFF
22.901060543163386,64.55317730742676,226,OFF,OFF,OFF
32.84954380208697,48.74649869537892,779,ON,OFF,ON
24.510361266532186,68.05429278480098,517,OFF,OFF,OFF
21.81504877675547,55.61306890145821,424,OFF,OFF,OFF
27.361627270174367,76.2394480862795,553,ON,OFF,OFF
23.12810987310531,37.77615686787165,854,OFF,OFF,ON
23.12255656844932,90.0,555,OFF,OFF,OFF
16.75197644363,75.02976748775983,693,OFF,ON,OFF
23.24159884893676,31.08328420293329,336,OFF,OFF,ON
27.166273761305064,47.951728516950084,395,ON,OFF,ON
18.003233355885907,74.33828115362144,645,OFF,OFF,OFF
29.071105339288415,80.57133927048719,998,ON,OFF,OFF
21.64766027676164,38.2074233930785,922,OFF,OFF,ON
17.750070003469006,72.55528098441195,704,OFF,ON,OFF
26.981146429909607,30.1,593,ON,OFF,ON
20.692492846046765,58.67329188590498,914,OFF,OFF,OFF
25.815305694667327,79.45890680135552,758,ON,OFF,OFF
20.668186765066316,50.67692850615265,100,OFF,OFF,OFF
21.803746712790094,34.147047639337664,283,OFF,OFF,ON
24.51317037178841,62.748650486787795,641,OFF,OFF,OFF
23.520915454920154,49.75643922219125,100,OFF,OFF,ON
12.326377656299588,71.11117580703743,323,OFF,ON,OFF
16.606961574688537,44.9015326517959,374,OFF,ON,ON
26.647125630164112,46.85122064213079,488,ON,OFF,ON
21.449709009766174,30.1,480,OFF,OFF,ON
19.53243008412472,63.1592114722914,480,OFF,OFF,OFF
15.444973634427242,57.43504600654175,766,OFF,ON,OFF
16.81018520498762,39.65819778176745,486,OFF,ON,ON
12.197773018907974,63.5719193558932,455,OFF,ON,OFF
21.60078180919746,77.98869280836294,207,OFF,OFF,OFF
19.166662194558402,56.48929893706349,818,OFF,OFF,OFF
17.36416893659013,64.85859470658077,381,OFF,ON,OFF
21.76312256067238,64.94759834648102,275,OFF,OFF,OFF
23.87868949291319,39.382324091047714,609,OFF,OFF,ON
32.34512416403522,90.0,357,ON,OFF,OFF
14.694358573582186,52.072562323117154,419,OFF,ON,OFF
27.773082259227888,71.57066381558843,621,ON,OFF,OFF
26.861043069179033,73.52743730091318,470,ON,OFF,OFF
18.282160140522983,57.80373578867177,998,OFF,OFF,OFF
23.09171970882064,70.7173379089547,535,OFF,OFF,OFF
19.856051421149896,64.47194749946622,713,OFF,OFF,OFF
23.005806366531566,35.69176151204984,100,OFF,OFF,ON
29.48548598474654,54.47014206075309,333,ON,OFF,OFF
25.061756655379277,49.6209339602758,275,ON,OFF,ON
24.586847405920746,52.23008800764264,309,OFF,OFF,OFF
19.989831556877412,37.65783457489151,661,OFF,OFF,ON
14.83060058183321,79.70782001966411,820,OFF,ON,OFF
21.07598330728681,87.93566023227277,643,OFF,OFF,OFF
28.00430996101321,77.13975890196699,496,ON,OFF,OFF
14.619524751870246,82.20087548733729,392,OFF,ON,OFF
16.93085865149891,54.256259680242934,840,OFF,ON,OFF
22.714877178102963,49.21078789791508,998,OFF,OFF,ON
17.275711984475034,46.74827453294713,589,OFF,ON,ON
18.216402325130062,71.36215969701057,796,OFF,OFF,OFF
20.02268786601894,64.14743933329028,642,OFF,OFF,OFF
15.410488640918874,58.882883830116675,748,OFF,ON,OFF
17.327282091391233,82.62682443996984,255,OFF,ON,OFF
25.540699416504925,67.22498476178367,429,ON,OFF,OFF
15.695673639836368,45.708968607910656,656,OFF,ON,ON
14.27335097275901,48.438245435175844,866,OFF,ON,ON
19.01200777205706,72.01837408989788,344,OFF,OFF,OFF
25.680372749591402,78.24237563386532,100,ON,OFF,OFF
21.132515414283066,69.76377427586819,426,OFF,OFF,OFF
19.822034297774074,90.0,814,OFF,OFF,OFF
22.313844486740464,88.50685782850445,147,OFF,OFF,OFF
13.54953757083714,67.84947018066416,251,OFF,ON,OFF
24.518778583532168,45.710300436533814,594,OFF,OFF,ON
23.97398874914599,37.55429715997333,524,OFF,OFF,ON
20.09265337177896,53.51667789414868,707,OFF,OFF,OFF
27.02174685189493,73.25058306360644,238,ON,OFF,OFF
16.576349527460508,90.0,471,OFF,ON,OFF
27.618992594162066,67.44135067039379,861,ON,OFF,OFF
22.85307357760498,80.43948069215038,247,OFF,OFF,OFF
20.44887197888985,55.974762911317725,934,OFF,OFF,OFF
21.999357376600518,70.99371236700026,280,OFF,OFF,OFF
21.571483437675706,74.46416250001855,773,OFF,OFF,OFF
28.071262585413063,30.1,458,ON,OFF,ON
16.82515346948661,53.065854058631956,260,OFF,ON,OFF
18.363305318406685,76.6500841556073,426,OFF,OFF,OFF
27.170481822606952,64.96761756678178,694,ON,OFF,OFF
19.180873777737453,39.517530787882805,552,OFF,OFF,ON
26.505741990017054,30.1,842,ON,OFF,ON
30.417234281502495,53.890405648832015,923,ON,OFF,OFF
20.12943980779873,58.98039490107717,250,OFF,OFF,OFF
25.43266452840025,44.92581487619393,231,ON,OFF,ON
16.44809093089733,62.69449950661352,219,OFF,ON,OFF
25.79189465182618,68.98013311645006,323,ON,OFF,OFF
23.073056006779442,71.8227621235493,838,OFF,OFF,OFF
24.412693405413716,30.1,698,OFF,OFF,ON
18.935887968207943,37.47994286080963,414,OFF,OFF,ON
13.963863503265083,54.94852696528953,551,OFF,ON,OFF
24.560622492734353,70.1183303219041,915,OFF,OFF,OFF
11.99407401012128,68.68336663660031,998,OFF,ON,OFF
20.54288697914635,68.38294381531482,621,OFF,OFF,OFF
26.704761700732274,53.58525727621477,100,ON,OFF,OFF
23.03620688644898,54.550407868761376,631,OFF,OFF,OFF
31.635901133178265,47.61780496778187,794,ON,OFF,ON
27.1156763820213,73.50976998115544,612,ON,OFF,OFF
18.895121660119592,44.29317431869973,741,OFF,OFF,ON
22.23038876349205,74.92575660780211,646,OFF,OFF,OFF
21.864729544440227,63.81508244584311,237,OFF,OFF,OFF
14.350196760681325,59.43959533673655,326,OFF,ON,OFF
17.492392242769746,48.85691238538959,472,OFF,ON,ON
19.35113019099778,36.766142678428686,828,OFF,OFF,ON
12.127162428887793,49.013622388400364,357,OFF,ON,ON
22.329192084468826,54.50934416022846,671,OFF,OFF,OFF
20.87718467893128,30.1,632,OFF,OFF,ON
13.906038423872273,56.80440585284475,962,OFF,ON,OFF
24.075718679595816,76.21161423816453,543,OFF,OFF,OFF
25.601630285660715,70.03259793157912,103,ON,OFF,OFF
23.208239180215706,51.63386697924631,720,OFF,OFF,OFF
20.50999666800449,61.03099247904439,998,OFF,OFF,OFF
24.99240818664512,50.59649703058726,737,OFF,OFF,OFF
25.42707337137713,62.792698786199146,352,ON,OFF,OFF
23.601732653725858,86.86496539419241,276,OFF,OFF,OFF
18.059292986891986,76.97532330073314,309,OFF,OFF,OFF
23.450919669617864,69.22940419395968,998,OFF,OFF,OFF
27.94982881448023,51.691324328239375,470,ON,OFF,OFF
19.175516862242915,73.19392002038703,384,OFF,OFF,OFF
32.36833847017469,31.03357840091834,513,ON,OFF,ON
19.52312933831784,55.85285724833828,473,OFF,OFF,OFF
22.255327598968943,70.31795898809608,957,OFF,OFF,OFF
18.804117210083312,73.02925940525654,293,OFF,OFF,OFF
23.18981208443072,71.80887461885487,858,OFF,OFF,OFF
13.566604032757459,65.31991499663069,585,OFF,ON,OFF
19.423196117543462,56.832610200701126,864,OFF,OFF,OFF
16.74954785008545,69.52667121140456,961,OFF,ON,OFF
22.759287615626814,43.73308869621212,576,OFF,OFF,ON
26.965553878007984,45.6048205937459,473,ON,OFF,ON
25.25955805203788,61.28702528647437,571,ON,OFF,OFF
10.484827048681376,63.215491776933625,530,OFF,ON,OFF
32.094796034211726,30.1,128,ON,OFF,ON
23.54237439951514,68.0936025255084,953,OFF,OFF,OFF
18.2948586073438,73.58821889669304,617,OFF,OFF,OFF
22.8659710921563,58.881784743024454,255,OFF,OFF,OFF
22.95929969081005,90.0,100,OFF,OFF,OFF
18.831715819143437,48.40318798270933,100,OFF,OFF,ON
23.065676054575455,53.97161123440195,752,OFF,OFF,OFF
19.122427548910263,53.38371377002703,395,OFF,OFF,OFF
20.116871738930808,58.90077522362369,437,OFF,OFF,OFF
18.736582940253868,54.531525530953814,680,OFF,OFF,OFF
15.082187473684128,35.87912216073441,421,OFF,ON,ON
22.810687259125476,50.76287211664095,695,OFF,OFF,OFF
24.962332963333537,58.52995263919121,579,OFF,OFF,OFF
24.617571397037878,81.47495776533546,532,OFF,OFF,OFF
26.11107965659372,90.0,150,ON,OFF,OFF
23.68465579430714,83.32450992114434,343,OFF,OFF,OFF
19.488393786468126,46.803777753091055,709,OFF,OFF,ON
26.20772147293442,48.18044090374092,379,ON,OFF,ON
15.4501462222532,57.46231927064756,864,OFF,ON,OFF
17.68690141501891,90.0,998,OFF,ON,OFF
17.375859891453512,57.3568589635601,723,OFF,ON,OFF
27.384700815295343,37.25117682164529,938,ON,OFF,ON
26.71262797600511,51.54785715029216,739,ON,OFF,OFF
24.482545553476047,73.31706469048511,417,OFF,OFF,OFF
27.344914322242545,72.15586800916745,606,ON,OFF,OFF
17.791621705587673,56.75489767480081,998,OFF,ON,OFF
23.80340976580926,72.0429658696751,419,OFF,OFF,OFF
21.483796302485004,30.1,287,OFF,OFF,ON
26.243062548527845,62.01532050747723,262,ON,OFF,OFF
21.532513254213463,75.10999977693298,498,OFF,OFF,OFF
20.211949221011267,45.80921924749616,296,OFF,OFF,ON
24.74499149147202,45.74909232580434,985,OFF,OFF,ON
26.38645434438797,30.1,610,ON,OFF,ON
18.824388944112684,87.72636403957478,804,OFF,OFF,OFF
21.797628924995276,47.759249037014996,477,OFF,OFF,ON
16.91445058871712,64.38931693448012,261,OFF,ON,OFF
9.865954464739508,70.6675447348296,217,OFF,ON,OFF
23.078126609321362,86.37983602443187,321,OFF,OFF,OFF
25.077909427549173,57.55627982960496,643,ON,OFF,OFF
23.379760260739687,50.88603224699326,688,OFF,OFF,OFF
12.551450746661514,63.213242695037636,709,OFF,ON,OFF
20.378873509950928,82.43532780216482,171,OFF,OFF,OFF
11.235452863775619,57.27470357722433,554,OFF,ON,OFF
28.802826054898297,43.6983467554042,290,ON,OFF,ON
16.77925049639614,33.561645618986795,657,OFF,ON,ON
28.243216395268746,39.08876142155479,677,ON,OFF,ON
26.72771343179086,75.17412011834317,253,ON,OFF,OFF
17.687298144240806,54.67167277747895,803,OFF,ON,OFF
16.55045488505431,49.70795992218462,998,OFF,ON,ON
23.81210077985645,47.831685782163724,769,OFF,OFF,ON
17.962782508122267,61.690341636365,512,OFF,ON,OFF
22.598433254211415,56.07601755270336,473,OFF,OFF,OFF
19.732697917556482,55.493357100366126,500,OFF,OFF,OFF
13.375966739773682,83.56413496943478,358,OFF,ON,OFF
11.176111109478027,86.8287787703356,619,OFF,ON,OFF
23.206524424412585,32.363283092272795,261,OFF,OFF,ON
19.347228802035588,65.88674451995854,100,OFF,OFF,OFF
19.38868845927564,46.77811856899579,611,OFF,OFF,ON
25.50366508932929,55.923834001748986,560,ON,OFF,OFF
27.8419271781733,65.56988050874683,407,ON,OFF,OFF
20.762259603990515,56.538573811319615,224,OFF,OFF,OFF
20.429061867464007,64.20620923863416,629,OFF,OFF,OFF
24.54540042608483,71.86226185365457,299,OFF,OFF,OFF
15.452995594447916,65.31552236464111,518,OFF,ON,OFF
23.189235418423763,49.027748162923096,998,OFF,OFF,ON
24.798737977441792,49.33288789401151,722,OFF,OFF,ON
25.42712158768075,35.309996565889264,202,ON,OFF,ON
12.61416470609676,45.44490306797228,226,OFF,ON,ON
18.36900420504162,90.0,593,OFF,OFF,OFF
17.796613403700306,46.516149692244845,200,OFF,ON,ON
22.585714767980267,39.571792088034,100,OFF,OFF,ON
24.45042405262313,65.75413147283803,691,OFF,OFF,OFF
29.424673708164136,58.30946236988015,637,ON,OFF,OFF
19.673269842985746,56.83488952713093,670,OFF,OFF,OFF
19.66050567539032,84.59741045151642,622,OFF,OFF,OFF
27.725546101938,69.71959414421943,537,ON,OFF,OFF
23.54872460463867,51.049303267845595,384,OFF,OFF,OFF
28.303183098175705,52.874896401928815,687,ON,OFF,OFF
23.510295590841732,51.52347294164341,948,OFF,OFF,OFF
16.43132510222858,75.35315725847636,425,OFF,ON,OFF
15.569557615923241,54.88753982169766,292,OFF,ON,OFF
14.500332666314138,30.1,262,OFF,ON,ON
25.3381188215946,59.38292975353393,331,ON,OFF,OFF
27.91612504529426,33.62621114556518,606,ON,OFF,ON
31.151284700669827,90.0,100,ON,OFF,OFF
26.224571173987574,43.511511729776366,667,ON,OFF,ON
27.79001062237383,57.41843964458227,720,ON,OFF,OFF
19.256854092416564,64.68619973441191,100,OFF,OFF,OFF
16.43475628451837,55.22473511366177,302,OFF,ON,OFF
26.25871643421366,55.20099341304526,575,ON,OFF,OFF
24.141658527430117,67.51713520228012,517,OFF,OFF,OFF
22.622716498223355,86.62461654162364,688,OFF,OFF,OFF
23.993261918272044,73.4979177143771,518,OFF,OFF,OFF
23.679002156168444,85.79930328888196,879,OFF,OFF,OFF
28.382329933473578,42.110941919722876,472,ON,OFF,ON
28.437012900940086,65.70974940100241,301,ON,OFF,OFF
24.76120649357876,62.90490394507292,281,OFF,OFF,OFF
26.237778545970492,66.29330275260425,743,ON,OFF,OFF
24.613551501889955,84.02968205343996,562,OFF,OFF,OFF
19.838736520039884,56.398964704365426,717,OFF,OFF,OFF
25.800861218804986,53.2031482881487,712,ON,OFF,OFF
15.269101293411861,69.45754909514108,100,OFF,ON,OFF
27.25659730471687,30.1,261,ON,OFF,ON
16.248180773410915,56.121053895597626,292,OFF,ON,OFF
23.495975947179325,57.89711907408396,344,OFF,OFF,OFF
17.95871914757894,44.295426468039864,446,OFF,ON,ON
24.806096840309237,78.50753979088542,811,OFF,OFF,OFF
21.930559669436853,41.840672972173884,862,OFF,OFF,ON
14.288608020408951,57.86813299959829,479,OFF,ON,OFF
24.156439198509645,65.2909617116324,489,OFF,OFF,OFF
19.267114100712778,83.63554885223807,373,OFF,OFF,OFF
26.41082484358767,60.03628712229597,577,ON,OFF,OFF
22.10315095680061,76.41570558363685,606,OFF,OFF,OFF
24.032672935025026,72.34021661658603,761,OFF,OFF,OFF
17.408326365826866,62.35491814110949,759,OFF,ON,OFF
19.211242709628298,41.36881004119061,100,OFF,OFF,ON
19.851128967435777,35.39865652972272,515,OFF,OFF,ON
26.291143893769473,62.061621959636085,910,ON,OFF,OFF
30.30923217269435,50.829507153922336,441,ON,OFF,OFF
18.15447521771826,76.12344147112194,847,OFF,OFF,OFF
27.368994610351695,73.12329782967916,475,ON,OFF,OFF
11.47374673838398,57.0248978069642,599,OFF,ON,OFF
16.249813805337574,40.18886225173585,262,OFF,ON,ON
17.40240455170466,69.05537352978992,271,OFF,ON,OFF
15.474669952977326,42.60696749880388,741,OFF,ON,ON
14.343285325130193,47.09643295178081,781,OFF,ON,ON
24.118735865192622,43.27365498235082,561,OFF,OFF,ON
21.04856777178887,57.82266535101503,238,OFF,OFF,OFF
23.95425934094323,80.46490580357454,565,OFF,OFF,OFF
25.47726957475122,60.1317141683868,877,ON,OFF,OFF
23.39714224494116,52.55061996800797,998,OFF,OFF,OFF
25.317121207282284,33.82363876609122,473,ON,OFF,ON
21.75622466457912,69.77146220024935,127,OFF,OFF,OFF
16.285046057397217,46.71682819727732,770,OFF,ON,ON
27.275802806572635,62.25214885489018,483,ON,OFF,OFF
19.212320330140123,54.090446791002336,797,OFF,OFF,OFF
17.515906241861224,74.72057614742333,626,OFF,ON,OFF
21.225560180737933,57.49851702966424,327,OFF,OFF,OFF
17.627465275513693,59.19941930587462,569,OFF,ON,OFF
20.052887863489218,68.62303893632074,891,OFF,OFF,OFF
23.78117569705246,90.0,516,OFF,OFF,OFF
23.802169194126808,75.59031302907017,288,OFF,OFF,OFF
17.70081272500716,58.6859177477593,146,OFF,ON,OFF
19.70881590747526,60.27425807854796,356,OFF,OFF,OFF
27.35668028502905,51.138119561430905,449,ON,OFF,OFF
24.527074814108342,43.78266306788731,765,OFF,OFF,ON
32.25634407555927,50.655560279128224,266,ON,OFF,OFF
27.874661863224514,46.85966244893908,954,ON,OFF,ON
27.699210332523734,71.52312268836565,210,ON,OFF,OFF
15.301545255588405,41.68574679424691,998,OFF,ON,ON
25.836581433426524,83.28535100866324,998,ON,OFF,OFF
21.836645145874815,73.2303912315329,590,OFF,OFF,OFF
19.399009460753444,60.57363715903327,130,OFF,OFF,OFF
22.919276775652317,60.22444075902544,540,OFF,OFF,OFF
26.724491277325804,50.577175850536406,455,ON,OFF,OFF
24.548771660387672,64.89176949479689,226,OFF,OFF,OFF
17.795582541374472,79.04446226831605,629,OFF,ON,OFF
25.73179828727893,48.053330010724025,342,ON,OFF,ON
18.974980863183685,33.68908295097802,370,OFF,OFF,ON
23.15755809723319,72.38559575121505,502,OFF,OFF,OFF
20.61143417450418,65.83091707554071,406,OFF,OFF,OFF
21.025073668965778,40.837909469797054,998,OFF,OFF,ON
25.84824694750102,47.53022345657339,416,ON,OFF,ON
17.003788932920973,45.35521296406786,667,OFF,ON,ON
31.620490377114486,47.68349841134905,592,ON,OFF,ON
13.180477759860887,54.61876026018495,645,OFF,ON,OFF
19.170431673221238,55.6072841079599,664,OFF,OFF,OFF
23.90924719478449,48.95928041206277,781,OFF,OFF,ON
24.957509002499762,47.101625164313035,623,OFF,OFF,ON
21.60472314419212,56.26063657190841,612,OFF,OFF,OFF
21.815670823699396,63.12022834695867,569,OFF,OFF,OFF
24.106746213980767,54.746552241319876,519,OFF,OFF,OFF
20.96532570334458,80.26550167607297,320,OFF,OFF,OFF
28.917786741826976,69.00956224734102,538,ON,OFF,OFF
26.206180430874518,32.695051749835585,616,ON,OFF,ON
26.370077857791873,69.28015718361766,658,ON,OFF,OFF
17.366279967592806,70.69569311005375,600,OFF,ON,OFF
21.707968226686447,52.697400361391146,494,OFF,OFF,OFF
20.625555049773677,34.34990168714235,539,OFF,OFF,ON
17.173155806458965,60.35849464418589,412,OFF,ON,OFF
23.860052825517485,60.08555779076232,635,OFF,OFF,OFF
19.464303803548198,40.81286680167135,497,OFF,OFF,ON
25.305569659778392,35.11078952026165,601,ON,OFF,ON
16.856917102653895,58.70412851816453,811,OFF,ON,OFF
30.51322011147597,56.18636424587269,372,ON,OFF,OFF
17.708144153090082,52.99964912381692,708,OFF,ON,OFF
23.17038199844523,58.77580500248838,563,OFF,OFF,OFF
25.97366656675144,41.139342035070705,998,ON,OFF,ON
19.30275925800334,52.6959185865879,498,OFF,OFF,OFF
26.27041469135139,69.44620340472709,733,ON,OFF,OFF
16.07847942953561,54.1639524471594,558,OFF,ON,OFF
29.206344254873443,31.291446914525476,197,ON,OFF,ON
22.165936207951617,52.040685381572374,420,OFF,OFF,OFF
19.17658249713509,41.703677878135395,781,OFF,OFF,ON
20.631842479242685,64.84076295012028,443,OFF,OFF,OFF
26.057193485561676,65.7352650037451,100,ON,OFF,OFF
19.235120594444613,31.519788272883126,546,OFF,OFF,ON
18.427745314710233,73.35092300961031,273,OFF,OFF,OFF
21.01199944289116,40.976537021067955,588,OFF,OFF,ON
16.334159981821742,87.19498056574488,953,OFF,ON,OFF
31.01018833317432,59.375030175944055,752,ON,OFF,OFF
19.323547224030534,38.654563262370075,949,OFF,OFF,ON
26.16832233653968,40.46095898943319,410,ON,OFF,ON
23.12224250151027,66.24146772984673,517,OFF,OFF,OFF
17.276303109548945,53.44888846267001,286,OFF,ON,OFF
22.067505548269978,58.5466794029578,378,OFF,OFF,OFF
25.935200364502865,88.1223005447252,316,ON,OFF,OFF
21.174917779814148,48.12102001347424,218,OFF,OFF,ON
27.938236342240785,61.25637032339845,905,ON,OFF,OFF
27.098081047650993,84.78424009117738,100,ON,OFF,OFF
26.59574063666911,64.89919290907427,906,ON,OFF,OFF
19.846144091601907,32.422435532962034,875,OFF,OFF,ON
16.8096656011587,68.96287088537626,683,OFF,ON,OFF
19.092486465907882,40.09733893690999,267,OFF,OFF,ON
23.057471563232752,84.55868232323792,147,OFF,OFF,OFF
24.768875522799565,45.982158436137865,413,OFF,OFF,ON
11.464473626928338,90.0,715,OFF,ON,OFF
22.056937397472172,85.60660208204627,555,OFF,OFF,OFF
22.870677724566328,46.436407570366065,286,OFF,OFF,ON
20.737781482439562,60.56519537947642,849,OFF,OFF,OFF
28.418839897705656,73.25803712038825,987,ON,OFF,OFF
24.16172913467693,73.77735957820099,496,OFF,OFF,OFF
28.511464271445902,67.87196936906868,582,ON,OFF,OFF
21.03930036138901,81.88304534523321,166,OFF,OFF,OFF
26.68662479084912,58.09139215564127,448,ON,OFF,OFF
30.10207564662825,53.87419555503221,685,ON,OFF,OFF
28.518815936779948,54.21769222605391,645,ON,OFF,OFF
16.749448003939815,75.06999563994624,424,OFF,ON,OFF
20.854641987789613,66.5370752718417,484,OFF,OFF,OFF
20.40670637474396,65.25854648807278,439,OFF,OFF,OFF
24.492089471978765,73.97760220645326,482,OFF,OFF,OFF
25.457101980594185,30.1,663,ON,OFF,ON
17.989374894970787,65.58355621369587,100,OFF,ON,OFF
22.428803049361072,64.00047831375778,535,OFF,OFF,OFF
12.206935091051426,89.09166133065526,644,OFF,ON,OFF
29.156537937410604,33.77220077040005,407,ON,OFF,ON
19.58803516519499,87.16045286643288,431,OFF,OFF,OFF
22.370174580437837,61.52361259650642,438,OFF,OFF,OFF
20.58059060316219,68.67913673785719,431,OFF,OFF,OFF
27.707702614344328,89.21468657662983,556,ON,OFF,OFF
8.20400261859259,69.92088899954005,587,OFF,ON,OFF
22.015334719390875,67.14586429998477,100,OFF,OFF,OFF
21.578563209611048,64.41090750152553,722,OFF,OFF,OFF
19.875620374771486,51.854074841608266,480,OFF,OFF,OFF
30.548403011087913,59.72602630474972,998,ON,OFF,OFF
17.75222453647204,47.83954853015404,248,OFF,ON,ON
25.875435867988156,59.44785812738591,331,ON,OFF,OFF
23.840902322721394,30.1,502,OFF,OFF,ON
28.27315907112807,67.64191784068151,660,ON,OFF,OFF
18.83004935114341,58.112702178774015,100,OFF,OFF,OFF
18.50798613805165,54.40212960487631,341,OFF,OFF,OFF
27.463105892916584,64.02105306529556,706,ON,OFF,OFF
24.17906729893301,35.41625099005397,310,OFF,OFF,ON
14.532523912337123,90.0,906,OFF,ON,OFF
19.456179950598354,58.440906334872956,437,OFF,OFF,OFF
23.988420543532538,57.69561398518497,323,OFF,OFF,OFF
26.198420669987172,43.51621258716437,711,ON,OFF,ON
18.77109287257796,60.63323451466349,968,OFF,OFF,OFF
7.828230713289949,84.21529019065339,661,OFF,ON,OFF
24.65840269260587,78.14173950404381,878,OFF,OFF,OFF
16.12187293269383,75.00190627212328,985,OFF,ON,OFF
12.219608759963146,69.67240067452947,317,OFF,ON,OFF
8.229366839791812,54.01563702236248,795,OFF,ON,OFF
26.081975437505783,35.12906066096269,162,ON,OFF,ON
22.726381565934513,56.74067409255969,663,OFF,OFF,OFF
20.99182865638474,56.13801939170482,536,OFF,OFF,OFF
28.897434252776662,78.3645510468245,874,ON,OFF,OFF
25.21705271616914,65.5718192586224,856,ON,OFF,OFF
30.010194092680585,88.11419129087537,701,ON,OFF,OFF
15.277716419041031,80.93716865730015,631,OFF,ON,OFF
21.92749767086276,52.32091058075399,685,OFF,OFF,OFF
14.18110275802488,30.1,570,OFF,ON,ON
20.973586102663162,84.191333683604,538,OFF,OFF,OFF
20.879417246649236,83.73820956767256,925,OFF,OFF,OFF
25.164610582555312,36.581541308532266,956,ON,OFF,ON
22.319744672208984,86.33090885962639,518,OFF,OFF,OFF
25.148911308005,66.8300942075595,615,ON,OFF,OFF
25.54075922873582,62.99901403222248,575,ON,OFF,OFF
32.64736281178173,88.15695564201364,140,ON,OFF,OFF
20.55294272855705,83.4838779740728,468,OFF,OFF,OFF
17.489338145704625,71.48787224522337,965,OFF,ON,OFF
23.301505270325148,68.40625085517186,361,OFF,OFF,OFF
18.16863333182031,70.88341873755971,998,OFF,OFF,OFF
29.352458300161906,53.297370602697505,856,ON,OFF,OFF
20.71000219053581,59.26559555226735,657,OFF,OFF,OFF
19.327553310711714,44.607569195999226,698,OFF,OFF,ON
19.789060948782517,54.45687059044161,318,OFF,OFF,OFF
25.61408923575867,53.87564523857751,486,ON,OFF,OFF
21.324318478211467,49.22724959038372,925,OFF,OFF,ON
18.95500839274792,62.58483565399672,396,OFF,OFF,OFF
30.250355981186868,54.613602767630255,827,ON,OFF,OFF
17.904784510287932,68.90829719662094,200,OFF,ON,OFF
22.270794611869555,32.15049408083275,246,OFF,OFF,ON
25.290403180258558,58.25773055131335,998,ON,OFF,OFF
14.109513575949132,62.49495720795326,551,OFF,ON,OFF
24.44805396638585,54.84460446273047,416,OFF,OFF,OFF
16.930769017480802,57.2362915330901,905,OFF,ON,OFF
26.12507034237388,32.79193698422924,874,ON,OFF,ON
17.383444210232355,66.38648491193474,791,OFF,ON,OFF
25.488512666430168,71.42342502152283,408,ON,OFF,OFF
27.510907096521052,68.7578194599826,480,ON,OFF,OFF
26.314322157260463,78.19037117280989,634,ON,OFF,OFF
23.32712661653485,63.705674689120606,733,OFF,OFF,OFF
20.964192429947882,68.5007877468553,423,OFF,OFF,OFF
19.274464097982353,62.9195182108638,598,OFF,OFF,OFF
29.298963353428228,72.11452529829128,623,ON,OFF,OFF
18.67187593776834,32.93063156869098,885,OFF,OFF,ON
17.019102138185847,44.75871754339586,748,OFF,ON,ON
25.35435960888055,87.67453009143877,167,ON,OFF,OFF
18.198711045853468,30.1,499,OFF,OFF,ON
17.44507368410384,57.793652479983464,315,OFF,ON,OFF
15.028658769407905,80.50093816209174,700,OFF,ON,OFF
19.73229522159399,58.605387310305744,791,OFF,OFF,OFF
21.691680930479833,53.21166568762459,580,OFF,OFF,OFF
23.286856749936575,62.458105838317685,485,OFF,OFF,OFF
26.75433146165114,54.10945128122664,572,ON,OFF,OFF
24.676394502348245,60.75266805708895,608,OFF,OFF,OFF
21.16213468140061,48.3954727613559,389,OFF,OFF,ON
21.126278453165014,79.40055914273853,241,OFF,OFF,OFF
24.594431901827377,84.84341841722632,100,OFF,OFF,OFF
28.327265209069438,57.911087664662816,880,ON,OFF,OFF
22.71510466587341,36.23070625933583,682,OFF,OFF,ON
19.799758231438236,51.15570281169637,647,OFF,OFF,OFF
17.235509215413202,57.03566506849994,879,OFF,ON,OFF
15.02082013484351,68.96546376416126,231,OFF,ON,OFF
25.358769689065447,42.7788781671958,108,ON,OFF,ON
24.92648919047869,46.91133562012628,653,OFF,OFF,ON
24.92347810865185,69.05434562276471,630,OFF,OFF,OFF
21.466733376785097,76.46337508467482,109,OFF,OFF,OFF
28.9851249148915,49.46447483777747,647,ON,OFF,ON
19.726377549786605,37.15239332351309,451,OFF,OFF,ON
26.773734590741814,90.0,347,ON,OFF,OFF
21.906971977786718,73.77119617338231,468,OFF,OFF,OFF
19.118126455222626,55.599386749794704,100,OFF,OFF,OFF
24.997735883011895,75.25439482246053,402,OFF,OFF,OFF
24.10227136045877,58.065653140568685,373,OFF,OFF,OFF
23.84442735596238,75.22196529413065,697,OFF,OFF,OFF
22.49460591064925,62.97665541389959,513,OFF,OFF,OFF
21.911132731292298,61.79806087256116,718,OFF,OFF,OFF
33.79031988771507,58.25380184877889,100,ON,OFF,OFF
27.894875188468056,35.177190304460495,338,ON,OFF,ON
25.63567835968533,90.0,697,ON,OFF,OFF
22.644037867050773,43.92906385013946,475,OFF,OFF,ON
27.027782194495046,36.68860268671088,772,ON,OFF,ON
24.632803983793263,56.53615220517301,100,OFF,OFF,OFF
22.224960836973597,43.58411018253906,742,OFF,OFF,ON
20.61038515129591,59.324224134305254,390,OFF,OFF,OFF
21.700482545539774,72.11821272999372,365,OFF,OFF,OFF
6.574003222177533,77.43907199104076,809,OFF,ON,OFF
23.127778771282966,74.3149186704104,853,OFF,OFF,OFF
19.705042463793646,54.93106281066626,820,OFF,OFF,OFF
29.894499512007613,61.07693687957848,998,ON,OFF,OFF
22.191370391352358,67.27581106376289,880,OFF,OFF,OFF
16.275400627505412,30.1,350,OFF,ON,ON
21.85244306950607,70.09084822717695,591,OFF,OFF,OFF
16.974768080316526,35.005595712826086,461,OFF,ON,ON
24.41450071270212,90.0,998,OFF,OFF,OFF
23.521161760774593,53.22024695881325,838,OFF,OFF,OFF
26.786319444118412,57.0203270727336,506,ON,OFF,OFF
18.224440000894546,46.901910147623354,780,OFF,OFF,ON
22.263166628380375,49.31955845711556,237,OFF,OFF,ON
15.413404788889638,90.0,618,OFF,ON,OFF
25.53123463416441,76.48864996353306,313,ON,OFF,OFF
24.637094927856978,33.415541493969805,120,OFF,OFF,ON
24.52416117321016,86.2439326097049,756,OFF,OFF,OFF
22.104587185657277,80.8637022869119,788,OFF,OFF,OFF
24.12742140603784,55.35355619503324,672,OFF,OFF,OFF
29.95163240461536,65.5252179030683,507,ON,OFF,OFF
20.700816077216462,59.96037468471555,228,OFF,OFF,OFF
22.775478147315447,90.0,255,OFF,OFF,OFF
16.778899363938912,46.44198520995712,305,OFF,ON,ON
17.845585418630137,62.74511777065178,494,OFF,ON,OFF
22.57556195692566,52.81141037583701,831,OFF,OFF,OFF
27.501606897220253,35.425308595682466,827,ON,OFF,ON
20.841888940326808,90.0,130,OFF,OFF,OFF
20.941594151199308,39.7761603813164,376,OFF,OFF,ON
20.104517696967537,64.02747367996416,369,OFF,OFF,OFF
19.47844900341831,30.102353272347653,100,OFF,OFF,ON
23.540864032802318,53.31444527158365,700,OFF,OFF,OFF
14.765967530510135,67.51958396207519,491,OFF,ON,OFF
28.36824252569756,45.94986752543008,525,ON,OFF,ON
18.83869967936905,70.37142780069719,900,OFF,OFF,OFF
25.631157272954066,55.56413806585342,577,ON,OFF,OFF
15.878645938942046,80.28999163275107,443,OFF,ON,OFF
25.371354858736787,83.77931235653638,701,ON,OFF,OFF
25.386554626840866,50.067416599712274,826,ON,OFF,OFF
23.977744241060776,61.54651500020532,630,OFF,OFF,OFF
17.227858989477568,63.39294513889047,731,OFF,ON,OFF
23.318468102103232,70.93454448926866,517,OFF,OFF,OFF
16.304322919841866,60.467757146538986,533,OFF,ON,OFF
20.85911123922983,63.509846145247245,583,OFF,OFF,OFF
27.13674885624372,56.007653089034676,360,ON,OFF,OFF
25.99737640394229,62.21274053020384,408,ON,OFF,OFF
22.17099717573192,82.67512391006376,908,OFF,OFF,OFF
17.323929600181614,71.3970794488541,998,OFF,ON,OFF
25.257509165381244,72.35163973707205,964,ON,OFF,OFF
22.191552363389402,72.72906454321878,214,OFF,OFF,OFF
10.73621020214093,57.55781958770829,189,OFF,ON,OFF
25.928478277231257,65.73508576458121,248,ON,OFF,OFF
21.978014393349312,41.44389348858303,589,OFF,OFF,ON
27.98395741365696,82.1710899362856,100,ON,OFF,OFF
16.73412853576564,30.1,403,OFF,ON,ON
6.543265255323252,58.711138255715575,916,OFF,ON,OFF
23.463077090013048,79.95803751794703,807,OFF,OFF,OFF
23.524179275117895,36.62208988415338,423,OFF,OFF,ON
13.818997259209572,67.13568463738855,443,OFF,ON,OFF
17.30584852504085,48.44070885418039,700,OFF,ON,ON
35.586425918141494,53.83811179272228,795,ON,OFF,OFF
20.60036635783021,76.58504082548457,417,OFF,OFF,OFF
25.675493678227088,63.64559243005703,494,ON,OFF,OFF
18.91097791264984,30.1,409,OFF,OFF,ON
11.86237070821068,43.32538963260682,212,OFF,ON,ON
21.263062334766232,77.09361186968303,498,OFF,OFF,OFF
20.796239185684833,67.98627041201168,478,OFF,OFF,OFF
20.1388245559352,90.0,230,OFF,OFF,OFF
21.53536961264116,89.33110441573366,720,OFF,OFF,OFF
23.390538796864647,54.29760497867945,678,OFF,OFF,OFF
21.361675722818283,90.0,733,OFF,OFF,OFF
15.907985351054254,60.642461138719966,357,OFF,ON,OFF
24.4770597631017,43.5634052234939,100,OFF,OFF,ON
12.552380817866588,49.25606515311877,674,OFF,ON,ON
12.057946773420415,30.1,383,OFF,ON,ON
25.71574688712819,88.02262323785405,325,ON,OFF,OFF
24.57907193638732,87.81055952193,231,OFF,OFF,OFF
21.815647997820943,42.64921766895553,483,OFF,OFF,ON
15.264433195285811,56.27620880187854,960,OFF,ON,OFF
18.63067189951252,61.8730736611209,424,OFF,OFF,OFF
20.810231263914137,43.603466331782,274,OFF,OFF,ON
14.283036230748696,30.1,722,OFF,ON,ON
18.478317075572193,56.57944515999088,599,OFF,OFF,OFF
25.290521599615342,54.663801446410616,100,ON,OFF,OFF
29.084861085918373,53.498866162101166,724,ON,OFF,OFF
20.043074304963113,64.07223026718495,998,OFF,OFF,OFF
25.800487547079815,84.9516341951196,100,ON,OFF,OFF
12.725269640348811,54.974996888517936,236,OFF,ON,OFF
25.32538610786571,63.1678325516177,100,ON,OFF,OFF
18.160464773234462,72.79481335513688,535,OFF,OFF,OFF
23.60144891116216,69.80638235916518,809,OFF,OFF,OFF
20.883644695797226,49.588534957461725,581,OFF,OFF,ON
28.561512495991952,61.88638846303246,912,ON,OFF,OFF
17.815353660276998,69.69213930835339,768,OFF,ON,OFF
25.169470726484032,40.69685909987027,992,ON,OFF,ON
20.728169464610946,82.07993493944434,852,OFF,OFF,OFF
21.321584043270555,84.98743508067685,450,OFF,OFF,OFF
21.196496966722222,47.71381071697297,571,OFF,OFF,ON
17.95617736705902,63.569692743671915,331,OFF,ON,OFF
22.027630618473303,71.3312478508744,495,OFF,OFF,OFF
21.789929591110088,50.77903405427886,570,OFF,OFF,OFF
23.277791759963094,68.55152698736046,532,OFF,OFF,OFF
22.51040420671486,63.04348087365084,899,OFF,OFF,OFF
26.003705186915695,34.82187394113706,469,ON,OFF,ON
26.61823205851082,68.16306656298624,314,ON,OFF,OFF
16.95272477032634,41.18491321482706,330,OFF,ON,ON
26.3502396752651,76.4684620387421,723,ON,OFF,OFF
16.288262591766124,48.60603025424762,193,OFF,ON,ON
24.97484955419782,57.42846289985108,502,OFF,OFF,OFF
25.130950756557386,83.96128858984902,895,ON,OFF,OFF
12.738700462971824,68.80703076603871,629,OFF,ON,OFF
22.551894079719304,41.54250735240371,535,OFF,OFF,ON
19.802865973223362,42.65944051878712,545,OFF,OFF,ON
18.381685109574967,49.85014500902718,289,OFF,OFF,ON
28.710540940849768,67.04682746262755,334,ON,OFF,OFF
18.896195114272857,66.41802036970023,504,OFF,OFF,OFF
18.148574573247743,45.63206959890675,624,OFF,OFF,ON
22.467268737574337,40.02455834365294,798,OFF,OFF,ON
25.45336231225148,65.09071830124117,578,ON,OFF,OFF
21.403137513902973,57.072492751650515,902,OFF,OFF,OFF
27.807303419824912,90.0,967,ON,OFF,OFF
24.696359434015335,60.852223204903865,759,OFF,OFF,OFF
11.431964074089617,90.0,869,OFF,ON,OFF
19.504347832083333,39.96964172174794,299,OFF,OFF,ON
19.345836586984063,33.00012608331857,259,OFF,OFF,ON
24.443649707807104,40.83987610232269,687,OFF,OFF,ON
9.245346797074674,80.7925503470668,209,OFF,ON,OFF
34.576814945867255,90.0,479,ON,OFF,OFF
24.696606357660244,46.68612082374192,752,OFF,OFF,ON
22.825572975218897,52.2504865706191,918,OFF,OFF,OFF
27.881709978892584,39.99391020021241,489,ON,OFF,ON
33.571377289579196,30.1,387,ON,OFF,ON
26.359905241598817,72.64846373806186,637,ON,OFF,OFF
26.742124811204732,64.0774940544442,278,ON,OFF,OFF
22.736529053694703,60.40038522080759,510,OFF,OFF,OFF
21.40373891231262,35.99597601332431,552,OFF,OFF,ON
19.767127868697255,88.59249143631858,547,OFF,OFF,OFF
18.05195013407045,51.510146977859826,577,OFF,OFF,OFF
18.732984498212083,69.45141794942104,339,OFF,OFF,OFF
15.484230650670273,35.05296493799115,367,OFF,ON,ON
21.725187610293688,56.92257389066894,362,OFF,OFF,OFF
13.848393568338539,65.26011729258295,137,OFF,ON,OFF
23.03140279562856,65.87779081376038,642,OFF,OFF,OFF
21.91878272691753,62.894566199908795,784,OFF,OFF,OFF
22.816067209418783,68.7748647719325,759,OFF,OFF,OFF
19.54026250315986,40.659330290754056,487,OFF,OFF,ON
37.16121384928246,63.63375272138713,346,ON,OFF,OFF
28.755896115252426,62.187096665764024,746,ON,OFF,OFF
16.00328101998692,64.22719245052967,718,OFF,ON,OFF
23.23680099262081,61.470602605297906,610,OFF,OFF,OFF
19.119813750734743,38.19055198043157,998,OFF,OFF,ON
17.12968669235132,37.419134385377205,547,OFF,ON,ON
15.535560627341603,30.1,488,OFF,ON,ON
24.212827640805315,74.3634281603116,451,OFF,OFF,OFF
18.760568348407922,74.5385703328883,153,OFF,OFF,OFF
26.83521361966436,74.81353786308487,724,ON,OFF,OFF
26.962297196850127,65.52682728770368,527,ON,OFF,OFF
28.82345459757854,30.1,685,ON,OFF,ON
17.923306744945663,42.45538905507243,998,OFF,ON,ON
24.424088191372284,63.16735535920671,454,OFF,OFF,OFF
25.19320652463704,62.563580874163954,100,ON,OFF,OFF
19.77504614611785,56.36507014575515,678,OFF,OFF,OFF
18.318003272515483,66.60171615329598,597,OFF,OFF,OFF
29.977001722898606,60.42051930447745,366,ON,OFF,OFF
23.210498216046478,62.308427684344984,656,OFF,OFF,OFF
25.21040906743769,49.16219692490593,756,ON,OFF,ON
18.071710613226177,77.20910312880865,311,OFF,OFF,OFF
16.126946365144452,52.76597206851754,477,OFF,ON,OFF
19.308588803234144,37.19682284171425,934,OFF,OFF,ON
21.489441683074425,46.879558220941895,369,OFF,OFF,ON
16.88615431708547,54.18997184731414,571,OFF,ON,OFF
22.04845931141771,77.41657821737306,100,OFF,OFF,OFF
13.829604319832898,59.487632356214036,173,OFF,ON,OFF
16.61281884111381,56.99830165497316,595,OFF,ON,OFF
25.381495216195315,38.61529033787236,870,ON,OFF,ON
25.052866783001193,73.80888474750289,204,ON,OFF,OFF
20.178000406766042,48.93923674653868,573,OFF,OFF,ON
17.113605115318737,58.488305322047495,457,OFF,ON,OFF
17.06641061612826,85.82818277335893,799,OFF,ON,OFF
20.2691092009011,69.02125136770401,241,OFF,OFF,OFF
25.252274176464596,32.04783729858348,665,ON,OFF,ON
26.6414251566665,30.1,386,ON,OFF,ON
19.665601333131832,59.10626685992638,611,OFF,OFF,OFF
16.449069438642425,39.236805603825246,572,OFF,ON,ON
23.40804407480532,71.43970158373983,489,OFF,OFF,OFF
18.064567434685813,60.95013895061048,677,OFF,OFF,OFF
19.559254059228802,63.08031804522164,565,OFF,OFF,OFF
28.585317630333613,47.99127470768998,520,ON,OFF,ON
26.146283330941195,90.0,462,ON,OFF,OFF
22.8701151010096,90.0,574,OFF,OFF,OFF
15.869243489295872,55.39901977701376,611,OFF,ON,OFF
23.13167471983035,66.3270051509976,300,OFF,OFF,OFF
27.29951505892153,61.904385734990434,464,ON,OFF,OFF
20.25752791693928,55.72597940842058,283,OFF,OFF,OFF
28.71182253518223,45.82293593383306,544,ON,OFF,ON
28.426044236626268,41.44745223042463,402,ON,OFF,ON
30.24242880965013,40.57149432770396,752,ON,OFF,ON
23.59115495170811,67.23015220393663,727,OFF,OFF,OFF
24.97257685113412,51.227827063484135,317,OFF,OFF,OFF
29.020633940636127,30.1,554,ON,OFF,ON
24.287136648226106,67.9156028440579,718,OFF,OFF,OFF
19.642578143574397,59.556954192391785,509,OFF,OFF,OFF
19.900558806689613,83.5182702044672,367,OFF,OFF,OFF
23.264644343446435,66.67447194241839,273,OFF,OFF,OFF
15.777968711263814,34.635790031862584,774,OFF,ON,ON
21.395253213056876,30.1,786,OFF,OFF,ON
27.465442354791918,47.77104155155827,501,ON,OFF,ON
11.368106800818436,49.40368848700567,751,OFF,ON,ON
29.60960693375481,76.53691246115513,100,ON,OFF,OFF
27.591893896892103,60.06544869385885,895,ON,OFF,OFF
19.845616080950336,79.83333796705733,514,OFF,OFF,OFF
24.75714507567525,37.297448315518196,591,OFF,OFF,ON
22.112071800890188,76.91936330423881,472,OFF,OFF,OFF
28.11879114202488,72.6930573553613,913,ON,OFF,OFF
26.90795525701573,30.1,281,ON,OFF,ON
15.24180244551389,83.10208201376412,933,OFF,ON,OFF
24.97194385490155,61.835892025144155,656,OFF,OFF,OFF
21.0898899210059,67.00185107180525,714,OFF,OFF,OFF
22.502215145370204,45.25500599302981,469,OFF,OFF,ON
18.531472623290448,82.28249988571409,218,OFF,OFF,OFF
30.655678680140767,39.7020108606028,793,ON,OFF,ON
27.188885832815437,74.61529358545647,634,ON,OFF,OFF
18.47468170727133,74.41659480640934,904,OFF,OFF,OFF
15.562300391360878,43.3644581467559,504,OFF,ON,ON
20.20837634324564,90.0,446,OFF,OFF,OFF
24.224019860280876,64.2246975183756,911,OFF,OFF,OFF
23.272727233291835,71.53219254559934,998,OFF,OFF,OFF
28.232098452457542,33.797585173138884,557,ON,OFF,ON
25.96417018832139,90.0,361,ON,OFF,OFF
26.843747495024562,39.03236651301911,763,ON,OFF,ON
23.696970367900843,77.95090881458935,489,OFF,OFF,OFF
15.294542981534693,43.0079748797281,708,OFF,ON,ON
21.13850467522464,49.5095492036277,487,OFF,OFF,ON
27.28694412520819,73.8654855157595,956,ON,OFF,OFF
21.8443999151465,77.99703923405204,374,OFF,OFF,OFF
24.559830815616934,38.223918178879686,678,OFF,OFF,ON
20.536043126326962,79.0856345351259,428,OFF,OFF,OFF
17.054619402019384,78.2985644282583,482,OFF,ON,OFF
21.492757912142597,43.99101174664783,448,OFF,OFF,ON
23.609781188467878,87.8777859597034,744,OFF,OFF,OFF
18.88636095228498,35.013237042120856,790,OFF,OFF,ON
20.94259924025252,49.40948165510935,698,OFF,OFF,ON
17.496973379678508,68.50634917165414,526,OFF,ON,OFF
27.57657258913843,45.45102798892046,590,ON,OFF,ON
20.65498142451676,64.78337052597314,785,OFF,OFF,OFF
29.209467199443935,64.38988443701534,793,ON,OFF,OFF
29.581531582649518,56.982279667587775,100,ON,OFF,OFF
21.699852777208232,74.62063142024944,484,OFF,OFF,OFF
17.15921492037434,56.26796460598783,496,OFF,ON,OFF
11.883938042653407,64.22491531884259,726,OFF,ON,OFF
14.88944946161566,80.0545084563867,537,OFF,ON,OFF
15.370255494276368,73.89891471454328,739,OFF,ON,OFF
28.845757426646156,73.81813582852095,277,ON,OFF,OFF
22.663746688340165,40.33650075043957,621,OFF,OFF,ON
24.00419507700054,69.29857989962369,786,OFF,OFF,OFF
11.22530207202027,45.01966047307932,175,OFF,ON,ON
16.231321174642943,38.048642253011195,998,OFF,ON,ON
26.439873556776966,58.97830742727751,860,ON,OFF,OFF
23.500729186623417,44.57334645218164,554,OFF,OFF,ON
21.37593150374604,73.89772972044815,341,OFF,OFF,OFF
24.862173479612828,74.31154036374481,509,OFF,OFF,OFF
30.105656696149317,30.1,576,ON,OFF,ON
21.01441876256173,45.88812640410035,667,OFF,OFF,ON
22.43630036106743,34.962560456374696,940,OFF,OFF,ON
23.039630141441577,52.21478949101008,432,OFF,OFF,OFF
33.808619682778954,68.09410926511282,699,ON,OFF,OFF
11.81804470892935,56.02700258153133,222,OFF,ON,OFF
25.441774606173475,50.01526184607018,448,ON,OFF,OFF
21.534579320492913,82.71381562923551,651,OFF,OFF,OFF
24.871619817057407,30.1,732,OFF,OFF,ON
18.87811186814406,81.61855620712453,360,OFF,OFF,OFF
21.856923585961358,50.80197335678118,441,OFF,OFF,OFF
25.579783169122887,58.867532314635106,930,ON,OFF,OFF
37.337716694032764,51.09479895175852,853,ON,OFF,OFF
26.052869855554025,86.91306818973356,608,ON,OFF,OFF
17.944463528044867,38.921264529120336,100,OFF,ON,ON
20.021899106138715,60.42198407709446,998,OFF,OFF,OFF
19.876708671486643,69.3443607518713,549,OFF,OFF,OFF
13.30504820949748,32.3463087657392,474,OFF,ON,ON
20.48051239535747,44.30339283070771,420,OFF,OFF,ON
25.68464986351878,57.65523075476028,651,ON,OFF,OFF
15.857918279409326,44.87837294156013,654,OFF,ON,ON
27.230114893179724,46.108040620193016,799,ON,OFF,ON
24.484844674354246,54.165810917483846,316,OFF,OFF,OFF
18.50179542302838,71.4576013460387,474,OFF,OFF,OFF
21.40371989608158,54.289427523746056,998,OFF,OFF,OFF
29.922171221022875,78.8772221887464,612,ON,OFF,OFF
25.68816883112061,42.95631174927814,510,ON,OFF,ON
22.13966575347031,38.55890788477821,312,OFF,OFF,ON
20.93294381807359,90.0,684,OFF,OFF,OFF
22.471744393088603,48.835324933483186,819,OFF,OFF,ON
19.59102511652842,37.53830208695008,779,OFF,OFF,ON
11.79163896973236,30.1,488,OFF,ON,ON
32.09532607208201,78.81973408984956,647,ON,OFF,OFF
22.857143853180624,54.31387895296547,984,OFF,OFF,OFF
24.046021017864813,55.82939215767428,829,OFF,OFF,OFF
21.81313932099367,57.464514230004596,352,OFF,OFF,OFF
18.49746984064578,77.74426859088248,100,OFF,OFF,OFF
21.186359203897528,57.11280904790581,630,OFF,OFF,OFF
14.265896066202819,90.0,759,OFF,ON,OFF
33.24545723664932,62.53317487884698,274,ON,OFF,OFF
16.052391155465365,78.58930202660189,552,OFF,ON,OFF
17.04407111507558,74.1507133449978,486,OFF,ON,OFF
19.941116129784294,59.588338296432774,581,OFF,OFF,OFF
28.403181675900562,50.0635025831863,414,ON,OFF,OFF
22.167697495736768,65.9623723992292,886,OFF,OFF,OFF
16.04444091297438,69.04435567348982,592,OFF,ON,OFF
28.2380008527304,50.31238229300811,328,ON,OFF,OFF
25.67569760195001,63.09682526743093,790,ON,OFF,OFF
24.732880738008838,81.60701763273046,229,OFF,OFF,OFF
25.60095216138874,90.0,884,ON,OFF,OFF
33.81964695321421,75.00072232294212,809,ON,OFF,OFF
32.795059017383664,90.0,911,ON,OFF,OFF
18.73444723480488,49.32986699451632,513,OFF,OFF,ON
30.04733061276897,72.36248101891644,427,ON,OFF,OFF
23.972682271188475,83.37720328141152,576,OFF,OFF,OFF
24.540273168316013,44.711097747879364,532,OFF,OFF,ON
13.811167428803017,51.8175346605253,386,OFF,ON,OFF
21.262437993576306,90.0,412,OFF,OFF,OFF
18.11701120618167,43.34834313561159,460,OFF,OFF,ON
26.15090222558014,37.01548763379956,253,ON,OFF,ON
27.340755764451075,86.65516416811191,728,ON,OFF,OFF
11.93980978685478,80.92461968403174,541,OFF,ON,OFF
21.988775828968613,67.6952178867559,475,OFF,OFF,OFF
27.58938360873546,59.42806781911925,269,ON,OFF,OFF
21.182665203010785,52.63183601933197,256,OFF,OFF,OFF
25.66621398478005,65.09704142550169,998,ON,OFF,OFF
23.815994393305427,87.55181638636984,393,OFF,OFF,OFF
23.76945600196251,64.34645871668226,711,OFF,OFF,OFF
20.768280525154896,90.0,596,OFF,OFF,OFF
16.14018371164596,44.68326578835154,100,OFF,ON,ON
16.605559301573685,59.87842352961742,998,OFF,ON,OFF
25.569706718824005,53.76448732934443,730,ON,OFF,OFF
22.191929448777945,41.44444947239698,357,OFF,OFF,ON
21.418493291349446,57.570363886371744,547,OFF,OFF,OFF
20.021260851723103,67.43931372779716,259,OFF,OFF,OFF
20.602431370864597,69.2888496635848,998,OFF,OFF,OFF
27.222423854266985,90.0,321,ON,OFF,OFF
20.45527853838371,68.25487050500276,420,OFF,OFF,OFF
15.530700572135359,80.11791684742998,366,OFF,ON,OFF
25.73763863443439,61.36245199212986,575,ON,OFF,OFF
21.093567806024573,89.25165645194559,906,OFF,OFF,OFF
22.25037693872483,90.0,998,OFF,OFF,OFF
29.967491776603083,69.40744998249164,451,ON,OFF,OFF
21.995994151834257,43.04452761176404,651,OFF,OFF,ON
23.512526588007614,50.72382756526811,575,OFF,OFF,OFF
16.324556916242887,65.09678933350834,302,OFF,ON,OFF
21.021141134745324,68.11698805089088,998,OFF,OFF,OFF
25.08094837013107,72.30266800824525,905,ON,OFF,OFF
14.48142652909474,68.18099714321957,603,OFF,ON,OFF
23.08001386053205,60.339777232089745,961,OFF,OFF,OFF
22.590141402911726,49.21179819271799,866,OFF,OFF,ON
22.298806951902158,67.15918589789385,575,OFF,OFF,OFF
27.17467289906678,90.0,638,ON,OFF,OFF
23.73409789951569,77.86513141058737,943,OFF,OFF,OFF
29.333418082342227,69.47006064822416,311,ON,OFF,OFF
17.231966830722108,78.03188790985095,985,OFF,ON,OFF
22.76215779216353,53.79899739259328,496,OFF,OFF,OFF
22.510216396510902,51.42522459750906,946,OFF,OFF,OFF
16.86150506783555,47.28119157119677,553,OFF,ON,ON
26.77875681735869,58.05129309034048,641,ON,OFF,OFF
33.4784460398712,52.91763124618555,545,ON,OFF,OFF
22.013397183209438,81.12378513758506,417,OFF,OFF,OFF
24.569283772884216,51.99516295010763,485,OFF,OFF,OFF
22.510469472056737,46.330710719707724,909,OFF,OFF,ON
18.60289286904268,90.0,100,OFF,OFF,OFF
13.182072860970687,52.40950034773307,235,OFF,ON,OFF
18.6411370621538,62.87518713290866,368,OFF,OFF,OFF
15.281521119558068,68.02744961153132,277,OFF,ON,OFF
30.440079854714597,40.552534518698295,942,ON,OFF,ON
21.533074044468528,81.59453970426327,878,OFF,OFF,OFF
20.40301167747458,71.24198613454894,706,OFF,OFF,OFF
26.45002826273982,87.18116922028197,390,ON,OFF,OFF
16.60447748617606,48.46743104404307,897,OFF,ON,ON
18.342032836957216,61.93394431890653,146,OFF,OFF,OFF
22.429947534093166,60.89983838850685,998,OFF,OFF,OFF
27.133595244646138,64.78457139384935,378,ON,OFF,OFF
24.55295023998997,35.05204202312035,487,OFF,OFF,ON
23.312479966123085,62.13655397358746,444,OFF,OFF,OFF
22.479130936099665,35.53909120147911,278,OFF,OFF,ON
24.05624692292561,66.41861305137498,998,OFF,OFF,OFF
23.08396897252563,30.1,757,OFF,OFF,ON
17.053833942387868,30.1,867,OFF,ON,ON
22.322267820322107,74.38097536453658,239,OFF,OFF,OFF
16.839795041836503,50.75785195750796,601,OFF,ON,OFF
22.493646870694747,43.127590675065306,688,OFF,OFF,ON
19.743369654318936,82.20634960035123,624,OFF,OFF,OFF
34.529675069859366,65.88732387818595,256,ON,OFF,OFF
21.901334197043965,75.30731845190643,831,OFF,OFF,OFF
15.221391457582314,57.342706061663115,585,OFF,ON,OFF
21.439703274695873,90.0,309,OFF,OFF,OFF
24.63948208591975,49.759986116380425,100,OFF,OFF,ON
30.289583511350568,90.0,710,ON,OFF,OFF
19.21065435502036,59.15720930518483,998,OFF,OFF,OFF
14.348966813185017,31.593565467888464,293,OFF,ON,ON
26.09595938155298,68.57289249973607,598,ON,OFF,OFF
15.337138993875762,65.66476449248766,840,OFF,ON,OFF
19.961208479872013,42.029578472097604,228,OFF,OFF,ON
20.83532985204187,44.26323441199406,431,OFF,OFF,ON
21.755729342601846,59.79162427979182,333,OFF,OFF,OFF
25.47086438108229,66.2700587159455,807,ON,OFF,OFF
18.749532353607357,30.1,895,OFF,OFF,ON
20.75646004677315,78.43941447071143,595,OFF,OFF,OFF
22.026791493854176,51.66341609089441,338,OFF,OFF,OFF
22.829103800719245,37.177818949022594,440,OFF,OFF,ON
22.575629922417054,76.50070667311739,392,OFF,OFF,OFF
24.231379300293305,59.810303983660816,303,OFF,OFF,OFF
26.228165764646185,81.26031118981672,528,ON,OFF,OFF
24.019028198704177,67.79612003913907,702,OFF,OFF,OFF
24.317451148850623,60.19272529479682,680,OFF,OFF,OFF
14.349969565935279,57.576484918159956,552,OFF,ON,OFF
22.34257909691727,68.57053976416174,569,OFF,OFF,OFF
24.444367446514782,53.064254431970994,533,OFF,OFF,OFF
25.665614457707214,45.46822033017563,221,ON,OFF,ON
18.70685571440778,70.77121618854946,595,OFF,OFF,OFF
18.86995146982494,57.7190849315502,404,OFF,OFF,OFF
19.285817622324558,60.79969597686905,208,OFF,OFF,OFF
24.72298548028523,79.06673563561176,649,OFF,OFF,OFF
27.158624314930638,58.2487024397299,397,ON,OFF,OFF
20.101703122949942,60.47903644267419,613,OFF,OFF,OFF
26.542116122962128,49.844146215201306,772,ON,OFF,ON
22.701227264998405,67.67133657734222,310,OFF,OFF,OFF
21.488147209679102,66.27144451446664,578,OFF,OFF,OFF
21.061706244523673,75.8036082978885,100,OFF,OFF,OFF
25.752129018334173,50.1991828193661,948,ON,OFF,OFF
23.690715215689835,52.29804918800964,205,OFF,OFF,OFF
33.23928293544734,73.92402233264026,422,ON,OFF,OFF
17.924100512449307,64.58256893611639,898,OFF,ON,OFF
24.633327500240476,44.54007688657602,494,OFF,OFF,ON
19.505649962570565,82.82415608017025,246,OFF,OFF,OFF
17.840561916554286,30.833338506345555,737,OFF,ON,ON
22.043453910176492,73.78816048584014,732,OFF,OFF,OFF
22.769148964030954,38.32897602823611,391,OFF,OFF,ON
36.384270556558064,90.0,419,ON,OFF,OFF
21.195067690781187,33.49517500987098,442,OFF,OFF,ON
16.563215154596335,80.1544894019167,501,OFF,ON,OFF
23.433342508433483,58.806538790282275,100,OFF,OFF,OFF
11.939057325356204,53.87618692548848,507,OFF,ON,OFF
21.646432543362526,63.426551916841184,998,OFF,OFF,OFF
22.175121338297878,71.15169524395398,324,OFF,OFF,OFF
25.987087076429752,44.57152434242405,404,ON,OFF,ON
26.863592401142107,46.10465034055259,250,ON,OFF,ON
19.631143295024117,71.45800850819747,712,OFF,OFF,OFF
21.359242060917342,30.679487702344883,864,OFF,OFF,ON
18.345671639584523,50.11094119547095,858,OFF,OFF,OFF
16.573576114454738,90.0,233,OFF,ON,OFF
23.613929814752588,43.47093904517376,683,OFF,OFF,ON
15.861083940006148,80.07753515001708,923,OFF,ON,OFF
20.066613931921587,50.081153781203746,685,OFF,OFF,OFF
17.224209265138054,69.0261271429283,677,OFF,ON,OFF
24.78795296393568,71.54020448821655,433,OFF,OFF,OFF
30.916605602703328,79.75147179634087,611,ON,OFF,OFF
15.72398179059085,56.754254748845526,872,OFF,ON,OFF
13.024134118137516,90.0,639,OFF,ON,OFF
21.48520413608961,50.02257473830518,233,OFF,OFF,OFF
22.173517939092275,64.27127176179062,437,OFF,OFF,OFF
23.16723367015195,64.46256512472263,865,OFF,OFF,OFF
19.91143946884145,40.80729776468168,638,OFF,OFF,ON
21.11431428293634,55.2729352106901,585,OFF,OFF,OFF
23.896020536353195,63.013339619040714,412,OFF,OFF,OFF
27.190692842373295,52.74262494970647,860,ON,OFF,OFF
12.524585700040435,90.0,982,OFF,ON,OFF
20.290303384498245,45.70955623163755,879,OFF,OFF,ON
23.143485172861944,80.62463474125128,925,OFF,OFF,OFF
17.602176116596997,75.03689079618314,462,OFF,ON,OFF
30.572604754707527,59.97909385743097,425,ON,OFF,OFF
18.98564286912754,45.24959166511774,514,OFF,OFF,ON
21.894487992872648,46.927027968819615,564,OFF,OFF,ON
24.8189887751519,51.25736366726112,922,OFF,OFF,OFF
19.201682833121534,30.1,854,OFF,OFF,ON
13.0556914819961,42.85756147458752,693,OFF,ON,ON
19.997933555463938,34.5699941697288,186,OFF,OFF,ON
27.136883277973148,83.50446370994148,120,ON,OFF,OFF
20.447194890896277,70.91919981593914,616,OFF,OFF,OFF
17.952450486058567,73.81738854690248,780,OFF,ON,OFF
26.628825184486935,70.40655140729908,534,ON,OFF,OFF
20.477160028434138,63.10770365677883,998,OFF,OFF,OFF
19.598872280306608,85.49075778824073,276,OFF,OFF,OFF
22.828409204393246,49.651873148455515,243,OFF,OFF,ON
25.870314727181842,62.06446378454917,383,ON,OFF,OFF
33.7577195313652,73.1440994833127,373,ON,OFF,OFF
26.146874185390963,37.360145578030796,689,ON,OFF,ON
27.775329183237858,90.0,446,ON,OFF,OFF
19.61940944796614,60.713156308149635,156,OFF,OFF,OFF
17.073928279934087,62.67554604623727,783,OFF,ON,OFF
22.4018395340881,81.96469060796841,102,OFF,OFF,OFF
22.621372724689436,76.04894577454546,279,OFF,OFF,OFF
16.816175949741286,60.877731760926096,137,OFF,ON,OFF
21.23840429132301,62.470351106526046,607,OFF,OFF,OFF
24.05175107910691,34.19503774032654,602,OFF,OFF,ON
23.861175061193567,50.5912857000481,998,OFF,OFF,OFF
24.565693796433102,69.16739439108652,789,OFF,OFF,OFF
23.52124678510529,67.89890038186059,925,OFF,OFF,OFF
19.61430547934989,81.34681777703605,628,OFF,OFF,OFF
19.580561857836276,58.13409010513137,303,OFF,OFF,OFF
16.226498689019593,36.21691543095679,587,OFF,ON,ON
30.83506110128813,78.50185488350311,706,ON,OFF,OFF
22.162514336159326,85.06529905551085,735,OFF,OFF,OFF
20.995761799198014,75.75982605997365,433,OFF,OFF,OFF
17.549220232045013,57.3878350850959,680,OFF,ON,OFF
36.469875314123996,78.28827972169213,314,ON,OFF,OFF
16.841560698873188,90.0,286,OFF,ON,OFF
19.996986660067833,62.21122574794998,267,OFF,OFF,OFF
24.13263056797924,37.52403387056603,560,OFF,OFF,ON
25.035350790906072,50.07537025132976,251,ON,OFF,OFF
26.786771959913683,71.04054512279876,445,ON,OFF,OFF
30.94685558309584,32.45355081208436,786,ON,OFF,ON
24.57484849640556,63.14984040331633,289,OFF,OFF,OFF
16.92624932643166,66.79928869605517,424,OFF,ON,OFF
20.83863647032753,86.77869911128326,573,OFF,OFF,OFF
23.603832106377926,82.88714685199253,618,OFF,OFF,OFF
32.22285979711544,75.17746438307861,426,ON,OFF,OFF
15.252893264371934,30.1,756,OFF,ON,ON
27.984570683096415,76.15444622722212,706,ON,OFF,OFF
22.977535369948626,72.42530475740905,847,OFF,OFF,OFF
26.19874534706321,64.64712696301879,533,ON,OFF,OFF
21.597286018411506,30.28364575615618,422,OFF,OFF,ON
17.972042987800016,46.77964437056599,379,OFF,ON,ON
25.772993244786907,40.031249077151855,633,ON,OFF,ON
25.300806740017226,30.1,457,ON,OFF,ON
26.855928647466182,60.16849210126224,408,ON,OFF,OFF
22.031519724039484,46.4154806183763,439,OFF,OFF,ON
19.15988385258174,90.0,378,OFF,OFF,OFF
14.464714930338886,57.298935793162215,605,OFF,ON,OFF
26.10837709651401,82.60268225422902,191,ON,OFF,OFF
24.172056965291052,33.07130261159063,632,OFF,OFF,ON
17.368111544524034,51.047631012138865,728,OFF,ON,OFF
19.459760655231488,61.89539822286899,405,OFF,OFF,OFF
19.811371939368325,44.50658442908624,998,OFF,OFF,ON
14.835850319764042,52.91426113745911,559,OFF,ON,OFF
18.09322210348812,56.44807031997298,153,OFF,OFF,OFF
16.545336496227975,56.17199034865025,482,OFF,ON,OFF
20.07713016608527,90.0,570,OFF,OFF,OFF
18.479938459822815,66.76277640772182,670,OFF,OFF,OFF
14.130714529064216,68.51513722999381,488,OFF,ON,OFF
31.999423230012333,69.55571689686478,294,ON,OFF,OFF
28.229199514326854,70.81822852616754,273,ON,OFF,OFF
18.282519110592222,58.78486663111185,386,OFF,OFF,OFF
23.43045714663354,54.6695638191179,411,OFF,OFF,OFF
24.14060262704474,63.105081389043285,262,OFF,OFF,OFF
27.928311542784385,80.23326786134305,366,ON,OFF,OFF
18.088704833213892,79.70443710419201,724,OFF,OFF,OFF
27.443702124460327,56.05969571517194,978,ON,OFF,OFF
19.414072246648555,73.50370698853506,748,OFF,OFF,OFF
15.556171492226998,56.85233927623012,890,OFF,ON,OFF
25.642090580608368,60.80493659762736,805,ON,OFF,OFF
28.416316385313444,52.02630611335981,768,ON,OFF,OFF
34.76726884630888,57.07621128981171,467,ON,OFF,OFF
16.22270977404576,83.42582994934791,590,OFF,ON,OFF
25.518626754804767,61.817944503791644,446,ON,OFF,OFF
20.090240732069216,62.55950649174965,498,OFF,OFF,OFF
25.93204695239668,35.18002002283769,572,ON,OFF,ON
14.897026251650031,54.8685726633246,738,OFF,ON,OFF
15.914038826033586,56.043840217538886,663,OFF,ON,OFF
18.297915314726836,45.87357685478861,512,OFF,OFF,ON
22.483274539418307,60.59377050435723,568,OFF,OFF,OFF
18.957875309797775,52.793469518853875,666,OFF,OFF,OFF
25.32344286754448,61.60296942958424,726,ON,OFF,OFF
27.124418164257047,62.3211017331375,163,ON,OFF,OFF
25.0322397019218,43.68303022814552,277,ON,OFF,ON
30.022373565532526,53.32082528351532,839,ON,OFF,OFF
24.132580594522658,61.55761252894317,538,OFF,OFF,OFF
16.138637009694087,80.7089784756375,445,OFF,ON,OFF
28.771860338094534,64.66053202147215,486,ON,OFF,OFF
19.13376712414059,48.766516321468224,486,OFF,OFF,ON
26.55414180564032,67.12227330448185,698,ON,OFF,OFF
29.801788415658955,89.76193193798318,269,ON,OFF,OFF
24.332641173525516,76.07924295854733,560,OFF,OFF,OFF
14.771347499617566,69.69190937722509,617,OFF,ON,OFF
17.60102033872724,72.77266152476959,656,OFF,ON,OFF
28.572922599676144,85.13216373289904,611,ON,OFF,OFF
21.268622132665644,78.8287886134245,687,OFF,OFF,OFF
22.48625864747496,70.0246821157518,407,OFF,OFF,OFF
25.811925092048096,78.70794562685195,312,ON,OFF,OFF
25.50591250245133,41.5048391256298,998,ON,OFF,ON
23.461686378358362,34.227621115858184,477,OFF,OFF,ON
21.075003304646263,62.9369565129594,507,OFF,OFF,OFF
20.565810651976673,61.407201455293894,728,OFF,OFF,OFF
26.29700129446615,50.808517435948914,965,ON,OFF,OFF
24.80698081767279,74.50734405747698,414,OFF,OFF,OFF
20.836898971618727,30.1,297,OFF,OFF,ON
27.394768398028415,50.9666142171719,235,ON,OFF,OFF
21.46489896859165,51.82851356732684,964,OFF,OFF,OFF
17.92685440384665,31.908600093689646,287,OFF,ON,ON
18.380679254224013,86.0798824831547,547,OFF,OFF,OFF
17.304667147802487,36.70282976854787,303,OFF,ON,ON
20.762919129221025,50.03981571938462,182,OFF,OFF,OFF
28.13707266244172,75.92825848721175,479,ON,OFF,OFF
18.154850114028,71.39642376376626,313,OFF,OFF,OFF
23.019452624858978,41.045943440780384,376,OFF,OFF,ON
18.881456910755904,72.02695403229478,998,OFF,OFF,OFF
20.822166468785316,65.23260843840913,663,OFF,OFF,OFF
14.70337816869106,90.0,794,OFF,ON,OFF
21.016887534271614,67.2076671273337,766,OFF,OFF,OFF
21.148263303030795,57.77524566127915,528,OFF,OFF,OFF
24.741953109142035,45.40023671650648,441,OFF,OFF,ON
23.18986142386649,47.34246862261453,618,OFF,OFF,ON
16.229236934401367,45.93195855960077,597,OFF,ON,ON
27.4049812826809,83.9408712038366,408,ON,OFF,OFF
23.126320723276724,60.52983320063631,587,OFF,OFF,OFF
23.06801074937022,69.99850063332937,372,OFF,OFF,OFF
22.051702745188,86.41754705748818,510,OFF,OFF,OFF
19.561678556955528,30.1,468,OFF,OFF,ON
23.163037891385514,82.3452478055772,228,OFF,OFF,OFF
24.425179161487684,61.17737302065636,100,OFF,OFF,OFF
13.543719762596774,67.74587862418053,313,OFF,ON,OFF
19.458844285130006,45.88638446056348,998,OFF,OFF,ON
20.848419595062545,47.15421143440183,474,OFF,OFF,ON
23.35089197905652,68.67665154865459,754,OFF,OFF,OFF
27.939206060156945,90.0,100,ON,OFF,OFF
18.31815575012695,77.57766341909644,295,OFF,OFF,OFF
19.65859939406454,82.11425939072556,206,OFF,OFF,OFF
19.58725242908239,56.897035614145985,502,OFF,OFF,OFF
18.17231732350606,49.83454889576792,998,OFF,OFF,ON
20.39680753143829,46.70990165299703,672,OFF,OFF,ON
25.870569374094117,51.77110437747864,990,ON,OFF,OFF
16.936997712710422,30.1,489,OFF,ON,ON
24.19127365069373,47.67680148780249,905,OFF,OFF,ON
13.764011334824195,50.524028575410306,998,OFF,ON,OFF
19.34830471500136,57.18498464113184,526,OFF,OFF,OFF
20.483454407946027,62.49839101137344,415,OFF,OFF,OFF
30.296906708770884,66.48983945200332,215,ON,OFF,OFF
20.751206295799925,59.960698341815714,475,OFF,OFF,OFF
11.319196814025982,50.1591430425234,575,OFF,ON,OFF
12.309940897866202,30.1,998,OFF,ON,ON
22.263271845713284,50.265278161153205,221,OFF,OFF,OFF
25.101731301009917,43.39416104300308,569,ON,OFF,ON
23.934922078469253,68.28254027915392,100,OFF,OFF,OFF
22.917096870925548,75.95088248389051,444,OFF,OFF,OFF
27.787175890010847,76.45753127424372,634,ON,OFF,OFF
19.454778661873494,73.31527804840513,686,OFF,OFF,OFF
26.478213677645144,57.90874482291896,706,ON,OFF,OFF
14.106185345289934,51.188361037104,656,OFF,ON,OFF
17.665963572941063,47.29299720047338,703,OFF,ON,ON
13.249241604773285,34.13707134412449,566,OFF,ON,ON
20.7509957843634,77.37939596694082,285,OFF,OFF,OFF
21.87016167277765,57.19618101450367,100,OFF,OFF,OFF
22.65531027790309,38.65548378248093,414,OFF,OFF,ON
22.399646106387028,45.91946209292268,519,OFF,OFF,ON
17.555285253899182,45.21906501248753,877,OFF,ON,ON
21.165225944400724,60.9633125911594,528,OFF,OFF,OFF
14.765042056747587,78.68762739548475,504,OFF,ON,OFF
28.77113797830085,54.198218421987214,653,ON,OFF,OFF
20.610082829968494,30.1,485,OFF,OFF,ON
19.703034880499686,56.94584176923076,763,OFF,OFF,OFF
29.876238751256103,57.516553610098626,998,ON,OFF,OFF
16.014522255112336,56.32749117532989,998,OFF,ON,OFF
16.585696069762786,49.36296536595016,579,OFF,ON,ON
16.729478209772623,63.980931039652724,641,OFF,ON,OFF
21.764356585579584,61.363262889325256,960,OFF,OFF,OFF
24.209963134929637,59.78932888369124,516,OFF,OFF,OFF
25.718170316419105,67.35820575155216,729,ON,OFF,OFF
34.68935431818447,52.78221438201544,262,ON,OFF,OFF
11.08325972405157,51.80031010924294,474,OFF,ON,OFF
25.077078234150747,84.0970073584359,851,ON,OFF,OFF
19.368904597562143,69.89656566871446,369,OFF,OFF,OFF
19.225524978202156,74.52626126556311,521,OFF,OFF,OFF
19.062206548982953,81.43226659251559,149,OFF,OFF,OFF
17.647251550164306,69.31850429214272,998,OFF,ON,OFF
30.34422811062754,76.28136160493783,879,ON,OFF,OFF
26.22061511560239,32.89402998684986,602,ON,OFF,ON
22.210229638636907,63.75107819510256,685,OFF,OFF,OFF
28.71134106694702,57.05764129000488,656,ON,OFF,OFF
14.691197930216266,89.24522881281533,910,OFF,ON,OFF
15.58142191102802,76.26850410816422,421,OFF,ON,OFF
11.433156698081218,49.31133753747352,742,OFF,ON,ON
18.67227095369497,66.66879295244873,831,OFF,OFF,OFF
22.88834915175896,63.12005184817506,867,OFF,OFF,OFF
22.600264073560815,68.07950277945424,100,OFF,OFF,OFF
22.82785017685186,42.59151693750498,400,OFF,OFF,ON
15.18801358582556,66.44772084063989,292,OFF,ON,OFF
26.028969903072856,56.27158827161544,593,ON,OFF,OFF
23.269895704541966,65.10570753307427,100,OFF,OFF,OFF
25.685752458923407,47.68604351645981,100,ON,OFF,ON
12.829545821712385,50.09651046639595,998,OFF,ON,OFF
23.621744346771983,80.52805052293458,713,OFF,OFF,OFF
16.281267010396384,42.025672780828856,585,OFF,ON,ON
20.15133397157322,43.30239845810355,648,OFF,OFF,ON
24.712953406854197,59.32649984664412,592,OFF,OFF,OFF
22.542661834671897,46.864136395075356,811,OFF,OFF,ON
17.927452678126087,44.906685010950795,391,OFF,ON,ON
22.127374151703993,62.03689080134258,602,OFF,OFF,OFF
14.59814132625358,34.1791667077676,613,OFF,ON,ON
27.72846111527184,42.77976033594133,285,ON,OFF,ON
21.091573360390047,90.0,882,OFF,OFF,OFF
27.573169944435644,68.16849475913126,439,ON,OFF,OFF
19.51871917930623,47.30232960525616,816,OFF,OFF,ON
19.533190515632114,67.45463891211378,584,OFF,OFF,OFF
18.355140873001176,70.0345455781794,974,OFF,OFF,OFF
26.386477671768677,77.42370002659662,286,ON,OFF,OFF
18.623228797625146,58.0189497185927,275,OFF,OFF,OFF
25.252650884605433,77.1137155525739,321,ON,OFF,OFF
20.224142862147627,30.1,588,OFF,OFF,ON
12.422186496551726,41.94330816998188,951,OFF,ON,ON
19.30435715438867,63.05413465714441,964,OFF,OFF,OFF
16.323652497398236,65.92205326650252,100,OFF,ON,OFF
22.26265071599886,44.44380904699645,618,OFF,OFF,ON
16.268329140587433,64.7072599893931,100,OFF,ON,OFF
26.630308163998045,49.42561234956041,759,ON,OFF,ON
21.650745608906075,55.42714546018147,842,OFF,OFF,OFF
21.22713613598847,77.9489601204205,544,OFF,OFF,OFF
25.30796045435333,75.9448287238673,576,ON,OFF,OFF
26.81602544295658,42.96837870938496,573,ON,OFF,ON
21.998255188759828,41.92698720406915,352,OFF,OFF,ON
18.3208021548736,53.10504879113216,665,OFF,OFF,OFF
13.411163669394238,59.75617960604986,495,OFF,ON,OFF
18.737705996745916,48.836356773850824,793,OFF,OFF,ON
19.074739933324782,78.22351000578388,525,OFF,OFF,OFF
22.62082210046652,66.22926244872579,333,OFF,OFF,OFF
20.406793643994817,67.24477335442072,159,OFF,OFF,OFF
25.464834932271987,38.30602063934103,100,ON,OFF,ON
19.095445333782752,80.41470374331226,892,OFF,OFF,OFF
21.817382180537795,30.1,436,OFF,OFF,ON
27.893557154026617,74.64926375322645,641,ON,OFF,OFF
23.770263766993533,76.38383886971422,998,OFF,OFF,OFF
21.802711690558784,52.73777806090435,409,OFF,OFF,OFF
19.14949232190365,82.24207002541975,393,OFF,OFF,OFF
18.996308898016213,59.12725169119014,520,OFF,OFF,OFF
17.931990006524593,61.29908483415629,562,OFF,ON,OFF
19.44784755091539,66.09325512435755,998,OFF,OFF,OFF
25.796460445293356,90.0,957,ON,OFF,OFF
21.010277620389,83.47953073270918,714,OFF,OFF,OFF
15.488063766792614,72.34948677156372,927,OFF,ON,OFF
30.75375804493178,44.4261235640566,508,ON,OFF,ON
23.66323535327188,62.70323478876959,631,OFF,OFF,OFF
15.208153269615597,46.15073491842326,477,OFF,ON,ON
19.933332720002596,74.44260525109179,222,OFF,OFF,OFF
22.639568846075026,62.64920508464486,864,OFF,OFF,OFF
30.44247900837087,40.76311758170179,691,ON,OFF,ON
16.6712533769989,61.62249801863435,559,OFF,ON,OFF
26.87543342264012,45.52280833844357,553,ON,OFF,ON
28.948657351898852,62.83518219112432,167,ON,OFF,OFF
19.018718703440193,45.35567937002949,303,OFF,OFF,ON
20.737931485862326,60.69450314896498,641,OFF,OFF,OFF
17.022807619554726,73.20311518334495,418,OFF,ON,OFF
21.100498318381337,59.30105406228056,498,OFF,OFF,OFF
21.91751284884071,53.45601011626042,527,OFF,OFF,OFF
25.326359237823876,63.7358935962864,379,ON,OFF,OFF
27.43428543092794,72.28117077103873,305,ON,OFF,OFF
18.43392233027658,41.063096519026544,139,OFF,OFF,ON
12.464479986759388,64.72864736005931,516,OFF,ON,OFF
21.9926441467596,83.01424236982501,713,OFF,OFF,OFF
23.533843418107562,70.14400271200074,131,OFF,OFF,OFF
23.317829154337197,61.21815650809378,548,OFF,OFF,OFF
20.49724202642278,71.28728929363504,626,OFF,OFF,OFF
22.70745650067315,68.04775508898884,300,OFF,OFF,OFF
29.516398827962455,73.25729017571645,920,ON,OFF,OFF
23.96566119109094,30.1,455,OFF,OFF,ON
20.268618716231313,33.34194668451025,528,OFF,OFF,ON
19.64765190539622,77.6038895309458,513,OFF,OFF,OFF
21.265049600234484,34.17547598380646,100,OFF,OFF,ON
30.11026956551241,67.1661129405345,814,ON,OFF,OFF
21.19920539787315,54.12797285546032,308,OFF,OFF,OFF
21.999745590909143,42.98344965227443,493,OFF,OFF,ON
19.735214599805722,66.2683621725346,708,OFF,OFF,OFF
27.477370376118543,63.697091423824546,930,ON,OFF,OFF
31.692179659533064,90.0,276,ON,OFF,OFF
24.302897678886435,49.408813444230525,439,OFF,OFF,ON
22.501923012292135,85.13486411346754,910,OFF,OFF,OFF
22.276751961589703,66.31634170317172,673,OFF,OFF,OFF
10.422904233666609,48.78231767119638,727,OFF,ON,ON
25.744978292391895,74.04701906698277,284,ON,OFF,OFF
22.753549743669502,70.00700220851742,457,OFF,OFF,OFF
24.19385709410937,60.839067875217864,511,OFF,OFF,OFF
18.6132846798164,64.82621350194233,333,OFF,OFF,OFF
20.214328761925714,49.890210880588675,123,OFF,OFF,ON
20.084249435045646,45.931646618873074,423,OFF,OFF,ON
27.098607823186633,73.35834883089028,902,ON,OFF,OFF
20.242221935391235,56.344460512934,569,OFF,OFF,OFF
32.293531185233284,58.83337953634874,908,ON,OFF,OFF
24.2061970184225,65.06023651875833,600,OFF,OFF,OFF
15.850816315475305,64.80879078028838,357,OFF,ON,OFF
21.467287383380455,35.489564884752255,883,OFF,OFF,ON
18.906006948457883,82.4729031761299,609,OFF,OFF,OFF
11.352788834562382,62.315550438708684,801,OFF,ON,OFF
29.927797465184888,56.712741122429335,279,ON,OFF,OFF
25.539302199881647,67.6731717584642,821,ON,OFF,OFF
24.707285799316846,64.31144183000637,829,OFF,OFF,OFF
22.906489781105265,73.49019449765015,629,OFF,OFF,OFF
15.330192128571829,69.52680447247866,347,OFF,ON,OFF
19.728832223963888,72.63868033079187,542,OFF,OFF,OFF
26.218086034720336,83.59302794223734,711,ON,OFF,OFF
16.94980324062793,75.50687903100629,614,OFF,ON,OFF
9.700915947776345,57.442290417478574,709,OFF,ON,OFF
20.984731166734427,40.7911549239995,814,OFF,OFF,ON
21.402603997805965,89.07418434071714,387,OFF,OFF,OFF
22.760389569048485,56.10597875784859,257,OFF,OFF,OFF
25.663545614063985,52.03350294966875,544,ON,OFF,OFF
25.218429147175613,30.171105418857397,469,ON,OFF,ON
23.36361786718412,66.07499033554272,756,OFF,OFF,OFF
27.950077228154512,62.79487652538247,278,ON,OFF,OFF
14.659663184183195,34.00530346483991,817,OFF,ON,ON
24.56713305337103,68.06120842379345,902,OFF,OFF,OFF
25.16424203541434,51.599505600909794,554,ON,OFF,OFF
16.0276645446306,90.0,570,OFF,ON,OFF
14.738486013893697,50.36817684980702,357,OFF,ON,OFF
18.444468183088887,52.68947001657688,415,OFF,OFF,OFF
18.85770065772489,45.08406612645695,449,OFF,OFF,ON
25.785462013093433,82.32799408406967,925,ON,OFF,OFF
19.087829421012266,53.76938143457054,536,OFF,OFF,OFF
17.903909690424108,47.67689126700132,214,OFF,ON,ON
19.10205276261311,72.45024688303157,620,OFF,OFF,OFF
27.573573331946314,36.33687610772793,767,ON,OFF,ON
22.160521679499407,71.03422225231729,548,OFF,OFF,OFF
21.219032974288943,90.0,932,OFF,OFF,OFF
21.558064591034263,70.02204281535442,754,OFF,OFF,OFF
28.422690641423085,71.2554687055913,284,ON,OFF,OFF
18.428655803494223,75.2721969591907,412,OFF,OFF,OFF
28.537493705591906,89.79928809341398,612,ON,OFF,OFF
23.127266933270477,81.15179991590108,126,OFF,OFF,OFF
21.31123420099566,67.82583450670862,641,OFF,OFF,OFF
34.341268416005306,75.85752414317746,101,ON,OFF,OFF
16.928165212198394,44.89100486058324,817,OFF,ON,ON
20.364986614735642,73.64990210593663,787,OFF,OFF,OFF
16.062578718612045,42.82139209155026,684,OFF,ON,ON
26.75998998940682,53.868922949341204,380,ON,OFF,OFF
30.3670639112539,30.1,598,ON,OFF,ON
30.272735294515414,67.16422749598136,422,ON,OFF,OFF
28.089210912090174,49.07903461280962,289,ON,OFF,ON
21.129094720229965,79.44330738461967,467,OFF,OFF,OFF
20.308411346939717,66.9698107069917,734,OFF,OFF,OFF
13.914479895960172,79.66737240172398,565,OFF,ON,OFF
32.06445934795269,41.4711801248788,927,ON,OFF,ON
24.392814323010892,78.18447100644494,751,OFF,OFF,OFF
19.688000068382927,90.0,723,OFF,OFF,OFF
28.598932641638402,73.4399444628091,140,ON,OFF,OFF
17.333927684576413,73.89308065598394,481,OFF,ON,OFF
24.087514162741048,63.15320728337821,280,OFF,OFF,OFF
21.251454280652904,51.141418590141086,507,OFF,OFF,OFF
25.223674452720633,73.38862973945793,376,ON,OFF,OFF
21.785399165023925,34.16157024809483,457,OFF,OFF,ON
14.992801698483948,52.991175592152295,827,OFF,ON,OFF
22.46668822245317,30.1,676,OFF,OFF,ON
27.231982702659145,48.04468077526651,813,ON,OFF,ON
21.953614427768887,71.32721377143761,142,OFF,OFF,OFF
25.89168568403218,68.96294639717868,569,ON,OFF,OFF
16.97766459806747,61.09980705776774,803,OFF,ON,OFF
21.968085342516225,63.167105811779976,941,OFF,OFF,OFF
19.03900732319874,30.1,156,OFF,OFF,ON
25.753937999838506,53.77307552601071,464,ON,OFF,OFF
22.250845477537247,48.430584763532245,820,OFF,OFF,ON
25.475315991046898,48.81626634287693,505,ON,OFF,ON
27.422177206201578,70.59248406073121,320,ON,OFF,OFF
25.482879938611532,45.33093817814371,155,ON,OFF,ON
23.433869898466703,49.75709696138804,310,OFF,OFF,ON
17.209333513008133,30.1,120,OFF,ON,ON
22.08301925925882,55.13018256665924,569,OFF,OFF,OFF
19.486607188389055,41.39780479201325,785,OFF,OFF,ON
20.412095728321926,61.5892506820923,230,OFF,OFF,OFF
20.262911230075453,43.763417961613904,620,OFF,OFF,ON
17.29886657382836,62.027656594831896,771,OFF,ON,OFF
12.513374564641014,57.71566064860952,553,OFF,ON,OFF
18.825378669579116,89.14760875762647,140,OFF,OFF,OFF
23.043461486314563,68.82150052224765,653,OFF,OFF,OFF
15.495878027258712,30.1,540,OFF,ON,ON
22.173441758608213,38.334567703762204,514,OFF,OFF,ON
31.400525918636006,61.17410473599949,413,ON,OFF,OFF
27.10562670192257,44.13124764201284,576,ON,OFF,ON
30.143570483065126,30.1,685,ON,OFF,ON
24.01165353390615,83.56798256122013,998,OFF,OFF,OFF
27.81288141235993,72.67981941454796,583,ON,OFF,OFF
18.552071265341574,69.23256287432227,943,OFF,OFF,OFF
18.94191898371725,49.71138325617551,646,OFF,OFF,ON
8.685611545318748,67.61833953854999,529,OFF,ON,OFF
27.90412304502116,48.032501501157924,592,ON,OFF,ON
29.638209234111535,63.763248495244206,240,ON,OFF,OFF
19.38826040269975,44.291540406455844,633,OFF,OFF,ON
20.853292486951137,86.45285665024919,100,OFF,OFF,OFF
18.405691294531586,33.05162001899189,332,OFF,OFF,ON
23.970162561150712,81.53917623014976,582,OFF,OFF,OFF
27.604419667801444,60.89222703146435,861,ON,OFF,OFF
13.563909811925784,51.75045911267934,922,OFF,ON,OFF
24.101303953660434,63.10831436820844,493,OFF,OFF,OFF
20.742053236552646,72.90688295245653,594,OFF,OFF,OFF
22.651848258681508,83.86557413109244,807,OFF,OFF,OFF
24.343931488953302,65.63674419580617,212,OFF,OFF,OFF
21.175206140858474,44.80863008236236,658,OFF,OFF,ON
21.58949078990752,61.181407916805945,341,OFF,OFF,OFF
21.049510414859874,90.0,510,OFF,OFF,OFF
26.847405728436886,83.53565957686877,436,ON,OFF,OFF
24.146942415253278,75.9418179538614,666,OFF,OFF,OFF
23.176654858374036,73.98543578087525,696,OFF,OFF,OFF
15.873979369359361,72.32040119618352,783,OFF,ON,OFF
20.24310368698018,80.26702093311208,644,OFF,OFF,OFF
26.496616103884957,52.31860644439358,598,ON,OFF,OFF
22.281225705200132,36.77402858137931,998,OFF,OFF,ON
25.32577891287537,61.41278619625971,162,ON,OFF,OFF
30.74564282842809,46.07361400518362,990,ON,OFF,ON
27.18175836140871,41.965581574519746,480,ON,OFF,ON
22.55277092436119,47.75709328881855,701,OFF,OFF,ON
19.594816580647315,90.0,470,OFF,OFF,OFF
9.594277962160586,62.574076450791125,373,OFF,ON,OFF
21.272234279938797,66.48044422809345,679,OFF,OFF,OFF
20.50047711936366,39.07032811169533,822,OFF,OFF,ON
24.007924275504116,30.1,676,OFF,OFF,ON
21.343128022997753,46.04816265614008,415,OFF,OFF,ON
20.52802949633587,85.10173996068914,998,OFF,OFF,OFF
13.38458131344893,66.00236525765965,862,OFF,ON,OFF
17.49450288071215,70.57546749465281,794,OFF,ON,OFF
24.43038175962081,72.99716226443685,463,OFF,OFF,OFF
30.49788078335796,49.98775019684006,393,ON,OFF,ON
21.61916822840761,84.23269010979749,482,OFF,OFF,OFF
23.701649418889488,49.270464540410494,832,OFF,OFF,ON
26.76006923939258,84.54873108035108,299,ON,OFF,OFF
18.12645894660894,67.8713793245319,279,OFF,OFF,OFF
23.8926110667778,30.1,693,OFF,OFF,ON
18.471161708187566,47.27730944213674,636,OFF,OFF,ON
26.330909648600063,30.1,356,ON,OFF,ON
22.83794166732822,80.345349577392,273,OFF,OFF,OFF
23.557904144257936,59.79097067201014,924,OFF,OFF,OFF
18.264995180164917,30.1,646,OFF,OFF,ON
25.55834705580995,66.71987922728998,203,ON,OFF,OFF
32.30358087410424,50.92522913467657,221,ON,OFF,OFF
17.161844296906636,34.546994718936304,461,OFF,ON,ON
20.433173101968798,89.25010341709832,743,OFF,OFF,OFF
23.230628929646294,62.075125099091245,707,OFF,OFF,OFF
25.94696776246067,55.1421513026256,845,ON,OFF,OFF
19.35707707558823,53.30831638991341,171,OFF,OFF,OFF
8.225918211843817,34.03705963372573,612,OFF,ON,ON
28.75136035757055,37.6483928191359,921,ON,OFF,ON
25.82015884601148,82.44980057588585,897,ON,OFF,OFF
13.563050272794385,52.02008646003873,646,OFF,ON,OFF
19.121955056856077,60.600730675362925,998,OFF,OFF,OFF
29.774606423944046,30.1,711,ON,OFF,ON
29.185186920078596,37.414077465449836,822,ON,OFF,ON
26.692316631214403,70.76954482423739,566,ON,OFF,OFF
21.234399767886064,66.75387439419185,353,OFF,OFF,OFF
22.502973294959634,90.0,329,OFF,OFF,OFF
21.455637103619082,83.45396657655712,601,OFF,OFF,OFF
27.620612168437773,56.22730318097985,500,ON,OFF,OFF
17.808466060243358,68.40169191460022,100,OFF,ON,OFF
18.15140095390015,54.741242325438414,290,OFF,OFF,OFF
27.043045165950197,90.0,472,ON,OFF,OFF
21.87946305772278,80.09850280319083,741,OFF,OFF,OFF
28.845746302715416,63.1547196768484,550,ON,OFF,OFF
18.80888300032383,63.68604068722884,536,OFF,OFF,OFF
21.828461061555995,85.21687568999366,300,OFF,OFF,OFF
17.580452797396195,70.24644235144439,560,OFF,ON,OFF
22.13270855410011,87.1853908541296,893,OFF,OFF,OFF
14.857576648831804,30.1,594,OFF,ON,ON
19.709168190170736,68.1988276350943,166,OFF,OFF,OFF
15.064646900062767,51.30117835571453,232,OFF,ON,OFF
25.49416372818189,90.0,706,ON,OFF,OFF
25.605138792223137,86.97380620257566,496,ON,OFF,OFF
13.625156064468852,60.78703413075888,535,OFF,ON,OFF
28.627471187635827,86.78750966403511,397,ON,OFF,OFF
34.32420375931828,90.0,684,ON,OFF,OFF
22.321911214863043,61.50626867686355,477,OFF,OFF,OFF
18.957713770080407,90.0,506,OFF,OFF,OFF
35.92480792610466,59.67668219593735,335,ON,OFF,OFF
15.638885401637973,56.507413393769106,791,OFF,ON,OFF
22.19510314320514,75.19974508420943,497,OFF,OFF,OFF
22.9761052401778,54.09784980096017,710,OFF,OFF,OFF
28.682610224868977,61.69542679060503,247,ON,OFF,OFF
23.857970969254495,84.60413131643364,998,OFF,OFF,OFF
19.655308988748253,60.551441575341336,883,OFF,OFF,OFF
17.439585800955193,30.892730361767015,100,OFF,ON,ON
20.423073407098606,66.5740716996892,348,OFF,OFF,OFF
17.166663676978207,48.1720675675214,677,OFF,ON,ON
22.330816856020135,75.18933947481534,215,OFF,OFF,OFF
19.334310821214252,72.26399211501727,520,OFF,OFF,OFF
14.78173218195105,85.67622918202368,664,OFF,ON,OFF
28.24195408269063,75.92051684993572,507,ON,OFF,OFF
19.660015944432562,79.08169179638234,693,OFF,OFF,OFF
15.887761422991243,48.64261088508523,376,OFF,ON,ON
21.272850147939035,74.12902841478662,100,OFF,OFF,OFF
22.431412914680802,90.0,807,OFF,OFF,OFF
13.54582001317433,48.30431384408106,805,OFF,ON,ON
23.720433686659902,90.0,998,OFF,OFF,OFF
16.9696933738767,50.71439711292701,100,OFF,ON,OFF
30.473993682332683,45.4786244240826,747,ON,OFF,ON
24.662012701123246,65.3436136748373,100,OFF,OFF,OFF
20.138718059146942,72.60518803848763,998,OFF,OFF,OFF
18.44825949254882,75.99349113851108,680,OFF,OFF,OFF
21.58273001790921,43.57908226710801,309,OFF,OFF,ON
25.096932583748128,67.73708476058039,755,ON,OFF,OFF
21.97183899390848,48.35786754157942,412,OFF,OFF,ON
21.033433453789147,34.458473766334876,631,OFF,OFF,ON
22.38244587453696,44.15048045800633,607,OFF,OFF,ON
19.140118829714773,47.22729315285015,998,OFF,OFF,ON
20.416296710899477,69.24326010886169,998,OFF,OFF,OFF
11.88445427955944,80.15384944344807,401,OFF,ON,OFF
26.86410150248293,34.73037626017919,826,ON,OFF,ON
23.55959802303052,66.30835121687983,645,OFF,OFF,OFF
18.309758829332885,39.86039045089178,191,OFF,OFF,ON
31.393018059723325,71.1029929831221,375,ON,OFF,OFF
22.52269990153425,49.44481116523188,998,OFF,OFF,ON
17.023618779508965,42.02945383647547,646,OFF,ON,ON
26.291314968805786,74.05425205695245,811,ON,OFF,OFF
24.04553606796095,50.06433963536181,500,OFF,OFF,OFF
24.028555332475893,54.75230643100943,415,OFF,OFF,OFF
20.012126909890817,30.1,561,OFF,OFF,ON
24.30232324313783,76.59560161977691,486,OFF,OFF,OFF
20.815070830435843,74.42180331391997,170,OFF,OFF,OFF
24.8185939298434,60.313356733598624,296,OFF,OFF,OFF
12.769900425540639,33.78962399813914,736,OFF,ON,ON
19.97238122859947,81.14272045276527,456,OFF,OFF,OFF
30.528468878067443,48.691632246777345,561,ON,OFF,ON
18.34103688917712,52.375274369205826,615,OFF,OFF,OFF
19.140219854168585,90.0,635,OFF,OFF,OFF
19.90340586761905,48.04502564783566,849,OFF,OFF,ON
16.148872628808505,73.06020727452993,272,OFF,ON,OFF
11.284741618819176,69.94391707391284,701,OFF,ON,OFF
20.967690896302766,66.96945745155259,748,OFF,OFF,OFF
22.761838846174978,65.09793536765645,808,OFF,OFF,OFF
21.839591279370307,66.73098119905873,191,OFF,OFF,OFF
21.387323294312015,64.92388401915795,620,OFF,OFF,OFF
22.30739181276079,59.32066751429955,995,OFF,OFF,OFF
27.104573634979936,86.36625744471576,529,ON,OFF,OFF
21.164220575974532,37.508049641828535,678,OFF,OFF,ON
19.285906232536043,77.8915938929051,755,OFF,OFF,OFF
20.72024750195711,74.44660968676429,290,OFF,OFF,OFF
24.93318818354456,72.30221794571314,998,OFF,OFF,OFF
29.010056402149864,79.54424748660227,683,ON,OFF,OFF
19.021218474800445,58.61682821849485,688,OFF,OFF,OFF
22.581047984527412,30.1,127,OFF,OFF,ON
23.753285278838607,58.968163378184016,758,OFF,OFF,OFF
17.236919258734243,43.069870679688705,684,OFF,ON,ON
22.196624356848474,47.55673200334937,972,OFF,OFF,ON
14.92060427269831,38.723316033302495,474,OFF,ON,ON
13.435249014795549,51.960189174489706,300,OFF,ON,OFF
23.89227991850284,49.89649712410571,379,OFF,OFF,ON
20.217178954233113,30.1,424,OFF,OFF,ON
23.087041274732524,72.33375478222129,266,OFF,OFF,OFF
22.009045045611952,90.0,886,OFF,OFF,OFF
17.31612783065662,70.70768663630837,896,OFF,ON,OFF
21.87509161033826,56.70805773950413,504,OFF,OFF,OFF
16.059298022808107,59.27173848810107,453,OFF,ON,OFF
28.906971791723315,52.93527918097111,100,ON,OFF,OFF
15.457721412182288,61.77677470028955,733,OFF,ON,OFF
21.13807999014532,59.578636118680556,979,OFF,OFF,OFF
16.993615524473093,45.667604519859964,390,OFF,ON,ON
24.889487801261843,89.33527050764698,524,OFF,OFF,OFF
20.473945873253662,34.48906301166918,666,OFF,OFF,ON
19.55722668682934,72.64707695076035,998,OFF,OFF,OFF
26.274003036081663,58.46806667964438,605,ON,OFF,OFF
22.240754801315212,90.0,604,OFF,OFF,OFF
24.626192658274164,66.1163665528923,600,OFF,OFF,OFF
17.292010291176638,53.99205503394029,188,OFF,ON,OFF
15.218564570518236,55.93324450560635,182,OFF,ON,OFF
22.621559004758932,60.9093704191811,346,OFF,OFF,OFF
20.53556311345691,40.44703785437499,815,OFF,OFF,ON
25.163734356587963,46.95100418117266,468,ON,OFF,ON
21.705422126899403,30.1,418,OFF,OFF,ON
23.100725482642396,44.25012649622815,413,OFF,OFF,ON
14.148450043707076,61.84364288202432,519,OFF,ON,OFF
31.342598026699278,65.41237996202806,992,ON,OFF,OFF
21.29251843180346,30.1,515,OFF,OFF,ON
25.51210167722471,57.84497238598514,352,ON,OFF,OFF
18.003088832820012,69.96671494718444,561,OFF,OFF,OFF
23.604701305953547,57.40031766287983,998,OFF,OFF,OFF
15.717828492024822,49.25349105162074,425,OFF,ON,ON
24.310020440923136,53.08795933204104,250,OFF,OFF,OFF
20.353782794064006,50.862959757794144,425,OFF,OFF,OFF
22.239579312597648,49.202591802603905,587,OFF,OFF,ON
25.51399675280609,63.22632042736757,731,ON,OFF,OFF
16.062044693132446,90.0,813,OFF,ON,OFF
18.74533421827043,47.35187107480727,285,OFF,OFF,ON
24.335756403895243,54.714612172201456,310,OFF,OFF,OFF
32.369719827646804,59.32448108074815,471,ON,OFF,OFF
21.420598164703716,48.32672737585196,730,OFF,OFF,ON
24.9909098206355,79.21995635892625,230,OFF,OFF,OFF
21.572919438031974,30.1,398,OFF,OFF,ON
31.60604949033479,51.03085583525734,402,ON,OFF,OFF
13.54212375998543,74.37690987711358,796,OFF,ON,OFF
22.55993245424886,55.13068209275612,690,OFF,OFF,OFF
14.137867149727388,46.01725687509464,786,OFF,ON,ON
9.824286118823556,67.8446416960042,898,OFF,ON,OFF
23.553058196194705,75.89994434188706,475,OFF,OFF,OFF
22.779652605754283,63.863218551483335,249,OFF,OFF,OFF
20.70207593301435,46.356686302704404,250,OFF,OFF,ON
21.576725551574558,68.11188904679956,100,OFF,OFF,OFF
37.26618121458985,53.26290850537281,436,ON,OFF,OFF
20.832614229101036,73.11171217908037,455,OFF,OFF,OFF
24.594269804060627,85.88139858853046,757,OFF,OFF,OFF
18.917318373816215,30.1,558,OFF,OFF,ON
23.542142493859558,62.14055223436372,428,OFF,OFF,OFF
20.930249220983736,30.188283657053336,524,OFF,OFF,ON
20.08672907308018,90.0,287,OFF,OFF,OFF
31.002132442422507,52.11971379250949,818,ON,OFF,OFF
27.860251669789427,73.13223787878684,352,ON,OFF,OFF
22.766182762241442,59.6078968599721,261,OFF,OFF,OFF
10.815055016010737,46.32443265228242,764,OFF,ON,ON
20.329130352917723,44.266110424656645,702,OFF,OFF,ON
35.33089864113387,87.6534139984003,111,ON,OFF,OFF
20.96732237760818,76.75800474445592,774,OFF,OFF,OFF
27.498101428285764,90.0,363,ON,OFF,OFF
29.156525188756984,61.1783492245957,458,ON,OFF,OFF
23.16872506057365,65.20034377553503,602,OFF,OFF,OFF
17.975034483963036,55.59613747770488,705,OFF,ON,OFF
10.173177030475054,55.252001401786664,669,OFF,ON,OFF
25.4463778700418,42.192815230741175,541,ON,OFF,ON
18.107549960649713,61.672423097491865,445,OFF,OFF,OFF
22.95910692914153,46.56384932018844,660,OFF,OFF,ON
15.977440297176427,67.86457582233047,524,OFF,ON,OFF
20.798036143951634,63.16034485183136,998,OFF,OFF,OFF
22.261751459008963,65.19623334856017,705,OFF,OFF,OFF
23.411715856368282,89.20103839527101,317,OFF,OFF,OFF
16.638402008652566,59.5663546142325,431,OFF,ON,OFF
27.956831667155996,73.31137254445079,566,ON,OFF,OFF
19.174215845982264,90.0,888,OFF,OFF,OFF
13.898324360756927,82.82524609600645,917,OFF,ON,OFF
21.562872926796228,80.17039020373812,452,OFF,OFF,OFF
22.264964531504436,54.91278974065753,314,OFF,OFF,OFF
22.882918941436763,64.1920770132908,281,OFF,OFF,OFF
28.765769077108736,37.41088957277367,619,ON,OFF,ON
20.93898793163264,68.8508509892209,998,OFF,OFF,OFF
21.510993065606794,64.96747642148502,693,OFF,OFF,OFF
16.695381634839983,60.623523972062124,144,OFF,ON,OFF
26.114155619896586,77.99084661936125,367,ON,OFF,OFF
22.99905214459292,39.32272081550052,394,OFF,OFF,ON
20.040171053892475,88.50436098292639,343,OFF,OFF,OFF
12.771221194667277,75.82072901465573,454,OFF,ON,OFF
29.16861749260679,58.996860882176655,649,ON,OFF,OFF
16.08584133821548,57.6456967379949,729,OFF,ON,OFF
19.20171602576179,68.53418006694405,835,OFF,OFF,OFF
23.851143562135757,86.53179920432943,689,OFF,OFF,OFF
16.238217305828037,61.97688514217994,100,OFF,ON,OFF
14.784317385648272,62.71086603417867,282,OFF,ON,OFF
11.697643654918197,60.532403543267655,513,OFF,ON,OFF
25.626718817432526,90.0,592,ON,OFF,OFF
19.42738497854993,53.83673048709968,776,OFF,OFF,OFF
36.42880792864452,59.7084052665153,565,ON,OFF,OFF
17.228218636734383,85.53842874641228,567,OFF,ON,OFF
17.58516263714376,62.76242305345375,615,OFF,ON,OFF
19.328451239920565,79.89164998130111,489,OFF,OFF,OFF
23.287066926288766,44.452498347440326,576,OFF,OFF,ON
19.794507261492257,56.66707822345015,844,OFF,OFF,OFF
25.094687596172168,85.90173040261601,533,ON,OFF,OFF
17.305413537139234,48.517297539438516,546,OFF,ON,ON
15.332277125228698,57.60124159602571,545,OFF,ON,OFF
13.292457613616577,64.65994477866681,888,OFF,ON,OFF
11.209863954268059,43.10516035950319,269,OFF,ON,ON
19.560153074376167,53.059429763992284,998,OFF,OFF,OFF
20.623036684242926,62.167701756410025,252,OFF,OFF,OFF
19.005094272769973,61.02658815850084,386,OFF,OFF,OFF
28.184474150265,82.37082372123787,746,ON,OFF,OFF
28.109194048183696,86.88831141677207,819,ON,OFF,OFF
20.457438171832496,45.40745287719007,193,OFF,OFF,ON
13.313479549738647,62.14403061317254,273,OFF,ON,OFF
19.322026908834914,71.884374827308,626,OFF,OFF,OFF
19.15988693418795,86.45387769717388,998,OFF,OFF,OFF
18.879275136122757,72.64982362094602,875,OFF,OFF,OFF
18.680572923779554,65.25214039706785,490,OFF,OFF,OFF
18.897253866597755,71.7510540289138,100,OFF,OFF,OFF
20.204121723827566,71.87607924946856,575,OFF,OFF,OFF
18.985000412469542,44.16816290136288,647,OFF,OFF,ON
23.116623882750392,63.55461930808811,456,OFF,OFF,OFF
23.861054230288545,85.46447109944668,335,OFF,OFF,OFF
17.638069362141056,56.631363838414366,595,OFF,ON,OFF
28.31989740757979,62.45853778068805,312,ON,OFF,OFF
17.29819714725468,56.02305178121815,998,OFF,ON,OFF
14.175779549887425,30.1,944,OFF,ON,ON
23.960980061061512,60.57516743185323,723,OFF,OFF,OFF
18.094564913030446,65.44035428967123,577,OFF,OFF,OFF
23.669728923945748,51.352070000246506,384,OFF,OFF,OFF
10.328107257613205,40.242080957658374,549,OFF,ON,ON
28.91423553467766,44.983194830597256,976,ON,OFF,ON
25.388262380543097,73.44045167447148,777,ON,OFF,OFF
14.750207520085372,90.0,606,OFF,ON,OFF
14.856449635682711,84.1369745036848,792,OFF,ON,OFF
30.28420740994535,36.95984678031997,694,ON,OFF,ON
18.486389509118666,75.00518591721728,656,OFF,OFF,OFF
18.01242478277669,48.74528410206532,806,OFF,OFF,ON
11.001888642429584,50.14488709295926,687,OFF,ON,OFF
20.379222230656083,52.226099052918634,775,OFF,OFF,OFF
20.981726897695097,72.4348821916482,596,OFF,OFF,OFF
25.599771499182694,76.81536439087984,489,ON,OFF,OFF
15.24666080090359,58.5228525642703,413,OFF,ON,OFF
14.653214991281336,58.81629019379931,382,OFF,ON,OFF
24.30460927659476,68.25134574948888,141,OFF,OFF,OFF
27.02569093506314,70.04603479647726,320,ON,OFF,OFF
14.404173161496121,80.5692916587586,312,OFF,ON,OFF
27.39183943246431,37.99748205719076,424,ON,OFF,ON
22.28046812677418,60.565429550643756,956,OFF,OFF,OFF
27.442226226169417,41.740600603171934,514,ON,OFF,ON
21.752855793197682,59.33755506970232,616,OFF,OFF,OFF
9.747386592497417,56.30577692387687,624,OFF,ON,OFF
21.35261586487508,59.41009685730147,962,OFF,OFF,OFF
27.287208899139486,46.38224864654366,406,ON,OFF,ON
17.72080854625458,34.486717675809544,497,OFF,ON,ON
20.197152874063832,30.1,527,OFF,OFF,ON
21.234296609488904,57.949326684978395,846,OFF,OFF,OFF
7.900409258409592,52.76200144416351,900,OFF,ON,OFF
30.2797111996433,48.52425358797526,676,ON,OFF,ON
17.683453118897354,83.1008816691097,871,OFF,ON,OFF
24.572781259009407,45.349435802724756,600,OFF,OFF,ON
21.672164607238567,84.73215583564075,510,OFF,OFF,OFF
28.254063399839474,88.31371489562515,857,ON,OFF,OFF
24.0847434134967,30.1,679,OFF,OFF,ON
20.946452324418686,61.817257839540346,365,OFF,OFF,OFF
17.721939181116795,53.30361542636975,811,OFF,ON,OFF
26.003000894517747,30.1,500,ON,OFF,ON
12.924142358729252,35.22459755908638,469,OFF,ON,ON
25.258991248370243,73.62641572479163,784,ON,OFF,OFF
16.715649591635362,90.0,531,OFF,ON,OFF
28.227940883661383,75.8365330700519,654,ON,OFF,OFF
22.886395694093647,65.81822646128384,724,OFF,OFF,OFF
25.250341577307488,59.8498480483126,353,ON,OFF,OFF
22.498084045359686,89.33136948431968,653,OFF,OFF,OFF
13.516882372796298,90.0,901,OFF,ON,OFF
17.88246170284776,50.065722466497384,308,OFF,ON,OFF
25.38873205936733,30.1,670,ON,OFF,ON
22.91262044185723,30.1,341,OFF,OFF,ON
27.87888096963473,83.08933348528355,817,ON,OFF,OFF
24.07112467705384,59.40474921857673,814,OFF,OFF,OFF
17.36361078488927,63.389271772469044,463,OFF,ON,OFF
18.1990668217651,30.1,998,OFF,OFF,ON
22.600552024692707,47.187698065556575,839,OFF,OFF,ON
10.766916123724604,55.10669359227914,736,OFF,ON,OFF
30.289965109209014,63.81482543731349,721,ON,OFF,OFF
24.259487503610426,53.3227240020163,807,OFF,OFF,OFF
28.10431944975229,42.27172236309537,298,ON,OFF,ON
14.357897425161912,46.64481303842133,604,OFF,ON,ON
28.19015048472668,81.12462503964409,653,ON,OFF,OFF
33.02225677765644,64.45404742228664,451,ON,OFF,OFF
15.62953458920149,70.81010429642352,674,OFF,ON,OFF
25.873504940662517,44.66714389777935,871,ON,OFF,ON
22.102094656753106,30.1,446,OFF,OFF,ON
14.534989080767371,51.168486190890505,540,OFF,ON,OFF
24.509859483664897,45.22603578534328,343,OFF,OFF,ON
26.178048000583573,66.25733272222405,100,ON,OFF,OFF
19.153496772929934,90.0,754,OFF,OFF,OFF
27.805080475216133,72.24628069249825,547,ON,OFF,OFF
13.936053813598445,90.0,566,OFF,ON,OFF
14.778215067634003,70.05944608513056,300,OFF,ON,OFF
22.76545201348333,49.32100821636966,506,OFF,OFF,ON
22.220948623039476,66.23836708070706,836,OFF,OFF,OFF
18.588259375402163,90.0,554,OFF,OFF,OFF
26.060499154937908,90.0,562,ON,OFF,OFF
24.69596114895776,50.26478057880488,607,OFF,OFF,OFF
26.298177556278066,64.59936328231375,236,ON,OFF,OFF
21.49377447877377,35.490595898322695,715,OFF,OFF,ON
25.046941291296484,74.48685840699271,231,ON,OFF,OFF
19.914720881203763,87.0941550165579,312,OFF,OFF,OFF
32.15232025643212,60.907515008976205,284,ON,OFF,OFF
18.11837143609199,48.672243110130516,509,OFF,OFF,ON
32.404364266783034,66.44970161055764,463,ON,OFF,OFF
22.26747444831322,67.44155823458667,554,OFF,OFF,OFF
15.362049348084543,61.62283104363497,321,OFF,ON,OFF
28.794885802576314,63.310951989306524,813,ON,OFF,OFF
22.713083509888097,57.21168632128953,769,OFF,OFF,OFF
26.263831691625306,77.45035298962881,509,ON,OFF,OFF
28.0887563864738,72.95670128993737,431,ON,OFF,OFF
23.751317604187392,43.20985760824958,405,OFF,OFF,ON
19.197001906703107,42.73428585903133,474,OFF,OFF,ON
26.873830731655904,55.81789222249284,194,ON,OFF,OFF
22.100359303816397,72.9672495953109,307,OFF,OFF,OFF
25.45467481564417,62.78053036804922,775,ON,OFF,OFF
11.551823757104343,49.091519327394536,632,OFF,ON,ON
24.28511838596645,64.743568823149,974,OFF,OFF,OFF
18.970093189723464,54.49543986647244,477,OFF,OFF,OFF
30.191396016467998,75.45258567065484,461,ON,OFF,OFF
25.14734558876716,65.9813089050556,449,ON,OFF,OFF
23.271022917269033,54.76417111348736,472,OFF,OFF,OFF
24.477672761034572,64.22452955332679,384,OFF,OFF,OFF
17.20821429677867,82.97111411554285,624,OFF,ON,OFF
30.044254394720948,50.3635247695717,562,ON,OFF,OFF
31.846568541778442,67.18546190207206,423,ON,OFF,OFF
24.020396138386335,58.99986508494337,876,OFF,OFF,OFF
29.883402891537326,67.60634815356767,998,ON,OFF,OFF
19.31006534247964,48.89403183723523,854,OFF,OFF,ON
18.19392873617792,62.127886909483976,698,OFF,OFF,OFF
22.297031110218427,79.3858332631228,750,OFF,OFF,OFF
24.22616626380295,44.00738627866804,998,OFF,OFF,ON
20.167670090592733,37.21834544458777,750,OFF,OFF,ON
24.729616194385933,37.87492597927912,404,OFF,OFF,ON
23.596767599796145,39.96481580316652,655,OFF,OFF,ON
17.20887075132284,70.51886067962504,715,OFF,ON,OFF
24.63671223563689,35.89557335773573,298,OFF,OFF,ON
26.32456336983842,55.06491880396029,481,ON,OFF,OFF
22.936187722578147,70.91620513082462,837,OFF,OFF,OFF
27.740117248243738,67.42771761145262,100,ON,OFF,OFF
16.136154290148557,53.54821429984032,233,OFF,ON,OFF
24.38778283725871,63.52217811306255,509,OFF,OFF,OFF
16.36687267987217,62.0726936219095,645,OFF,ON,OFF
16.642029167058126,56.33924359737965,205,OFF,ON,OFF
19.00757263768645,56.57119039982568,521,OFF,OFF,OFF
17.484258546709768,90.0,851,OFF,ON,OFF
19.413629080275914,74.22114818186087,572,OFF,OFF,OFF
21.048163292039,90.0,796,OFF,OFF,OFF
26.195435357783182,51.62076536223843,402,ON,OFF,OFF
20.524240032156193,58.7488863935117,346,OFF,OFF,OFF
14.333310458830638,37.17127415640971,772,OFF,ON,ON
27.678523308582832,46.21228108196705,649,ON,OFF,ON
17.99820027646762,90.0,249,OFF,ON,OFF
21.809160388523775,51.186998994565094,348,OFF,OFF,OFF
24.28293860198875,90.0,956,OFF,OFF,OFF
23.07396879474522,38.70700795169574,316,OFF,OFF,ON
27.453850539927902,41.99242854116557,794,ON,OFF,ON
24.4418978413534,54.31514703623095,431,OFF,OFF,OFF
17.8796199383804,59.11596479234288,553,OFF,ON,OFF
32.76307429455162,76.18964013976338,630,ON,OFF,OFF
23.048132402223896,68.01789218184066,100,OFF,OFF,OFF
21.37527078789771,53.016087331593596,178,OFF,OFF,OFF
26.816115966474637,57.912376889505374,576,ON,OFF,OFF
23.317991989355246,54.69868990726839,368,OFF,OFF,OFF
24.051313326595928,44.39412895348935,810,OFF,OFF,ON
34.298591740642365,44.855917408215234,141,ON,OFF,ON
20.74964384170114,78.00276907626484,699,OFF,OFF,OFF
20.540877619351345,30.1,200,OFF,OFF,ON
22.667437964171004,88.20151444097677,464,OFF,OFF,OFF
27.34288768978393,54.284644570997926,280,ON,OFF,OFF
14.72054961024913,46.85344012343778,998,OFF,ON,ON
12.473141997527852,73.01780719791252,210,OFF,ON,OFF
19.222097126412017,85.91526954681592,523,OFF,OFF,OFF
14.096843262768868,79.55554554899405,110,OFF,ON,OFF
20.01665214643436,68.90167644885204,965,OFF,OFF,OFF
24.556938836012854,79.02319929401494,657,OFF,OFF,OFF
17.73548285858258,30.52109980692398,589,OFF,ON,ON
15.11080365409844,51.19052412838886,933,OFF,ON,OFF
22.43614054841068,44.45440144853872,592,OFF,OFF,ON
26.31974191665268,81.40690524925216,611,ON,OFF,OFF
13.797935250178249,53.58421786017931,588,OFF,ON,OFF
26.112583466274426,74.84565387479901,699,ON,OFF,OFF
26.098256584480097,69.49000905041106,427,ON,OFF,OFF
26.767936971169398,45.29980239341734,499,ON,OFF,ON
28.062436512906384,50.06372362676615,762,ON,OFF,OFF
32.87789593471301,82.60379879984364,625,ON,OFF,OFF
20.353205231777473,46.80198499807322,525,OFF,OFF,ON
22.633131467030474,62.37931406408777,194,OFF,OFF,OFF
20.05774452357643,46.679860613453755,939,OFF,OFF,ON
22.106339068572613,54.787112792563555,384,OFF,OFF,OFF
29.601730384361822,59.42026160758773,808,ON,OFF,OFF
15.511362180374515,46.67423378015508,599,OFF,ON,ON
17.880892466367047,43.601841697508064,221,OFF,ON,ON
28.839447893024023,65.17186073279686,876,ON,OFF,OFF
27.090840304529873,45.603779991820375,620,ON,OFF,ON
20.31873879800805,46.19340950645372,897,OFF,OFF,ON
26.279880564661717,43.971984782879986,507,ON,OFF,ON
23.767280235749652,58.87100927143436,735,OFF,OFF,OFF
29.44212432301187,76.54629732385693,101,ON,OFF,OFF
22.461465188223976,86.28399810148044,425,OFF,OFF,OFF
27.11823684217635,47.65952182380331,227,ON,OFF,ON
35.03216113718617,90.0,458,ON,OFF,OFF
25.025001405283007,42.83611750295571,675,ON,OFF,ON
22.33817490984903,78.96584570095236,399,OFF,OFF,OFF
25.633818291202825,47.732562009968156,776,ON,OFF,ON
20.308216087785656,45.15072767037226,334,OFF,OFF,ON
33.78834046465247,47.333596635489066,782,ON,OFF,ON
22.97830242969392,59.31150917077002,891,OFF,OFF,OFF
20.76035699298603,70.25326471129398,815,OFF,OFF,OFF
18.005060313725956,71.80858997067651,466,OFF,OFF,OFF
27.46873777567954,43.88665644895428,100,ON,OFF,ON
26.342478959260227,43.09642713505945,704,ON,OFF,ON
19.661573642051557,44.35978638043808,522,OFF,OFF,ON
24.919012002756574,58.29234014886042,302,OFF,OFF,OFF
14.710650040561122,56.58294003766973,411,OFF,ON,OFF
23.002290955141103,43.77955299149235,923,OFF,OFF,ON
24.31339145943957,64.88345240791338,262,OFF,OFF,OFF
30.455883085359936,90.0,675,ON,OFF,OFF
18.322669993709088,51.48663914042591,610,OFF,OFF,OFF
15.837743935426014,52.718562527882746,462,OFF,ON,OFF
17.712573624963984,69.90186267896726,720,OFF,ON,OFF
15.552714389225244,50.55061849533738,974,OFF,ON,OFF
28.641041222125274,71.79295717453957,478,ON,OFF,OFF
29.678921680005995,47.78712628426912,492,ON,OFF,ON
23.664466163095867,90.0,714,OFF,OFF,OFF
28.07621765927752,66.1840215257774,790,ON,OFF,OFF
22.752531185696153,49.49165701561189,521,OFF,OFF,ON
21.630986072436027,50.03373181413717,476,OFF,OFF,OFF
20.466081556157356,51.32946809853123,100,OFF,OFF,OFF
20.576961249990116,83.96943327713913,354,OFF,OFF,OFF
14.518500513726076,38.26774682918513,261,OFF,ON,ON
23.39047266043267,48.66259556531468,730,OFF,OFF,ON
21.89918224045813,50.50140869686469,491,OFF,OFF,OFF
25.746005782662625,59.947504384846695,481,ON,OFF,OFF
22.554558770646512,55.52834835578575,552,OFF,OFF,OFF
21.300049990225208,34.41858406220014,330,OFF,OFF,ON
17.831229778039045,53.301432113685905,954,OFF,ON,OFF
22.449928276547233,58.49656113550004,888,OFF,OFF,OFF
25.711128591975697,49.35195010133068,970,ON,OFF,ON
16.498781465053696,72.10111271671013,730,OFF,ON,OFF
22.524938747994543,76.12599061023427,547,OFF,OFF,OFF
23.23765714120215,58.86272789269666,969,OFF,OFF,OFF
18.580957875288906,64.20762287150798,379,OFF,OFF,OFF
19.218468963485,30.1,330,OFF,OFF,ON
23.22574937225673,52.93325657435237,399,OFF,OFF,OFF
16.54734065021176,77.60376050178152,689,OFF,ON,OFF
23.809914674707887,52.89287835283459,358,OFF,OFF,OFF
17.71293391408178,47.46326171427394,514,OFF,ON,ON
27.3004766599679,90.0,142,ON,OFF,OFF
33.542851224126025,90.0,678,ON,OFF,OFF
17.882326383496704,68.30863364654358,164,OFF,ON,OFF
24.712184544802508,79.92368789228027,314,OFF,OFF,OFF
18.538473998093973,30.1,867,OFF,OFF,ON
27.193254868598885,46.59317787918662,858,ON,OFF,ON
15.901854278651115,52.087994436089105,650,OFF,ON,OFF
24.449651346764238,56.13613986455358,625,OFF,OFF,OFF
17.82243672794631,51.742205896590534,418,OFF,ON,OFF
21.08324723609816,30.1,355,OFF,OFF,ON
17.048678368659985,66.89769856987478,461,OFF,ON,OFF
26.122953718465045,69.62491135945406,165,ON,OFF,OFF
17.99873776405904,87.93403626961079,619,OFF,ON,OFF
24.799121279327956,46.58006645284561,567,OFF,OFF,ON
20.411928911258244,45.16387868136814,314,OFF,OFF,ON
21.536194424378248,30.1,958,OFF,OFF,ON
22.820084976543658,55.13980809864718,710,OFF,OFF,OFF
18.366705976177414,75.80943280499785,732,OFF,OFF,OFF
23.126634431352077,49.63448165923499,429,OFF,OFF,ON
29.58930025992708,90.0,554,ON,OFF,OFF
18.287046200602152,55.779475846872494,715,OFF,OFF,OFF
27.83393612318342,62.76210212398675,593,ON,OFF,OFF
29.431465677414092,36.63532292040167,966,ON,OFF,ON
18.100700412706033,65.18824531345966,502,OFF,OFF,OFF
14.972596977979617,30.1,424,OFF,ON,ON
23.575084909887998,72.22088113930904,717,OFF,OFF,OFF
19.41650942424775,72.75255729925841,229,OFF,OFF,OFF
31.245490550802934,83.73658671453612,792,ON,OFF,OFF
22.26708077124298,42.5720312348768,220,OFF,OFF,ON
18.169028049379886,62.996879387215664,718,OFF,OFF,OFF
16.480075895026275,69.9737498487084,387,OFF,ON,OFF
27.43292181432567,67.87102433757263,677,ON,OFF,OFF
19.300098023831417,45.2480307097073,787,OFF,OFF,ON
22.311249574026288,30.1,594,OFF,OFF,ON
26.776346687961766,66.22183071756648,246,ON,OFF,OFF
19.72569279707517,57.58046885625498,323,OFF,OFF,OFF
21.871789073490177,50.414728008770396,367,OFF,OFF,OFF
22.015540024269107,73.4362603660027,100,OFF,OFF,OFF
25.442271542238622,59.441756980117816,844,ON,OFF,OFF
24.98899162271699,37.39499371646065,582,OFF,OFF,ON
21.018965909827,30.1,262,OFF,OFF,ON
22.40829115644947,40.68627188912145,928,OFF,OFF,ON
20.2764006112892,90.0,374,OFF,OFF,OFF
14.862152182573864,72.72398571077396,619,OFF,ON,OFF
23.357894605376618,63.482187810567225,342,OFF,OFF,OFF
31.360981930611654,57.07593813031201,100,ON,OFF,OFF
17.76990094191595,55.93868162056963,203,OFF,ON,OFF
18.31184521746476,80.41306471110039,439,OFF,OFF,OFF
17.833507720065505,51.73093020551651,785,OFF,ON,OFF
25.64431937110984,70.20046495395168,643,ON,OFF,OFF
24.292480803066155,54.1906334717557,590,OFF,OFF,OFF
21.32044710302952,90.0,100,OFF,OFF,OFF
17.601965795563505,73.06156621641294,881,OFF,ON,OFF
22.54894441257021,81.76881758992698,612,OFF,OFF,OFF
14.43614565753258,50.107815150807824,523,OFF,ON,OFF
22.798888180237878,78.52617516065762,845,OFF,OFF,OFF
26.36371312595944,54.810898105436344,875,ON,OFF,OFF
15.970689596969892,62.12268594597483,851,OFF,ON,OFF
14.593328667995333,88.50755862018363,491,OFF,ON,OFF
29.82971406367418,42.1774494283661,296,ON,OFF,ON
19.101436332421915,63.73540068340221,808,OFF,OFF,OFF
27.658351457556936,67.79703693669248,203,ON,OFF,OFF
21.342675438090755,69.21573737945292,998,OFF,OFF,OFF
21.30371658904203,52.41972094792529,561,OFF,OFF,OFF
24.243163793349087,90.0,281,OFF,OFF,OFF
17.768531429817994,37.814780726543574,237,OFF,ON,ON
22.745376852482707,85.45970273469159,226,OFF,OFF,OFF
20.22885770289868,81.24127667686341,590,OFF,OFF,OFF
15.631419148891785,90.0,552,OFF,ON,OFF
23.7489994112218,32.74035995856676,236,OFF,OFF,ON
20.80748427340167,45.18691844826134,462,OFF,OFF,ON
21.327854205596694,86.03164704959569,202,OFF,OFF,OFF
16.17161586134315,30.1,706,OFF,ON,ON
29.888283299803305,32.424924069477704,540,ON,OFF,ON
26.389122801799186,51.770515056591556,457,ON,OFF,OFF
26.817244322466223,63.54069160575579,223,ON,OFF,OFF
20.60117867479441,87.76666730828072,477,OFF,OFF,OFF
13.630443051964956,57.013566758924036,447,OFF,ON,OFF
31.658299413520943,49.69553338950599,636,ON,OFF,ON
21.797522010999597,65.60641334571169,597,OFF,OFF,OFF
18.430476805268995,68.34360967222024,758,OFF,OFF,OFF
24.13735400307287,67.85299944893495,429,OFF,OFF,OFF
27.810976666079885,57.13951595480401,100,ON,OFF,OFF
21.983802919597665,30.1,809,OFF,OFF,ON
28.356666192146584,44.342877785999384,313,ON,OFF,ON
27.39911428332826,84.79162083629801,269,ON,OFF,OFF
16.82661220780733,63.45548474503474,543,OFF,ON,OFF
18.797730226863994,54.63884088116124,632,OFF,OFF,OFF
26.78483853752614,79.56482095208158,418,ON,OFF,OFF
8.81549299616356,40.66631700957479,416,OFF,ON,ON
21.364913295117386,56.32008785389202,454,OFF,OFF,OFF
15.091196691733348,62.60234299457683,918,OFF,ON,OFF
19.76341489029253,52.582475136277964,553,OFF,OFF,OFF
20.633613309983296,61.96226725364958,305,OFF,OFF,OFF
20.342667256060153,56.97155864986722,308,OFF,OFF,OFF
19.392745178572977,36.008320385649284,490,OFF,OFF,ON
16.724957538165864,63.358751590577334,615,OFF,ON,OFF
33.318040485923774,37.236569224218144,679,ON,OFF,ON
31.2399030712104,63.084303530108095,586,ON,OFF,OFF
16.407093417067674,83.99341576345715,338,OFF,ON,OFF
29.842829973799144,55.35683074662822,445,ON,OFF,OFF
20.140845403992735,39.95061827000081,743,OFF,OFF,ON
22.729172443609492,58.02186009695036,259,OFF,OFF,OFF
21.78686592909762,45.82465499595928,434,OFF,OFF,ON
18.866478355570287,70.50477239637956,708,OFF,OFF,OFF
26.913679757484456,57.658514319752214,779,ON,OFF,OFF
22.71301076482566,89.80024352899477,504,OFF,OFF,OFF
19.76342653421918,80.34028827276242,448,OFF,OFF,OFF
15.709286398359723,57.57041974446308,214,OFF,ON,OFF
17.721547880553384,72.59997429046149,689,OFF,ON,OFF
14.060332430067769,53.41538394870139,893,OFF,ON,OFF
22.15650774625785,60.806430327497395,998,OFF,OFF,OFF
16.237690175931117,53.96560707478186,653,OFF,ON,OFF
20.796454847065032,73.47969721932644,541,OFF,OFF,OFF
28.804788139035587,85.01164618080759,318,ON,OFF,OFF
27.968526561396104,74.0366684927461,100,ON,OFF,OFF
21.938630033410522,76.16973156001872,600,OFF,OFF,OFF
21.670286520054706,76.18870836861281,998,OFF,OFF,OFF
31.300675881968566,69.75643311590932,881,ON,OFF,OFF
24.646323743910948,40.50767126523459,841,OFF,OFF,ON
20.49169372836489,89.64813416384736,617,OFF,OFF,OFF
15.114761937025037,90.0,647,OFF,ON,OFF
24.025094943356812,56.1724813995474,100,OFF,OFF,OFF
26.157095559233806,53.805331675596406,750,ON,OFF,OFF
19.004044078215376,70.81451349088773,405,OFF,OFF,OFF
23.522412174476603,69.74876708339457,374,OFF,OFF,OFF
20.316576453725148,56.7249765770424,471,OFF,OFF,OFF
21.19562298692609,38.591721823713286,462,OFF,OFF,ON
9.91608522851168,65.5079900018105,370,OFF,ON,OFF
21.010800852558123,69.75955802464287,558,OFF,OFF,OFF
26.842769633612033,72.77665767569192,411,ON,OFF,OFF
19.00526305002087,66.26218583222546,580,OFF,OFF,OFF
22.35383356376729,55.528253964221136,172,OFF,OFF,OFF
18.395465376757038,77.41656526099464,499,OFF,OFF,OFF
23.86141145016204,61.35820019251672,272,OFF,OFF,OFF
21.03654544904639,52.17510459314889,389,OFF,OFF,OFF
17.498058846930352,57.09337008197877,591,OFF,ON,OFF
28.620938457023687,30.1,142,ON,OFF,ON
26.644785444792046,57.0658877932126,343,ON,OFF,OFF
19.134988557355832,72.12985089224331,700,OFF,OFF,OFF
24.533871511218646,66.09765374377068,191,OFF,OFF,OFF
24.727872271765516,86.52856281842783,998,OFF,OFF,OFF
25.241418311288793,55.66909149698651,864,ON,OFF,OFF
13.801448395545291,68.65013321440833,427,OFF,ON,OFF
27.02508612138694,73.93445122749192,352,ON,OFF,OFF
19.307368756805086,90.0,606,OFF,OFF,OFF
20.344706201353706,62.72357546212023,182,OFF,OFF,OFF
35.01193955334422,42.15301772466569,100,ON,OFF,ON
23.574656407682607,74.889291432075,436,OFF,OFF,OFF
20.205194652937124,90.0,520,OFF,OFF,OFF
11.299363288208957,54.63838081729652,578,OFF,ON,OFF
28.901056230465354,74.77082496163554,396,ON,OFF,OFF
15.510406529865534,81.4776563210616,882,OFF,ON,OFF
17.183743442630373,77.81559641015679,170,OFF,ON,OFF
20.474333017015123,62.391267820756966,261,OFF,OFF,OFF
29.031525286404417,48.13434739376131,679,ON,OFF,ON
25.882504874016384,58.812677538163534,255,ON,OFF,OFF
21.323875252720757,68.15336285776638,245,OFF,OFF,OFF
23.60608279075881,75.93245868629553,586,OFF,OFF,OFF
19.157124081539457,65.9966485589954,283,OFF,OFF,OFF
22.78041587235157,53.645984800555276,520,OFF,OFF,OFF
22.455722825816462,69.8277795258029,374,OFF,OFF,OFF
26.839834890510843,75.09961281264549,333,ON,OFF,OFF
26.832041441866195,66.78671759698803,100,ON,OFF,OFF
24.515212907891833,45.75171213919779,590,OFF,OFF,ON
20.322577761563526,57.080348129443905,233,OFF,OFF,OFF
25.728681348930763,76.61756428909348,511,ON,OFF,OFF
21.64637533953182,36.290770041348416,422,OFF,OFF,ON
16.799521311164117,30.1,501,OFF,ON,ON
20.12213111154923,86.31088819237273,516,OFF,OFF,OFF
22.510511127750956,69.06713339191785,604,OFF,OFF,OFF
26.55314929184774,70.71621292733234,367,ON,OFF,OFF
21.19809172270529,41.58847626386506,874,OFF,OFF,ON
16.176327026750897,72.9792038205587,100,OFF,ON,OFF
22.374472082328573,64.9811187555792,496,OFF,OFF,OFF
22.652150092642266,32.807827168164266,769,OFF,OFF,ON
23.006536119787107,84.86103978590934,677,OFF,OFF,OFF
26.600424526612017,62.964373589978656,303,ON,OFF,OFF
27.08538966150015,53.366117198696216,346,ON,OFF,OFF
19.187356494732743,53.679172721053234,295,OFF,OFF,OFF
19.0799728074783,30.1,708,OFF,OFF,ON
17.003764495903862,70.48448817126771,364,OFF,ON,OFF
25.518117490053406,64.7494272626192,620,ON,OFF,OFF
29.190198987309106,56.861068368894536,622,ON,OFF,OFF
20.55399405090764,82.33852521726855,998,OFF,OFF,OFF
20.914596994399464,36.27621591780584,635,OFF,OFF,ON
29.2781445669087,49.89392297906102,346,ON,OFF,ON
24.57191181681181,45.512586924112696,179,OFF,OFF,ON
24.232505053832814,55.39538205147424,483,OFF,OFF,OFF
16.265838160658006,61.38625490809878,523,OFF,ON,OFF
25.41976699475326,67.65876865707884,100,ON,OFF,OFF
17.54753471226616,54.21579832407387,371,OFF,ON,OFF
16.544407077686678,45.03943695049953,631,OFF,ON,ON
20.39883900472332,89.38922600737288,417,OFF,OFF,OFF
19.228572422758447,90.0,803,OFF,OFF,OFF
21.01169051592375,62.697989804055354,153,OFF,OFF,OFF
15.041499363356625,47.125560843012494,728,OFF,ON,ON
26.791101324510194,85.74636534202949,789,ON,OFF,OFF
27.617902243397964,35.1879903141146,800,ON,OFF,ON
12.562316340246985,54.42687774884727,151,OFF,ON,OFF
26.887267669836618,48.17512174575921,635,ON,OFF,ON
18.128247515750274,40.157328243033646,382,OFF,OFF,ON
26.29248080132978,55.37411423860086,192,ON,OFF,OFF
21.761540796454366,45.26753278929404,448,OFF,OFF,ON
22.23754773400275,60.4378684052852,321,OFF,OFF,OFF
21.19040743694737,60.68913165476768,791,OFF,OFF,OFF
28.031341458704013,49.46901337220084,686,ON,OFF,ON
16.027538585906754,53.80852480000924,258,OFF,ON,OFF
25.072695016900894,56.22491566564523,368,ON,OFF,OFF
27.48886053240112,74.23040715584267,456,ON,OFF,OFF
25.603918399222042,57.650890392119905,535,ON,OFF,OFF
33.478571420984025,74.4874313621276,813,ON,OFF,OFF
19.506894776568785,70.35431900406046,732,OFF,OFF,OFF
26.78370097901089,70.10721530543994,567,ON,OFF,OFF
21.577232074021993,84.23062062537592,487,OFF,OFF,OFF
28.135514720172587,40.851887654378736,100,ON,OFF,ON
22.059014343316825,52.032193354957805,886,OFF,OFF,OFF
20.19758954094346,90.0,439,OFF,OFF,OFF
28.4912938713344,55.766990028214586,954,ON,OFF,OFF
19.689933852662417,30.1,605,OFF,OFF,ON
15.179842382149616,56.707289788498116,998,OFF,ON,OFF
19.566136751100117,62.55357248198362,710,OFF,OFF,OFF
25.127494916900723,30.1,186,ON,OFF,ON
28.91219293970072,83.297895889286,396,ON,OFF,OFF
22.640758556563107,47.870696297815876,511,OFF,OFF,ON
28.550658168597945,65.90353353227171,329,ON,OFF,OFF
15.446927629377683,56.30912893949857,457,OFF,ON,OFF
19.926407031299444,37.92863206984099,203,OFF,OFF,ON
20.683773508714815,41.6976280745387,556,OFF,OFF,ON
21.535768192862477,44.040676697273206,615,OFF,OFF,ON
22.508393105541938,79.00258327045178,296,OFF,OFF,OFF
25.479415385818697,57.666309633100546,998,ON,OFF,OFF
19.91885055237237,51.189919010470135,570,OFF,OFF,OFF
22.777355809755093,44.04887624794061,344,OFF,OFF,ON
21.875735012201403,80.91401385987359,135,OFF,OFF,OFF
17.563429524662318,85.55167502195641,570,OFF,ON,OFF
21.54013911116835,80.71666839099713,487,OFF,OFF,OFF
21.39329177237834,68.73878868657363,755,OFF,OFF,OFF
21.288412677438185,65.23339674623406,517,OFF,OFF,OFF
22.252157109474037,39.181489481787786,247,OFF,OFF,ON
22.467163964447202,55.96591080879912,984,OFF,OFF,OFF
19.98010863221095,48.38718249958579,666,OFF,OFF,ON
28.327973040415472,30.1,489,ON,OFF,ON
16.37078992157168,78.50727002399084,596,OFF,ON,OFF
18.566733173287368,48.18008906631168,676,OFF,OFF,ON
35.70758372110883,80.91040973235792,187,ON,OFF,OFF
17.01457188662077,75.47438441857261,595,OFF,ON,OFF
15.468569509806438,69.85093435734095,438,OFF,ON,OFF
25.692716953749237,70.82268700311448,685,ON,OFF,OFF
11.926915947487553,49.57313051503751,364,OFF,ON,ON
20.944740466697315,90.0,399,OFF,OFF,OFF
32.60279011500216,60.965059098229716,982,ON,OFF,OFF
14.532530886917005,65.44277223899842,871,OFF,ON,OFF
12.392804212404464,48.98899249564599,100,OFF,ON,ON
14.75654964322992,44.108456280216984,852,OFF,ON,ON
26.49510031681954,68.47682232076092,535,ON,OFF,OFF
27.603656734629457,63.982218527769824,372,ON,OFF,OFF
19.58698468044312,46.56201933245694,295,OFF,OFF,ON
25.441722654911118,35.33211776549436,310,ON,OFF,ON
28.903461153306353,38.2474681971666,379,ON,OFF,ON
30.84765075940153,80.91372830987478,264,ON,OFF,OFF
20.890583111775232,49.60877258637548,206,OFF,OFF,ON
10.828471343050598,54.35533259495773,287,OFF,ON,OFF
18.077571658415014,85.31185993836087,637,OFF,OFF,OFF
20.00699292829888,40.80414126883007,567,OFF,OFF,ON
20.828875295998504,47.64089270827574,697,OFF,OFF,ON
21.176885681088503,46.91817815621759,537,OFF,OFF,ON
27.574857396295883,88.21379470021859,218,ON,OFF,OFF
28.336363416520268,90.0,681,ON,OFF,OFF
21.25613238866818,73.22203191308142,296,OFF,OFF,OFF
27.47492977150796,73.77258871311105,720,ON,OFF,OFF
23.847798832493062,50.177968421211595,254,OFF,OFF,OFF
22.412486662785707,90.0,377,OFF,OFF,OFF
26.53517271564031,64.85045101133599,461,ON,OFF,OFF
22.4504120651151,74.97893888047803,728,OFF,OFF,OFF
32.17186779100367,58.393198089541514,599,ON,OFF,OFF
15.054084578207346,55.581586616845776,559,OFF,ON,OFF
19.574342502725344,88.99190448475835,998,OFF,OFF,OFF
21.477213677220526,69.55690905733154,100,OFF,OFF,OFF
24.24825567197365,85.32977039808948,287,OFF,OFF,OFF
28.304695868878678,64.63646574183913,276,ON,OFF,OFF
21.977202949579663,45.5409909663413,100,OFF,OFF,ON
15.133310576370768,50.12627301847428,369,OFF,ON,OFF
26.221675456844636,62.00037221773005,731,ON,OFF,OFF
25.792998561485,49.37959116347018,402,ON,OFF,ON
12.589165534328965,41.05828432651742,468,OFF,ON,ON
22.078034937504565,81.00513710413671,111,OFF,OFF,OFF
14.311199156269852,50.79190778275738,349,OFF,ON,OFF
18.842475539098462,62.60985773432404,435,OFF,OFF,OFF
17.676435827047307,65.34245701554923,719,OFF,ON,OFF
26.05888473273522,50.043049906355265,123,ON,OFF,OFF
22.668670122160176,85.31980487650063,437,OFF,OFF,OFF
15.802304289508319,40.89080057663395,834,OFF,ON,ON
26.405533366997997,64.74541431015082,440,ON,OFF,OFF
15.076632703883902,64.47711170325182,100,OFF,ON,OFF
23.7129237043219,59.280247197228796,883,OFF,OFF,OFF
18.111199173018644,37.78051134029265,743,OFF,OFF,ON
20.30627614190698,75.28529992185011,778,OFF,OFF,OFF
24.565610047296495,73.08271135547325,106,OFF,OFF,OFF
24.649718091678153,48.53064016497383,943,OFF,OFF,ON
28.642567407508185,72.4594546465124,355,ON,OFF,OFF
21.69393961064897,66.7053599631906,423,OFF,OFF,OFF
23.59706812552472,38.0625324205038,373,OFF,OFF,ON
19.953463464939578,45.44475398084528,798,OFF,OFF,ON
22.987697247370086,79.91280242307494,508,OFF,OFF,OFF
24.24841899319929,65.57226464332483,678,OFF,OFF,OFF
21.61532743157494,50.45569164310791,574,OFF,OFF,OFF
13.265354166498238,45.366084873933715,530,OFF,ON,ON
23.719568202761206,51.30188886521384,311,OFF,OFF,OFF
23.88158232447559,52.528805702211045,998,OFF,OFF,OFF
18.766476735276676,45.58257497116474,178,OFF,OFF,ON
15.808198996543828,30.1,660,OFF,ON,ON
29.322682214114444,79.94276572329522,651,ON,OFF,OFF
24.502816664184888,77.0122595618892,851,OFF,OFF,OFF
20.97506129604578,38.18981359269442,911,OFF,OFF,ON
16.529656672049583,62.57730595774256,519,OFF,ON,OFF
18.07298938799874,44.608935174849705,690,OFF,OFF,ON
28.474246666375958,55.69344653262937,998,ON,OFF,OFF
22.77066411200532,54.25398034289865,537,OFF,OFF,OFF
19.400942122298165,52.8167931087982,280,OFF,OFF,OFF
24.592139372780274,90.0,455,OFF,OFF,OFF
18.10930185325123,52.60067308155047,219,OFF,OFF,OFF
29.44490735889377,46.23482442179181,650,ON,OFF,ON
28.72007950385595,47.02519428207387,828,ON,OFF,ON
19.81227644479594,78.27774151108979,523,OFF,OFF,OFF
19.018640650351767,31.635228357210483,137,OFF,OFF,ON
9.278071496927547,47.0244764995374,817,OFF,ON,ON
14.842722753093424,85.25100363583294,100,OFF,ON,OFF
15.538509517368736,64.44023342963388,157,OFF,ON,OFF
22.758562962025593,63.539449648493004,508,OFF,OFF,OFF
20.499394064309744,90.0,619,OFF,OFF,OFF
15.509790521732992,64.48109529361754,663,OFF,ON,OFF
20.72005872099002,47.96630912383061,537,OFF,OFF,ON
24.570831224764326,55.33859748949162,998,OFF,OFF,OFF
24.681003800290338,40.57434830767248,571,OFF,OFF,ON
12.79572319759524,81.94841012536781,820,OFF,ON,OFF
21.468672057230805,70.15965623649623,756,OFF,OFF,OFF
15.323713595389343,79.67287866665524,222,OFF,ON,OFF
26.51159583988038,81.2052607286513,510,ON,OFF,OFF
25.935903622910736,53.05249774112932,998,ON,OFF,OFF
17.699847414430646,43.8733717919895,424,OFF,ON,ON
18.346041921328894,59.32421858491646,381,OFF,OFF,OFF
19.83826004108627,45.118931122991526,598,OFF,OFF,ON
11.066804291377503,63.07291488231049,434,OFF,ON,OFF
23.74158722988226,79.80580074404756,350,OFF,OFF,OFF
20.760791637003333,57.30987536038682,430,OFF,OFF,OFF
26.84671479748778,62.81405489546648,922,ON,OFF,OFF
16.718761214749605,58.595266838672806,519,OFF,ON,OFF
19.06538498601601,74.10724726384025,213,OFF,OFF,OFF
14.720592559400876,48.66535126767264,165,OFF,ON,ON
17.179573647426526,30.1,998,OFF,ON,ON
16.309582233154494,68.36562357260364,497,OFF,ON,OFF
26.973026780781055,77.30985676918198,666,ON,OFF,OFF
18.67791462251078,67.94183219978113,356,OFF,OFF,OFF
22.704634327293128,49.142037968302816,637,OFF,OFF,ON
20.23241231042651,40.58161854782327,929,OFF,OFF,ON
15.881257171885387,68.77443292409173,386,OFF,ON,OFF
21.272647995251344,62.66671371719467,672,OFF,OFF,OFF
25.029917934998526,58.042538492243196,193,ON,OFF,OFF
16.18337404578836,90.0,998,OFF,ON,OFF
26.05814098145764,43.83795161558212,623,ON,OFF,ON
17.936358932533224,90.0,448,OFF,ON,OFF
19.73193248763603,60.76883470427411,477,OFF,OFF,OFF
24.694927139983648,30.1,423,OFF,OFF,ON
18.84842398354163,57.1184697173254,436,OFF,OFF,OFF
22.28062978479432,76.81956344571422,100,OFF,OFF,OFF
20.55590890337027,53.90296149836074,529,OFF,OFF,OFF
22.7300563493862,34.70317997703876,518,OFF,OFF,ON
10.440371895230461,57.37259494875134,680,OFF,ON,OFF
13.138392302865253,45.388637560988684,420,OFF,ON,ON
25.112483827681032,68.72801097962092,356,ON,OFF,OFF
27.174783095087378,73.59983572345475,552,ON,OFF,OFF
17.638844821117935,41.94396082636314,139,OFF,ON,ON
20.90187802004314,48.007522920867906,591,OFF,OFF,ON
23.539629227763328,73.30990992222951,100,OFF,OFF,OFF
25.49070889996609,45.359711257184316,842,ON,OFF,ON
12.16899076958775,41.49606662619528,730,OFF,ON,ON
17.75853662056221,39.825909674392335,316,OFF,ON,ON
20.46832513181708,66.30969274659363,724,OFF,OFF,OFF
25.53929071865333,65.5677928235561,583,ON,OFF,OFF
34.32917502958185,48.3839674298863,295,ON,OFF,ON
20.980326070670046,60.306912855359755,100,OFF,OFF,OFF
15.207986501352545,86.64047199258673,635,OFF,ON,OFF
24.066196842193644,43.36631409071372,350,OFF,OFF,ON
28.564360936044167,30.1,836,ON,OFF,ON
22.625506023169603,68.09237749520142,558,OFF,OFF,OFF
17.657636750399135,58.308832518797566,374,OFF,ON,OFF
26.78707495999564,47.93449312037422,998,ON,OFF,ON
25.34543250582642,71.50083593851645,702,ON,OFF,OFF
17.072886696625567,74.73870672880632,100,OFF,ON,OFF
23.96415049870989,30.1,429,OFF,OFF,ON
26.979351971358476,48.928064269126445,198,ON,OFF,ON
27.88328811335925,90.0,348,ON,OFF,OFF
21.771320800617993,70.31265603624793,517,OFF,OFF,OFF
20.343474774944927,71.91647465030809,645,OFF,OFF,OFF
28.105490714574927,80.5116532545009,621,ON,OFF,OFF
16.17161801773955,60.514243076176385,831,OFF,ON,OFF
24.243979438238576,74.00268770841392,718,OFF,OFF,OFF
15.388900732882645,72.6424142318614,702,OFF,ON,OFF
27.31282740888689,69.54510632973268,606,ON,OFF,OFF
20.833248870800418,54.64766716939458,885,OFF,OFF,OFF
28.307744895379354,63.1957903092946,473,ON,OFF,OFF
24.502656295352317,50.03944361797322,479,OFF,OFF,OFF
16.10767655320937,60.44063386990543,100,OFF,ON,OFF
29.071751185225637,40.002388204547785,826,ON,OFF,ON
29.69168072367068,46.54001842042558,534,ON,OFF,ON
26.416405257080612,55.33453191679784,998,ON,OFF,OFF
18.367865400273136,43.891493644974794,450,OFF,OFF,ON
20.598391572050815,51.48141742070056,577,OFF,OFF,OFF
22.80868352475583,57.3827777808784,695,OFF,OFF,OFF
18.651238084671007,67.17863412579077,271,OFF,OFF,OFF
30.382523962510206,76.64241820486323,646,ON,OFF,OFF
22.803294186188495,52.194804722422184,563,OFF,OFF,OFF
8.860852808239503,83.31812084635122,476,OFF,ON,OFF
23.75817338193567,76.45822353074827,856,OFF,OFF,OFF
20.392053919318332,68.94046244870245,322,OFF,OFF,OFF
21.72981388939114,62.877274929469216,625,OFF,OFF,OFF
20.291870488616425,65.74016888926721,928,OFF,OFF,OFF
26.048023849071942,80.7565871033649,372,ON,OFF,OFF
27.578740871833958,81.3885818196643,478,ON,OFF,OFF
23.482511118290788,83.31538914600134,998,OFF,OFF,OFF
20.435365666869867,60.93394079800259,676,OFF,OFF,OFF
21.894270030166943,69.82064284723252,424,OFF,OFF,OFF
22.192621563786748,83.46417743610644,761,OFF,OFF,OFF
18.167898857562623,49.427761422950745,408,OFF,OFF,ON
24.931141077860495,54.70986776123731,152,OFF,OFF,OFF
24.34906415791855,60.496385214898396,907,OFF,OFF,OFF
29.63878334820452,75.7832550261181,270,ON,OFF,OFF
28.242952843355773,76.05269702663625,998,ON,OFF,OFF
18.73954124054017,56.224653665301524,428,OFF,OFF,OFF
26.112906491021924,34.117857474592164,998,ON,OFF,ON
17.44071673315168,64.4782577126595,202,OFF,ON,OFF
25.503999304772364,44.330764234475865,818,ON,OFF,ON
19.567275992532526,34.44093102630718,683,OFF,OFF,ON
17.086730953496126,38.352168140520995,770,OFF,ON,ON
23.467784594023065,65.86577999825785,803,OFF,OFF,OFF
9.001766481011737,83.76679387960402,426,OFF,ON,OFF
13.523744330007068,60.891858307599726,218,OFF,ON,OFF
21.227645871665064,63.876111725460724,541,OFF,OFF,OFF
22.500301738414265,80.68467877873424,611,OFF,OFF,OFF
20.288446149072552,33.497680562400944,433,OFF,OFF,ON
14.363614293892688,69.21871392787901,625,OFF,ON,OFF
18.09219664146583,60.01840871988907,639,OFF,OFF,OFF
24.01205232108865,70.01252056901764,320,OFF,OFF,OFF
24.945110190820053,51.853974953483856,656,OFF,OFF,OFF
22.017230602527086,46.06745983048044,485,OFF,OFF,ON
27.76061066019201,62.649930507696425,374,ON,OFF,OFF
24.04234777489385,88.75226375617275,757,OFF,OFF,OFF
18.43705783191966,75.11388711264959,354,OFF,OFF,OFF
20.723299872147717,51.4351275077444,437,OFF,OFF,OFF
15.228115777757598,37.01822119905894,573,OFF,ON,ON
21.567203164461958,31.116792433831513,908,OFF,OFF,ON
27.541593535116736,82.98930468535988,604,ON,OFF,OFF
25.45189514523903,43.694657981415524,690,ON,OFF,ON
28.961009666194368,54.5870872788658,478,ON,OFF,OFF
20.613709988274575,83.07774385748029,534,OFF,OFF,OFF
28.687272144955365,32.296157382915425,542,ON,OFF,ON
21.150227381834902,86.03720859329616,630,OFF,OFF,OFF
29.3016581153111,55.83059081967634,478,ON,OFF,OFF
21.98964790185115,40.346817355986275,899,OFF,OFF,ON
25.559321445160908,55.93940850122648,458,ON,OFF,OFF
29.318927967802203,47.71698507663461,115,ON,OFF,ON
21.149623195156554,67.84573245418171,998,OFF,OFF,OFF
23.165910165742517,49.00532329108688,470,OFF,OFF,ON
28.407038319605924,30.1,892,ON,OFF,ON
21.445466189368418,56.40288547004367,915,OFF,OFF,OFF
15.62946640086881,36.74878605740726,797,OFF,ON,ON
32.58899359651676,63.753950436663374,503,ON,OFF,OFF
19.79665602576482,39.679899605816686,628,OFF,OFF,ON
22.87394255591416,51.775618687780714,226,OFF,OFF,OFF
27.756561055954368,63.37795481208347,998,ON,OFF,OFF
19.117425635017817,56.543092799439364,335,OFF,OFF,OFF
17.162058658076628,64.55172536003603,489,OFF,ON,OFF
23.33897830467434,71.98885557389283,580,OFF,OFF,OFF
13.317615343063556,40.18504251925141,526,OFF,ON,ON
20.687049183272375,59.104760071375225,385,OFF,OFF,OFF
23.296389106951153,30.1,913,OFF,OFF,ON
20.77495427954645,64.49814321616024,798,OFF,OFF,OFF
14.539801462281943,55.01441969674766,637,OFF,ON,OFF
29.90188259415998,43.20386065690942,451,ON,OFF,ON
22.603591331895295,65.68131953431639,828,OFF,OFF,OFF
29.103695097471093,80.50825004210851,435,ON,OFF,OFF
20.823502075705782,51.983150063470475,958,OFF,OFF,OFF
17.788051487808243,43.87230536364522,583,OFF,ON,ON
23.414591515950253,63.07409807435689,870,OFF,OFF,OFF
21.04014931233871,37.111049654281146,525,OFF,OFF,ON
16.330246323917276,48.79339941480753,572,OFF,ON,ON
29.29284113856321,81.3682094419879,869,ON,OFF,OFF
19.049975678549526,61.29471668633022,998,OFF,OFF,OFF
13.086569406671064,30.1,955,OFF,ON,ON
28.599467122032763,30.1,780,ON,OFF,ON
19.627577005731094,63.02323937185763,706,OFF,OFF,OFF
19.120706062833474,75.13950135507672,424,OFF,OFF,OFF
13.453181967690078,32.23179608287872,630,OFF,ON,ON
30.620448534681586,67.99959058258631,319,ON,OFF,OFF
15.78326056426656,83.2357469335168,651,OFF,ON,OFF
22.382833594538116,90.0,667,OFF,OFF,OFF
26.564922105803007,65.94954913547882,100,ON,OFF,OFF
24.161419990096043,68.98732786146671,564,OFF,OFF,OFF
21.804588013692143,30.1,661,OFF,OFF,ON
13.76516862965545,90.0,533,OFF,ON,OFF
18.132182955495402,50.26213614385985,646,OFF,OFF,OFF
23.01614570014547,44.068560999349955,209,OFF,OFF,ON
18.242593301846476,55.8035023384389,355,OFF,OFF,OFF
23.092324401163655,86.37301001335742,820,OFF,OFF,OFF
25.434530337415275,90.0,554,ON,OFF,OFF
26.809151110708587,62.38867532560198,642,ON,OFF,OFF
16.093188427926133,77.48719191981098,414,OFF,ON,OFF
32.85161441698613,60.96641929586035,559,ON,OFF,OFF
25.854300311167105,42.26360324876792,100,ON,OFF,ON
22.088267646145447,85.76867619802023,772,OFF,OFF,OFF
27.43111821600398,49.455245656865756,998,ON,OFF,ON
33.67788523229388,86.78577596863775,280,ON,OFF,OFF
15.052572011439825,82.68552441457565,312,OFF,ON,OFF
20.993756430091608,70.84262155278178,667,OFF,OFF,OFF
10.451669333016104,90.0,933,OFF,ON,OFF
23.039897535530066,90.0,554,OFF,OFF,OFF
23.885659606172517,57.186971040776044,238,OFF,OFF,OFF
21.904919441039716,46.22564959907663,500,OFF,OFF,ON
18.892011755135613,30.1,289,OFF,OFF,ON
12.062073880200552,90.0,382,OFF,ON,OFF
23.925510960330453,52.61180957980906,476,OFF,OFF,OFF
29.222583497242614,79.85666647913948,315,ON,OFF,OFF
19.20298682104905,47.394165226421464,354,OFF,OFF,ON
24.25122876038003,86.83309303352972,573,OFF,OFF,OFF
14.418900753777937,48.10590675446595,609,OFF,ON,ON
24.335211874669973,39.6005068720516,188,OFF,OFF,ON
20.170629200365074,56.61147306017756,656,OFF,OFF,OFF
18.363801235188337,51.018458845789546,456,OFF,OFF,OFF
18.37385929765579,70.53575546452393,739,OFF,OFF,OFF
20.16950660621743,59.32972361878765,755,OFF,OFF,OFF
23.969084269196777,71.07906488273409,414,OFF,OFF,OFF
15.67220467859405,55.18384647652088,712,OFF,ON,OFF
20.152351969277888,48.71163294229542,339,OFF,OFF,ON
21.893611149104554,50.12250797181027,895,OFF,OFF,OFF
16.715676652380488,90.0,349,OFF,ON,OFF
30.89327628437652,64.11470297333544,645,ON,OFF,OFF
17.91787839290973,30.1,506,OFF,ON,ON
18.819043801933002,51.21857884990119,293,OFF,OFF,OFF
17.306786594541265,61.89484728440527,786,OFF,ON,OFF
30.90216210823371,90.0,396,ON,OFF,OFF
24.803728339849076,78.01686668834924,117,OFF,OFF,OFF
17.511031178684362,44.271910042370905,100,OFF,ON,ON
27.512858147876777,90.0,329,ON,OFF,OFF
23.079297080209226,59.679810080987664,908,OFF,OFF,OFF
23.35619352962978,81.78219151750201,878,OFF,OFF,OFF
20.410072413361384,40.23565264442385,369,OFF,OFF,ON
18.427459885337026,30.1,458,OFF,OFF,ON
23.750390016966833,35.85107751332414,435,OFF,OFF,ON
19.427869762562164,30.1,211,OFF,OFF,ON
30.991640620399593,90.0,310,ON,OFF,OFF
15.882109876892908,63.93065034184057,806,OFF,ON,OFF
29.61780625672272,44.22128296813655,684,ON,OFF,ON
21.55163432429853,68.04996229696094,624,OFF,OFF,OFF
23.5610078672898,63.49467413798019,211,OFF,OFF,OFF
26.175867099620255,70.96195165611624,580,ON,OFF,OFF
19.010909505637386,81.14552713598232,100,OFF,OFF,OFF
26.328089243326353,55.202883565129284,771,ON,OFF,OFF
8.84030979656315,44.99646767103909,621,OFF,ON,ON
18.57153414784429,74.5406067890793,208,OFF,OFF,OFF
17.572375134974497,74.10041676136801,970,OFF,ON,OFF
15.959394949519233,61.96179985985754,100,OFF,ON,OFF
21.044224261932925,90.0,690,OFF,OFF,OFF
23.98532286409072,52.643988231224206,697,OFF,OFF,OFF
25.536939627370764,44.6501165288981,235,ON,OFF,ON
23.27601207805,67.45249957961236,544,OFF,OFF,OFF
18.837372025282562,48.54155167431094,133,OFF,OFF,ON
23.903394165955092,68.79206292888395,100,OFF,OFF,OFF
22.70517294554007,45.80671087720948,279,OFF,OFF,ON
26.67966587248332,53.29417245348722,396,ON,OFF,OFF
25.900604291448175,90.0,720,ON,OFF,OFF
22.245875230359832,53.20169513936467,571,OFF,OFF,OFF
17.70363805804798,46.397670156244395,578,OFF,ON,ON
18.899764281973244,80.47332215472784,293,OFF,OFF,OFF
19.40484776111583,42.03442051311372,418,OFF,OFF,ON
20.553091184400262,48.230033327923536,315,OFF,OFF,ON
23.409056533770446,70.19424872728256,239,OFF,OFF,OFF
25.598211086068247,76.45476922200125,401,ON,OFF,OFF
21.84637908441377,81.33489089560024,573,OFF,OFF,OFF
22.175608525671176,47.290936973586106,407,OFF,OFF,ON
22.798299368599835,70.530718808206,471,OFF,OFF,OFF
19.57074675305781,52.15459921831003,733,OFF,OFF,OFF
17.565866040351352,49.740231834312475,425,OFF,ON,ON
13.501896441455308,81.03620612007248,211,OFF,ON,OFF
18.693153624890407,50.71086235424839,699,OFF,OFF,OFF
24.413218123696947,65.03226013994743,622,OFF,OFF,OFF
18.65514986282593,62.910672532307586,639,OFF,OFF,OFF
20.932338072817775,41.69336774584899,715,OFF,OFF,ON
24.380345032610656,76.93369702035156,672,OFF,OFF,OFF
24.64599754781076,69.91257784631185,561,OFF,OFF,OFF
16.811181405963882,30.1,998,OFF,ON,ON
26.978342344864508,65.01870474839558,224,ON,OFF,OFF
27.616256156137492,46.84539794748416,403,ON,OFF,ON
16.564825339419404,79.19987812248797,803,OFF,ON,OFF
18.06308931304828,35.21147299118099,591,OFF,OFF,ON
27.928335182881973,54.05137410455718,749,ON,OFF,OFF
21.377653736156635,66.48246355572856,598,OFF,OFF,OFF
11.228450552288532,61.15909204551849,907,OFF,ON,OFF
15.24370809006384,73.41918202295344,295,OFF,ON,OFF
20.875726721777703,33.94808684071153,899,OFF,OFF,ON
16.402310779404562,88.79937573002415,855,OFF,ON,OFF
20.072504551963917,69.30467143696193,243,OFF,OFF,OFF
22.255274722989803,83.74397076024636,716,OFF,OFF,OFF
29.255975348848715,75.34451602859329,543,ON,OFF,OFF
20.674574758726852,60.01805697986482,398,OFF,OFF,OFF
27.34791040163941,38.00048842976295,100,ON,OFF,ON
29.091983891624537,50.468663627275134,294,ON,OFF,OFF
29.119154721685497,87.72061543934849,736,ON,OFF,OFF
23.490841460676734,84.18895556524978,763,OFF,OFF,OFF
12.48424015501604,49.49897497527536,500,OFF,ON,ON
24.35289554367647,30.1,764,OFF,OFF,ON
27.229709677775645,56.5390960133066,797,ON,OFF,OFF
21.699749270589365,55.241262675812266,594,OFF,OFF,OFF
30.638281934455946,55.89750993777679,368,ON,OFF,OFF
26.30647391696527,69.3634018182664,668,ON,OFF,OFF
24.87897201986761,75.3786415044261,679,OFF,OFF,OFF
27.415666815830267,77.3525069214589,727,ON,OFF,OFF
23.728865637427827,67.93032495193371,777,OFF,OFF,OFF
9.891661419763793,30.1,204,OFF,ON,ON
19.65283619588126,54.31569182874394,423,OFF,OFF,OFF
27.958090343912723,90.0,100,ON,OFF,OFF
18.142628720310956,66.69340552795667,746,OFF,OFF,OFF
21.002521084746867,66.58272552928356,499,OFF,OFF,OFF
16.98105842229768,66.43854200201032,665,OFF,ON,OFF
30.83088746761374,67.40558152917502,175,ON,OFF,OFF
30.32938135027478,30.1,914,ON,OFF,ON
17.769167732196316,56.07481989467465,247,OFF,ON,OFF
22.817843027326564,59.563328908527275,753,OFF,OFF,OFF
18.764907192076844,82.3906057801218,584,OFF,OFF,OFF
25.107478237299993,61.043736632103844,505,ON,OFF,OFF
24.592109242392386,31.731959591098033,485,OFF,OFF,ON
26.070835443276398,67.66007720356319,390,ON,OFF,OFF
23.72175944996873,46.31162844055057,887,OFF,OFF,ON
36.46864299074726,39.16682094654371,557,ON,OFF,ON
17.063863609450753,45.786800572300265,228,OFF,ON,ON
13.72140993627237,69.60501649191919,455,OFF,ON,OFF
20.172059330766036,81.99727276336047,587,OFF,OFF,OFF
14.41966477653503,68.57429736436568,785,OFF,ON,OFF
14.789446069503194,71.15382131837814,399,OFF,ON,OFF
17.19414393649403,68.40327859447603,416,OFF,ON,OFF
17.581549908056033,61.97203137293573,560,OFF,ON,OFF
17.42277397758998,72.27681106085188,779,OFF,ON,OFF
24.633901557826082,30.1,202,OFF,OFF,ON
19.618318297376796,62.140913455093184,684,OFF,OFF,OFF
21.21774261485822,42.140251779595076,435,OFF,OFF,ON
26.474895205281364,80.33878264984642,471,ON,OFF,OFF
18.344684128851316,57.67293404688613,998,OFF,OFF,OFF
20.80142247715298,60.754373898457274,504,OFF,OFF,OFF
23.887450318764426,34.17906259912581,748,OFF,OFF,ON
12.590589601992729,77.8115365485076,739,OFF,ON,OFF
10.41997285202702,71.07258940995713,251,OFF,ON,OFF
23.791278303306154,69.85491205026443,100,OFF,OFF,OFF
24.505601405827196,46.152486542206404,765,OFF,OFF,ON
32.20324655890603,46.833868101428635,275,ON,OFF,ON
22.870705390078218,64.08751419177669,126,OFF,OFF,OFF
26.110171260601767,48.20312651921104,818,ON,OFF,ON
21.139610638724125,67.74318982997603,292,OFF,OFF,OFF
23.551908442296522,30.1,355,OFF,OFF,ON
30.259682641512896,51.78372001710032,998,ON,OFF,OFF
11.69742217867269,90.0,127,OFF,ON,OFF
24.121758437633726,67.822652876402,231,OFF,OFF,OFF
32.5526630963955,63.104693924184,436,ON,OFF,OFF
23.47752229192087,90.0,492,OFF,OFF,OFF
30.17799704274193,30.1,324,ON,OFF,ON
19.015987452534013,46.11289637220477,256,OFF,OFF,ON
21.939753193792487,53.27806676432908,942,OFF,OFF,OFF
22.260799893619804,75.06961502680086,622,OFF,OFF,OFF
11.239157632745735,75.36901818168735,705,OFF,ON,OFF
16.37716854081648,45.23579110658559,519,OFF,ON,ON
16.726272479487147,77.48494532373121,629,OFF,ON,OFF
26.121561308343168,53.24101414102115,794,ON,OFF,OFF
26.366791387205275,81.18200239287103,298,ON,OFF,OFF
23.68316852535804,42.35275352041877,622,OFF,OFF,ON
26.13153373561737,58.08546378539577,733,ON,OFF,OFF
21.292971673211653,51.73834258855729,951,OFF,OFF,OFF
27.98141351619177,78.48974287201452,998,ON,OFF,OFF
22.13968919459714,51.174076108988444,572,OFF,OFF,OFF
22.379967266550953,59.484508922665704,847,OFF,OFF,OFF
20.796297581343314,68.98748016769296,100,OFF,OFF,OFF
25.44778436209304,69.65266895885827,953,ON,OFF,OFF
20.034437307262714,75.56445913600255,367,OFF,OFF,OFF
26.877346114567025,63.87168467868399,492,ON,OFF,OFF
16.553567864183936,52.98263232264564,668,OFF,ON,OFF
16.716278722338807,54.16864692514084,515,OFF,ON,OFF
25.46235645386668,60.663095585127444,605,ON,OFF,OFF
21.663140748345192,64.53723011880999,962,OFF,OFF,OFF
19.87437173461119,57.67265129631505,455,OFF,OFF,OFF
26.45445386681179,60.551174592926856,275,ON,OFF,OFF
19.12346000253852,33.96829705795302,998,OFF,OFF,ON
21.116458983839205,71.76511579274563,690,OFF,OFF,OFF
28.9473918283924,63.35242631633271,998,ON,OFF,OFF
29.63242385983684,77.5526992270216,776,ON,OFF,OFF
29.795247222421136,60.221705335879186,214,ON,OFF,OFF
20.715349992386578,30.14219890180907,720,OFF,OFF,ON
28.12227977773573,54.017303810037106,301,ON,OFF,OFF
17.450511611452818,56.75985873949579,556,OFF,ON,OFF
17.65639153256759,73.07220308623839,535,OFF,ON,OFF
10.588641114724261,30.1,138,OFF,ON,ON
30.28715630797671,60.931392042017656,345,ON,OFF,OFF
17.866546086704794,69.10623390004298,998,OFF,ON,OFF
21.477146685175068,48.774255149401334,615,OFF,OFF,ON
17.639639756466124,61.51009813448208,509,OFF,ON,OFF
25.500244733279157,49.37031253649843,998,ON,OFF,ON
20.257527941655646,47.59628781306868,452,OFF,OFF,ON
15.70817280152169,53.152689009717825,531,OFF,ON,OFF
24.259075389853102,47.922954712189934,809,OFF,OFF,ON
15.07700382240704,72.0464891007364,451,OFF,ON,OFF
17.996655114352425,47.50322450366014,362,OFF,ON,ON
11.781163274016007,44.59731201257213,100,OFF,ON,ON
15.12484788529093,90.0,313,OFF,ON,OFF
22.97075332121301,76.84108527917759,311,OFF,OFF,OFF
12.478135280917934,30.1,595,OFF,ON,ON
14.844852777530283,46.98735851422369,397,OFF,ON,ON
22.085061876944344,64.4138796401843,998,OFF,OFF,OFF
19.43511759531813,65.82034752278545,282,OFF,OFF,OFF
31.849830395957525,34.43130000438481,914,ON,OFF,ON
31.075563913310255,80.26374505492605,611,ON,OFF,OFF
17.8472427359612,74.49647443540107,762,OFF,ON,OFF
24.824450457612407,68.55650609706294,746,OFF,OFF,OFF
25.76520738859352,83.69224434883155,100,ON,OFF,OFF
19.17135617659719,68.04418297875429,551,OFF,OFF,OFF
14.774369735367817,67.98001008809929,487,OFF,ON,OFF
22.036446091224903,87.16897622351256,263,OFF,OFF,OFF
21.250394080994635,79.27157991199616,672,OFF,OFF,OFF
19.963122575479233,45.65966267930308,996,OFF,OFF,ON
24.26227891427354,71.17409779340618,100,OFF,OFF,OFF
18.421028296895393,48.72615758092803,417,OFF,OFF,ON
16.456388482444645,68.94151297313216,234,OFF,ON,OFF
22.63073919486431,68.46501407740227,573,OFF,OFF,OFF
23.98640061063227,36.282992993292325,470,OFF,OFF,ON
16.335712865884318,58.110827440754456,398,OFF,ON,OFF
26.640665870898527,64.8082488793033,731,ON,OFF,OFF
13.428243537327518,52.67049281271494,975,OFF,ON,OFF
19.266170714858948,65.66385410847514,998,OFF,OFF,OFF
20.833429924956096,74.16209627310432,364,OFF,OFF,OFF
18.98165828072855,59.689625180813884,100,OFF,OFF,OFF
19.330079170428213,64.10481598705069,698,OFF,OFF,OFF
31.257590052098585,84.15411566208219,968,ON,OFF,OFF
17.93066397145971,68.40589647753839,763,OFF,ON,OFF
34.04907637548632,63.69347172588274,967,ON,OFF,OFF
24.23686782770064,43.64280407215944,496,OFF,OFF,ON
22.547369567347733,71.82862454481308,397,OFF,OFF,OFF
24.428371001319245,65.9309880016093,584,OFF,OFF,OFF
34.48338815166436,82.4294307403938,469,ON,OFF,OFF
17.231949751544153,61.029993234167534,725,OFF,ON,OFF
16.611004860888546,30.1,803,OFF,ON,ON
18.400775224730143,30.80443995364385,824,OFF,OFF,ON
22.254035688166375,72.94724293074648,685,OFF,OFF,OFF
13.647147323777936,50.35377505902262,617,OFF,ON,OFF
22.206034975049583,67.77562631351611,758,OFF,OFF,OFF
30.388402004597474,62.19531416119037,100,ON,OFF,OFF
22.83796292940152,57.332366819037105,608,OFF,OFF,OFF
20.663648947601505,58.55174221130565,568,OFF,OFF,OFF
19.07009746059509,45.24646960502426,609,OFF,OFF,ON
26.495845187801027,59.945952065259874,532,ON,OFF,OFF
18.053317209982538,50.10636774760463,665,OFF,OFF,OFF
31.13676184731522,53.778365612866835,406,ON,OFF,OFF
31.562543675096308,54.619343479162666,845,ON,OFF,OFF
23.353732650061545,56.29681510109745,676,OFF,OFF,OFF
22.04028149024066,76.17382948934512,593,OFF,OFF,OFF
27.142852834468343,57.9733639676116,375,ON,OFF,OFF
27.4568809914928,77.93042228104886,764,ON,OFF,OFF
18.150460533639595,86.82598752458466,607,OFF,OFF,OFF
19.51860438562273,75.01067635544457,360,OFF,OFF,OFF
15.622341859847175,69.46598764424418,540,OFF,ON,OFF
24.0994748159476,65.87358642283574,716,OFF,OFF,OFF
25.360523520691483,75.19085424364297,696,ON,OFF,OFF
15.48731677935601,61.764995117043554,679,OFF,ON,OFF
19.867970165922046,77.25337501222286,578,OFF,OFF,OFF
15.500397734758305,70.84382471589413,818,OFF,ON,OFF
17.696064781993456,53.99318094747426,872,OFF,ON,OFF
24.794483717024143,75.71841179998398,744,OFF,OFF,OFF
18.505473628809934,61.801661431127705,403,OFF,OFF,OFF
20.6237924252868,58.38269494255582,282,OFF,OFF,OFF
14.12921237714803,51.98001136621882,414,OFF,ON,OFF
23.012179247341386,63.09128850345596,998,OFF,OFF,OFF
21.879894576971594,77.45913669384828,627,OFF,OFF,OFF
18.52761769953175,75.59884392591403,998,OFF,OFF,OFF
21.171231214939045,66.33313934940902,523,OFF,OFF,OFF
22.97939838191749,70.59360887577135,488,OFF,OFF,OFF
18.107000884476633,82.22107604932324,535,OFF,OFF,OFF
14.868761218990542,57.62430002609972,530,OFF,ON,OFF
30.936896589394905,40.920589412258366,355,ON,OFF,ON
18.996106650779375,82.7303095023453,259,OFF,OFF,OFF
21.622915103009067,51.05301752890493,683,OFF,OFF,OFF
27.045812176497684,48.27510534908947,825,ON,OFF,ON
39.37519571103505,30.1,998,ON,OFF,ON
16.00355544621253,70.10293071959603,443,OFF,ON,OFF
24.299050164651398,32.16551151001575,463,OFF,OFF,ON
18.63242790483442,47.23839301548256,356,OFF,OFF,ON
19.458700011220643,70.39625435150066,844,OFF,OFF,OFF
18.570444829919406,72.70918398202761,764,OFF,OFF,OFF
16.585363852304315,48.94352759668176,329,OFF,ON,ON
21.89449448126821,57.89788660430913,322,OFF,OFF,OFF
14.877377618879674,45.12181257565167,799,OFF,ON,ON
26.732305576699314,50.73089060583337,653,ON,OFF,OFF
22.365959037164416,64.82482772322075,749,OFF,OFF,OFF
24.164935570659573,51.539733414298176,327,OFF,OFF,OFF
19.81416368403362,55.99366376778999,100,OFF,OFF,OFF
20.298800554399502,34.8774373508474,329,OFF,OFF,ON
23.50459607503681,79.82066756843328,731,OFF,OFF,OFF
16.397375618612053,69.04379964014547,998,OFF,ON,OFF
20.343910583644607,73.9373093431285,444,OFF,OFF,OFF
17.887924011789536,82.54510608103188,998,OFF,ON,OFF
17.736364412229438,45.94158194858689,767,OFF,ON,ON
11.766724118103658,54.018198401568995,196,OFF,ON,OFF
28.654109993344846,30.1,609,ON,OFF,ON
18.735311832780766,90.0,776,OFF,OFF,OFF
27.79264215567536,57.63089144558054,100,ON,OFF,OFF
27.329552657678356,78.19038571417326,720,ON,OFF,OFF
15.800303233534947,38.796994598568745,856,OFF,ON,ON
16.767712132788198,77.45785310621244,657,OFF,ON,OFF
34.633086816898185,90.0,538,ON,OFF,OFF
30.66933322364823,59.17598637110239,510,ON,OFF,OFF
21.942343126118587,42.72925299248496,495,OFF,OFF,ON
23.35677951842504,57.81755487770337,252,OFF,OFF,OFF
19.007986017565603,30.1,377,OFF,OFF,ON
24.213493622412702,59.56343497954256,447,OFF,OFF,OFF
18.58528054030444,74.42281749046691,583,OFF,OFF,OFF
12.146094289009437,59.60027066174967,411,OFF,ON,OFF
15.626217832385638,55.30291336899715,331,OFF,ON,OFF
22.19993205348813,69.34660066598958,749,OFF,OFF,OFF
16.558864958326836,70.66940992141139,649,OFF,ON,OFF
21.767264449493343,31.50022146079256,415,OFF,OFF,ON
16.835034189344647,61.755690828431185,684,OFF,ON,OFF
18.266193128054933,90.0,438,OFF,OFF,OFF
26.27382560882035,37.12126477010732,570,ON,OFF,ON
23.308344762304753,58.74106207396494,805,OFF,OFF,OFF
22.049342502195064,90.0,399,OFF,OFF,OFF
26.400137936694193,79.3227155412813,253,ON,OFF,OFF
24.44975825227081,51.33644181132766,517,OFF,OFF,OFF
29.179149431006564,63.785361071173924,203,ON,OFF,OFF
19.84515268421896,60.18239328997892,483,OFF,OFF,OFF
19.993133186243533,47.27623125768669,482,OFF,OFF,ON
15.726325624293274,58.934262168589385,100,OFF,ON,OFF
19.996336500997508,55.375119452521716,691,OFF,OFF,OFF
26.82025056499601,62.16964394784719,507,ON,OFF,OFF
28.461502050868614,47.270844007423634,858,ON,OFF,ON
26.79839090964552,38.131633302895835,610,ON,OFF,ON
13.312153919723878,59.5047127415378,743,OFF,ON,OFF
27.399825557113655,89.8928920007496,860,ON,OFF,OFF
13.095126586370794,61.64115487041606,520,OFF,ON,OFF
26.49391426979105,54.481888374214876,554,ON,OFF,OFF
20.29595792794041,73.26567609788923,149,OFF,OFF,OFF
25.53631936964271,57.47977578640462,873,ON,OFF,OFF
15.572886983813946,90.0,517,OFF,ON,OFF
27.830790340241727,60.15123640355511,295,ON,OFF,OFF
14.924027177028472,72.33851529766663,744,OFF,ON,OFF
18.823851765802097,47.163208445434236,100,OFF,OFF,ON
17.20990944249688,68.92308182223631,444,OFF,ON,OFF
13.507541839156739,64.97843339291035,788,OFF,ON,OFF
22.559474783011552,59.24129269529464,442,OFF,OFF,OFF
30.939416528905745,51.53781153260305,369,ON,OFF,OFF
35.15404077566345,49.18010677680699,447,ON,OFF,ON
22.57234275511785,65.10402756483919,100,OFF,OFF,OFF
27.56402079117623,71.10046179863166,738,ON,OFF,OFF
23.23301412223995,58.01883264276372,522,OFF,OFF,OFF
24.539232157146774,65.18906858281534,484,OFF,OFF,OFF
20.42147321705928,59.56295093607288,485,OFF,OFF,OFF
23.05177245183613,61.9235674941976,558,OFF,OFF,OFF
24.72819884902553,56.75094748284093,722,OFF,OFF,OFF
19.26447534855764,60.52987929768011,541,OFF,OFF,OFF
21.717242011245183,90.0,204,OFF,OFF,OFF
21.81058176015125,65.61064113750649,702,OFF,OFF,OFF
26.142796777584657,71.38347564800566,682,ON,OFF,OFF
16.877281813761044,67.7973543623655,607,OFF,ON,OFF
21.844305518323658,55.671826689343405,831,OFF,OFF,OFF
31.457991425027167,82.60676638055926,562,ON,OFF,OFF
27.795991551171703,55.181384531866726,840,ON,OFF,OFF
28.702348419761208,78.47285976462254,916,ON,OFF,OFF
22.216280515618575,54.43667599827061,704,OFF,OFF,OFF
23.668289931502624,43.61005008923972,362,OFF,OFF,ON
27.003688420389665,66.5407979805012,520,ON,OFF,OFF
29.735795689859913,41.10660807370422,873,ON,OFF,ON
12.54145689264761,69.48625953255082,169,OFF,ON,OFF
15.65615481109606,39.558299693271756,453,OFF,ON,ON
28.50780295035581,54.69963956976297,466,ON,OFF,OFF
20.74098792770605,35.447985693927876,332,OFF,OFF,ON
18.807861764870925,90.0,779,OFF,OFF,OFF
15.956188141565386,31.603095695251717,651,OFF,ON,ON
19.379254278572105,60.38871987865569,371,OFF,OFF,OFF
15.230548511400528,79.99970445510573,710,OFF,ON,OFF
32.33482447959102,78.14986596174975,513,ON,OFF,OFF
21.986811580665602,74.94834752582851,325,OFF,OFF,OFF
21.812929808510628,54.73042989019225,371,OFF,OFF,OFF
24.97593054509189,83.59467227879858,666,OFF,OFF,OFF
26.808378917991842,76.02188217860234,796,ON,OFF,OFF
26.727804072280104,63.89201108144509,429,ON,OFF,OFF
27.35319887438033,64.38131468393419,694,ON,OFF,OFF
19.007990189790913,54.96063796515427,961,OFF,OFF,OFF
20.63828066476955,44.480665580642864,230,OFF,OFF,ON
25.86190054898051,81.6233847185756,646,ON,OFF,OFF
19.51452140521593,82.92197697029269,768,OFF,OFF,OFF
22.07165780175424,44.92259350585773,530,OFF,OFF,ON
24.049039447578146,57.55822812131749,873,OFF,OFF,OFF
25.940989014207833,57.73750444503117,998,ON,OFF,OFF
13.3929926223542,59.653935148480606,642,OFF,ON,OFF
25.596111939690854,61.33132039342735,494,ON,OFF,OFF
20.952328666189437,76.60096679090324,805,OFF,OFF,OFF
25.56042960944418,47.291015240558764,771,ON,OFF,ON
25.900579759265412,45.575931941059864,100,ON,OFF,ON
29.96914055454676,81.61419363277308,553,ON,OFF,OFF
28.723277195802133,52.214521919712965,453,ON,OFF,OFF
28.689582448757164,38.366635703469996,656,ON,OFF,ON
29.16498520913423,51.825496249463626,504,ON,OFF,OFF
23.523275009023568,54.50855060304108,532,OFF,OFF,OFF
22.254241030102495,87.12197618003412,332,OFF,OFF,OFF
26.37004227393023,76.21972590655142,743,ON,OFF,OFF
25.68098695751641,80.0726531224149,980,ON,OFF,OFF
20.58344735427504,74.40562859201756,336,OFF,OFF,OFF
24.078707949378042,76.59027815222115,195,OFF,OFF,OFF
21.924825180865287,48.31413727428931,559,OFF,OFF,ON
17.915736708610563,56.7828309941196,547,OFF,ON,OFF
28.41485890686604,43.09199753267444,855,ON,OFF,ON
22.366920169416172,56.5771885931255,238,OFF,OFF,OFF
32.127299172206776,72.0549093336768,416,ON,OFF,OFF
14.138120587273928,62.54740893506832,100,OFF,ON,OFF
19.3706270370699,82.90939582360751,908,OFF,OFF,OFF
22.256462624568353,40.47082561103756,619,OFF,OFF,ON
27.66536877202426,68.87375718652274,435,ON,OFF,OFF
24.052494161445104,38.62152962244235,214,OFF,OFF,ON
23.61675962543329,61.84831404671299,238,OFF,OFF,OFF
16.577486918102185,73.0277404886624,661,OFF,ON,OFF
16.43218300057682,56.507731454444,269,OFF,ON,OFF
23.67566879657711,69.75419572787102,581,OFF,OFF,OFF
15.417888626544814,43.614205616506695,998,OFF,ON,ON
19.492544427879327,31.434745732915548,465,OFF,OFF,ON
24.549191440867954,69.85632627007482,307,OFF,OFF,OFF
17.287122359740778,90.0,652,OFF,ON,OFF
29.95661100309389,42.98594633963168,239,ON,OFF,ON
28.08915015708717,81.36461106800618,996,ON,OFF,OFF
14.402862739375912,60.97021453544561,915,OFF,ON,OFF
17.531696370990627,37.109581542318544,512,OFF,ON,ON
10.905312734422244,40.64229107799767,323,OFF,ON,ON
18.265030602667224,60.49202716871389,445,OFF,OFF,OFF
25.8489593345963,53.22116041647644,478,ON,OFF,OFF
20.070197658074143,37.50368248980579,653,OFF,OFF,ON
24.35276030520172,30.909659994843544,821,OFF,OFF,ON
14.643190140614752,45.569489996067304,288,OFF,ON,ON
26.00361071690956,63.572097466367254,814,ON,OFF,OFF
19.378801262021355,60.10818628564414,713,OFF,OFF,OFF
22.156244013381645,51.54680486906503,424,OFF,OFF,OFF
21.64193931903879,63.711861474562916,275,OFF,OFF,OFF
15.871057389979043,78.21285713074082,584,OFF,ON,OFF
16.45106750058735,67.0378727212364,282,OFF,ON,OFF
26.83505912376308,58.12011725853668,817,ON,OFF,OFF
24.05015767828341,76.27588272457089,265,OFF,OFF,OFF
27.23778406590867,43.61216461442829,695,ON,OFF,ON
23.68621287243841,56.32750313718175,533,OFF,OFF,OFF
22.7967538221897,56.73982349064014,410,OFF,OFF,OFF
13.645974742782327,38.817892727755535,528,OFF,ON,ON
20.772923386003985,52.95451325770023,832,OFF,OFF,OFF
21.9625844641338,30.1,247,OFF,OFF,ON
31.659228766721412,90.0,448,ON,OFF,OFF
25.46005469405791,44.000347940637084,361,ON,OFF,ON
29.617338234857016,87.66093939068227,544,ON,OFF,OFF
25.022252505488815,60.877843983460956,378,ON,OFF,OFF
18.614062995573804,69.99187433480638,100,OFF,OFF,OFF
22.670109775115307,51.762002561441726,283,OFF,OFF,OFF
23.253230076095903,63.816405204806635,975,OFF,OFF,OFF
17.4984797673633,71.47331636116897,618,OFF,ON,OFF
20.21466905113732,71.71662218836111,609,OFF,OFF,OFF
21.08920868031161,73.62360049065349,481,OFF,OFF,OFF
29.95790293263736,53.8462530603436,541,ON,OFF,OFF
11.909188850715637,51.908028640266615,444,OFF,ON,OFF
28.000443359690603,32.637429950055065,690,ON,OFF,ON
17.51003615469662,69.27135501792267,580,OFF,ON,OFF
15.378851236016517,78.94560630371933,253,OFF,ON,OFF
27.873750978428326,88.17769009601975,619,ON,OFF,OFF
25.680091551697817,65.49884523476304,100,ON,OFF,OFF
28.23888381969236,46.95774744398538,661,ON,OFF,ON
26.016960822952306,30.85677197064242,192,ON,OFF,ON
32.18182555851666,78.24123167204729,529,ON,OFF,OFF
24.83221670999634,30.1,247,OFF,OFF,ON
21.330534575789965,54.32599749930614,555,OFF,OFF,OFF
23.77565515058801,56.33810391205128,703,OFF,OFF,OFF
28.18478422466541,59.01725650762257,941,ON,OFF,OFF
18.28077657751825,60.83836379740972,158,OFF,OFF,OFF
18.904961829451203,62.60907585896864,805,OFF,OFF,OFF
20.583967426339147,30.1,588,OFF,OFF,ON
11.792455180262616,60.472496238513045,438,OFF,ON,OFF
22.77270317031635,30.1,750,OFF,OFF,ON
12.862023837276528,72.88733349942376,493,OFF,ON,OFF
22.356442903574045,50.61448035186654,739,OFF,OFF,OFF
26.333187880867836,30.1,299,ON,OFF,ON
19.761835125085845,46.132039299463706,391,OFF,OFF,ON
30.307953230416928,50.35582109806295,797,ON,OFF,OFF
14.945931486929954,80.81971072525539,936,OFF,ON,OFF
27.929167509015002,63.621038543326115,545,ON,OFF,OFF
25.402185109558467,66.17831157182162,100,ON,OFF,OFF
13.694824743151289,80.65572824862915,503,OFF,ON,OFF
35.36892519284709,58.555496576877495,562,ON,OFF,OFF
21.78455828136514,73.26744354063433,494,OFF,OFF,OFF
17.800428579147617,72.05068991763733,641,OFF,ON,OFF
15.207449241406431,37.96119203703071,431,OFF,ON,ON
21.01943448225558,85.70362128425691,770,OFF,OFF,OFF
21.472866078722266,35.645704763132215,254,OFF,OFF,ON
22.59922096675621,76.09066494964206,872,OFF,OFF,OFF
20.638626566595896,33.97142556236315,953,OFF,OFF,ON
25.196981859728965,70.62117257275555,319,ON,OFF,OFF
20.19879372782277,90.0,319,OFF,OFF,OFF
12.622921762073448,56.534097251056124,660,OFF,ON,OFF
21.365374493659214,55.78361422195871,249,OFF,OFF,OFF
10.505301021774969,70.78040110339685,427,OFF,ON,OFF
23.828749480255265,54.51990516003226,838,OFF,OFF,OFF
17.301928310332713,90.0,744,OFF,ON,OFF
22.89648559511283,63.54412525807639,998,OFF,OFF,OFF
28.530476108471905,54.679544366920496,598,ON,OFF,OFF
17.451511060443636,50.871226840090586,397,OFF,ON,OFF
27.29265549325161,44.077604243154646,567,ON,OFF,ON
19.974750423412303,49.35788186075811,515,OFF,OFF,ON
30.680441743693542,54.151784135198156,519,ON,OFF,OFF
20.308843985553384,51.782084738130024,548,OFF,OFF,OFF
17.981539642429773,48.83156799332555,314,OFF,ON,ON
25.461434498896473,90.0,627,ON,OFF,OFF
19.96299903439925,42.39683096707334,192,OFF,OFF,ON
17.976856402068282,62.75587886486393,370,OFF,ON,OFF
19.757118290578884,70.47037731644177,524,OFF,OFF,OFF
21.87826314280903,71.12068517273177,100,OFF,OFF,OFF
28.66808116122688,59.20494327830284,752,ON,OFF,OFF
12.62721254815156,56.054434422815824,100,OFF,ON,OFF
22.209665024651336,68.03133665871687,726,OFF,OFF,OFF
25.156238077666682,64.83012869923981,222,ON,OFF,OFF
23.043799918362193,55.73857533106914,450,OFF,OFF,OFF
28.50986453299032,33.1962266295395,688,ON,OFF,ON
21.732659619967773,52.12318811398343,998,OFF,OFF,OFF
21.193081711099016,40.38199374443229,584,OFF,OFF,ON
24.996752944562694,48.67612735098766,100,OFF,OFF,ON
22.58290863152057,60.7937372059654,799,OFF,OFF,OFF
20.185187984467355,66.4255694777741,494,OFF,OFF,OFF
24.62374262890875,90.0,572,OFF,OFF,OFF
18.901829754957028,50.92104017754909,698,OFF,OFF,OFF
19.10428823756869,73.62104412427759,100,OFF,OFF,OFF
19.51155947222925,65.51246818959632,556,OFF,OFF,OFF
28.7213947145833,82.64151552481526,449,ON,OFF,OFF
6.326307514518474,70.18849772276145,868,OFF,ON,OFF
24.033543699737535,42.77077757577882,741,OFF,OFF,ON
22.26445781258758,30.407802350776787,136,OFF,OFF,ON
13.866984560604836,65.60419464698238,879,OFF,ON,OFF
23.613107272166776,51.0759808969258,670,OFF,OFF,OFF
24.425979944222444,43.25811818224347,156,OFF,OFF,ON
24.983580944717524,38.288046626744304,568,OFF,OFF,ON
9.113098755882868,63.00403143183584,820,OFF,ON,OFF
28.786611728350724,86.30439755400074,242,ON,OFF,OFF
18.484642582073885,53.148320480230105,908,OFF,OFF,OFF
25.458150680415713,70.43143705546281,165,ON,OFF,OFF
25.725016566167447,58.449576266463026,351,ON,OFF,OFF
17.80428148314121,37.910800027230586,312,OFF,ON,ON
25.330324838471764,72.93220073446045,908,ON,OFF,OFF
20.209254651302036,41.2792123402335,428,OFF,OFF,ON
11.955032539163707,60.593099536468856,255,OFF,ON,OFF
27.814017804898754,54.3101435725508,669,ON,OFF,OFF
18.301978376154732,75.6704272813456,724,OFF,OFF,OFF
17.91299219019441,41.911424058842684,726,OFF,ON,ON
20.123217668522706,66.98152890355153,484,OFF,OFF,OFF
23.429552981103733,45.68924898269039,620,OFF,OFF,ON
21.816259783796127,51.37608744667409,387,OFF,OFF,OFF
24.780039618423537,30.1,985,OFF,OFF,ON
15.538413595476326,90.0,848,OFF,ON,OFF
18.461877448045946,69.74433961176484,833,OFF,OFF,OFF
21.528729369114497,46.94273478500787,758,OFF,OFF,ON
31.388867708312024,40.76079904189517,688,ON,OFF,ON
21.539425021214434,51.643505990362904,234,OFF,OFF,OFF
27.409994964336107,72.62195515839376,717,ON,OFF,OFF
22.285429457975685,30.1,583,OFF,OFF,ON
19.728629047025965,57.769318228873615,879,OFF,OFF,OFF
20.88867783695632,90.0,762,OFF,OFF,OFF
21.27206394750007,40.60005773703469,696,OFF,OFF,ON
25.052157922134644,61.6097028532707,121,ON,OFF,OFF
28.826866589173274,90.0,531,ON,OFF,OFF
23.857686372673736,71.15604292451994,411,OFF,OFF,OFF
27.908687193517927,62.39758799147059,619,ON,OFF,OFF
17.37297283871575,68.9844534113605,447,OFF,ON,OFF
20.066596265680392,53.283392773972835,483,OFF,OFF,OFF
18.550417351311243,82.70438218227054,672,OFF,OFF,OFF
23.636206054406845,53.309955838416585,443,OFF,OFF,OFF
20.339171419557022,30.1,585,OFF,OFF,ON
25.669686735092014,53.44883285520986,163,ON,OFF,OFF
17.538401706596403,43.49305776842709,340,OFF,ON,ON
22.307343353669545,55.35387540762165,723,OFF,OFF,OFF
25.45957134775162,55.73640877387292,238,ON,OFF,OFF
11.984773306679232,80.93603817912812,874,OFF,ON,OFF
32.484336234505214,72.2484729376692,805,ON,OFF,OFF
20.710326086111674,64.77379249814406,485,OFF,OFF,OFF
12.181903484503112,60.16796856201466,998,OFF,ON,OFF
22.87070060518838,41.899191678375715,874,OFF,OFF,ON
22.260402163448184,30.1,310,OFF,OFF,ON
21.695698870488023,62.176756095870644,746,OFF,OFF,OFF
26.94961095691084,73.96734167987228,571,ON,OFF,OFF
25.756210423779756,58.344599389244124,354,ON,OFF,OFF
23.55508584838564,50.96519434703938,279,OFF,OFF,OFF
24.300658136221294,68.25547078591529,810,OFF,OFF,OFF
21.58571299424417,58.77716375354396,400,OFF,OFF,OFF
30.789604967451744,89.38467992697795,528,ON,OFF,OFF
14.85439869477242,81.54686692420259,317,OFF,ON,OFF
22.780406005040035,76.81977072394113,362,OFF,OFF,OFF
22.41502605528317,73.32879699104944,521,OFF,OFF,OFF
26.078545958250068,37.89721279131876,654,ON,OFF,ON
17.96508444776573,71.68965426690542,100,OFF,ON,OFF
13.559500262942024,66.72989805738285,558,OFF,ON,OFF
22.86447826329542,70.71093125443338,362,OFF,OFF,OFF
23.47358718052449,68.74176708381844,915,OFF,OFF,OFF
29.38985769528248,68.05235954345737,998,ON,OFF,OFF
15.876866464011268,90.0,462,OFF,ON,OFF
27.75013297954031,58.90080881152758,111,ON,OFF,OFF
33.68770966676592,76.41888535272457,584,ON,OFF,OFF
20.247093285378316,52.07014046927887,501,OFF,OFF,OFF
15.776104296127578,73.89814261942547,998,OFF,ON,OFF
20.10408134919473,76.47048697104671,983,OFF,OFF,OFF
22.16522971543034,66.52401334447096,777,OFF,OFF,OFF
24.857010643907735,89.09925424610623,403,OFF,OFF,OFF
19.20114455304723,44.919705981300396,728,OFF,OFF,ON
29.711036237465358,51.78931900840453,622,ON,OFF,OFF
16.639821246750703,63.89340329759397,616,OFF,ON,OFF
13.581373255252558,75.45812892584219,153,OFF,ON,OFF
27.51520271117029,63.323312064070805,827,ON,OFF,OFF
10.959934443732626,82.46437271684199,582,OFF,ON,OFF
21.097224663426143,48.7707605122335,528,OFF,OFF,ON
37.361075538524275,40.4853121291003,400,ON,OFF,ON
22.03769408405825,65.54998304644857,350,OFF,OFF,OFF
16.609292546321832,58.88360072243083,636,OFF,ON,OFF
21.815637722356033,69.6112361878395,104,OFF,OFF,OFF
21.847935569669907,59.74483005933734,757,OFF,OFF,OFF
22.883215189418557,54.336106490393036,283,OFF,OFF,OFF
25.339152616097138,58.92240267082352,100,ON,OFF,OFF
17.009089191080655,60.71805489126505,998,OFF,ON,OFF
30.359030039771547,54.94232178871448,333,ON,OFF,OFF
23.296759348777492,56.704457492722746,368,OFF,OFF,OFF
25.655101849165355,53.23619449300097,846,ON,OFF,OFF
19.02119076011802,75.04044289195367,998,OFF,OFF,OFF
28.394889734789913,63.57576529912586,160,ON,OFF,OFF
20.838111200825473,90.0,308,OFF,OFF,OFF
23.455579503585106,62.999343678633004,327,OFF,OFF,OFF
17.528098565141967,50.68831732846303,794,OFF,ON,OFF
17.215603589869886,90.0,976,OFF,ON,OFF
25.466168303204082,67.37524792202213,276,ON,OFF,OFF
19.92472588698944,77.3494833234528,918,OFF,OFF,OFF
17.9162744007613,70.46314486752092,372,OFF,ON,OFF
18.94758338068894,70.99789764852456,641,OFF,OFF,OFF
25.518790218438333,69.48649874765786,227,ON,OFF,OFF
19.016840782066474,41.15131130705891,523,OFF,OFF,ON
21.520612357960236,66.57769910835249,526,OFF,OFF,OFF
22.170237342092175,37.296959582731816,473,OFF,OFF,ON
12.709167337949973,57.2022053917557,653,OFF,ON,OFF
14.893908163018011,47.66472313686954,295,OFF,ON,ON
23.743103623154795,66.40366661668308,327,OFF,OFF,OFF
18.4881057923761,65.99978356307336,667,OFF,OFF,OFF
27.270469656098076,68.54343070732911,899,ON,OFF,OFF
26.83022490724899,65.18956415797533,548,ON,OFF,OFF
25.617767380784954,49.71999423173153,684,ON,OFF,ON
31.006407969042684,55.703199923587704,749,ON,OFF,OFF
21.68984830901783,76.14307977530419,768,OFF,OFF,OFF
25.27363789832044,78.69435463744037,309,ON,OFF,OFF
19.235386526258623,40.37796364186958,354,OFF,OFF,ON
34.103658804078414,33.73172152194281,377,ON,OFF,ON
31.808688718986197,47.6427170124242,998,ON,OFF,ON
22.154827833273238,78.3024933518281,685,OFF,OFF,OFF
23.98941726813141,81.23813516625435,673,OFF,OFF,OFF
28.751889649248575,44.22010886065482,648,ON,OFF,ON
21.376253537862436,65.53581348915488,214,OFF,OFF,OFF
18.881776501514175,90.0,998,OFF,OFF,OFF
26.375783749069758,67.40440251998727,677,ON,OFF,OFF
22.480705078831264,84.81293963323338,740,OFF,OFF,OFF
22.992615687566914,77.49830630205253,100,OFF,OFF,OFF
18.01200129961805,44.47120723893543,755,OFF,OFF,ON
13.686800557887816,56.93198181136286,462,OFF,ON,OFF
23.252832336280495,60.82022981327812,214,OFF,OFF,OFF
26.527426551505314,62.02058278306805,309,ON,OFF,OFF
20.991092440892633,76.07271134490337,229,OFF,OFF,OFF
29.12953367723071,67.28975100673759,224,ON,OFF,OFF
18.650229854152766,30.1,570,OFF,OFF,ON
16.932743217252945,37.50494036573889,455,OFF,ON,ON
21.76749533743579,30.1,640,OFF,OFF,ON
21.69228044831518,63.25299427794785,985,OFF,OFF,OFF
25.8664885472288,64.3797037797641,521,ON,OFF,OFF
18.3023805350107,65.11911949198266,100,OFF,OFF,OFF
28.794958687216166,43.62811711147175,492,ON,OFF,ON
31.726842472931814,71.88257023305687,861,ON,OFF,OFF
21.90500800365195,72.61127952483463,532,OFF,OFF,OFF
28.21534208688015,38.50307957818702,947,ON,OFF,ON
16.92396642812966,34.85440018018454,671,OFF,ON,ON
27.36103063010886,60.21664997398722,100,ON,OFF,OFF
27.224209033816607,90.0,582,ON,OFF,OFF
26.324118011013827,89.6268745852749,630,ON,OFF,OFF
22.020462155766136,69.96661822582986,832,OFF,OFF,OFF
7.632422036038481,47.588956541931005,998,OFF,ON,ON
18.95471304397821,75.56255688083112,788,OFF,OFF,OFF
19.03212557671806,52.39135058499737,667,OFF,OFF,OFF
17.307046144352675,46.939974332298085,728,OFF,ON,ON
22.695171771028917,30.1,511,OFF,OFF,ON
20.045381862266304,61.99028473235391,178,OFF,OFF,OFF
18.05929416523021,49.321335012935705,565,OFF,OFF,ON
16.912690376555286,61.88730987409984,648,OFF,ON,OFF
18.593451682303332,30.1,245,OFF,OFF,ON
27.5876097936086,63.15716924035203,895,ON,OFF,OFF
18.860228933974962,30.1,813,OFF,OFF,ON
19.5754793364862,79.04182882172158,201,OFF,OFF,OFF
19.860632361314586,69.24838260279508,905,OFF,OFF,OFF
23.756399537420208,55.397634839484034,475,OFF,OFF,OFF
24.33049413387895,69.9547754042819,354,OFF,OFF,OFF
7.189779231562239,43.29686440101342,832,OFF,ON,ON
27.098667701039602,61.47112680853744,541,ON,OFF,OFF
29.1292326402281,73.96963991072278,998,ON,OFF,OFF
16.954863301880266,30.1,335,OFF,ON,ON
17.336210589569262,52.48131627617902,109,OFF,ON,OFF
19.89218381145224,59.827152949469486,482,OFF,OFF,OFF
18.395204353212602,56.82277195001095,757,OFF,OFF,OFF
23.193024098887967,85.42884459007571,316,OFF,OFF,OFF
12.566317356749842,40.77385405290285,212,OFF,ON,ON
16.623197621508343,49.47199752074344,613,OFF,ON,ON
29.632692431175638,30.1,178,ON,OFF,ON
17.55202134829264,86.34901705949511,633,OFF,ON,OFF
28.1845842186201,55.957761569586836,467,ON,OFF,OFF
23.836424401940974,52.63383636629591,681,OFF,OFF,OFF
13.238341366317933,59.310903921395244,198,OFF,ON,OFF
25.207282648844508,71.22670532185866,888,ON,OFF,OFF
21.520551790562397,66.22880503071613,507,OFF,OFF,OFF
19.866657275134003,90.0,750,OFF,OFF,OFF
23.29598972813258,68.0726592975468,801,OFF,OFF,OFF
24.420503648415508,52.16952636239509,256,OFF,OFF,OFF
25.561086228127344,50.50666520092719,781,ON,OFF,OFF
27.865480116734584,53.42364462367143,188,ON,OFF,OFF
24.094926232792012,34.23503178923542,202,OFF,OFF,ON
15.361446154897225,60.90863533368255,998,OFF,ON,OFF
19.777654373219363,73.77403134023432,840,OFF,OFF,OFF
36.50605946275261,49.606873134230106,998,ON,OFF,ON
25.643826246084036,46.25011486794026,459,ON,OFF,ON
33.69687971451823,86.44691700242572,580,ON,OFF,OFF
28.92881674895448,35.53875823242602,690,ON,OFF,ON
23.280542490872886,30.1,551,OFF,OFF,ON
23.57237331216015,40.272098994802064,362,OFF,OFF,ON
21.91756148877835,33.567270155004586,324,OFF,OFF,ON
13.588230392716122,66.90118385928488,609,OFF,ON,OFF
22.185021065397816,53.97823184281166,280,OFF,OFF,OFF
28.02421936810096,56.41803267093774,273,ON,OFF,OFF
19.160775078617124,80.16631535002313,655,OFF,OFF,OFF
24.113614991422832,48.257860379319126,530,OFF,OFF,ON
26.26611790386022,73.62906811119007,795,ON,OFF,OFF
17.6427923549863,86.36694387976132,445,OFF,ON,OFF
19.887045490554346,52.335324584312254,405,OFF,OFF,OFF
17.11288450345431,72.97046301131617,663,OFF,ON,OFF
18.07127194964448,56.0351374562767,345,OFF,OFF,OFF
15.79244219992443,76.2071290347061,385,OFF,ON,OFF
17.687992854657978,33.029949423335935,395,OFF,ON,ON
29.04642840999626,31.749246147536393,500,ON,OFF,ON
17.61441178949866,53.449445135381566,998,OFF,ON,OFF
22.71581469328154,44.839275658349166,200,OFF,OFF,ON
19.63457478707588,51.27913212474802,887,OFF,OFF,OFF
27.868481851730074,56.42080889978355,744,ON,OFF,OFF
28.51621537098427,72.67617772604575,957,ON,OFF,OFF
26.32721577017705,53.16582547845072,998,ON,OFF,OFF
23.595519447240278,45.96496592759532,922,OFF,OFF,ON
20.965374373396518,54.1372512430995,792,OFF,OFF,OFF
16.261146745825336,46.911630416007526,217,OFF,ON,ON
31.61233256264847,44.059316100938176,249,ON,OFF,ON
18.377240645169866,32.311462935257396,647,OFF,OFF,ON
25.34592568075802,61.42099771339034,117,ON,OFF,OFF
27.284377760408155,50.379517673152655,712,ON,OFF,OFF
19.377962715461486,76.93691307356261,100,OFF,OFF,OFF
27.17885233300141,35.17693495994112,850,ON,OFF,ON
25.83830902349539,50.84011843495254,471,ON,OFF,OFF
30.556908920131157,90.0,587,ON,OFF,OFF
19.79870257684489,43.962358738587,362,OFF,OFF,ON
15.800967578851413,56.126569533685284,100,OFF,ON,OFF
19.62174215352257,39.18311296220932,872,OFF,OFF,ON
23.11922386708615,36.88923093742736,898,OFF,OFF,ON
22.38167442994458,86.98959020804044,464,OFF,OFF,OFF
20.170356985532017,63.17815273747916,724,OFF,OFF,OFF
12.749077374298357,62.53176073396371,454,OFF,ON,OFF
24.400182521372365,30.87026548179089,628,OFF,OFF,ON
31.753416026601528,66.42566020830103,749,ON,OFF,OFF
24.369671337560092,80.24396008227325,697,OFF,OFF,OFF
25.07903632295438,80.10650236580022,899,ON,OFF,OFF
24.899398116727728,71.78203562287054,688,OFF,OFF,OFF
24.04063241586168,40.677235147009895,561,OFF,OFF,ON
26.65817109819571,65.63640498538841,358,ON,OFF,OFF
24.0324413298805,71.76908951179206,431,OFF,OFF,OFF
20.565767938964637,30.1,762,OFF,OFF,ON
18.19943514263743,40.819210278068354,168,OFF,OFF,ON
20.87766542192318,75.58530239165049,838,OFF,OFF,OFF
23.634663326995867,75.37575558337663,482,OFF,OFF,OFF
20.549092912518418,33.42625818681192,344,OFF,OFF,ON
23.635687521655164,73.9739206396047,272,OFF,OFF,OFF
24.24677432997755,61.86781152445491,728,OFF,OFF,OFF
26.175973171427827,73.73148454986456,550,ON,OFF,OFF
28.37732667363078,49.2408146950179,963,ON,OFF,ON
22.478590816465374,71.38151259627509,229,OFF,OFF,OFF
15.693681998259326,74.81835601623382,405,OFF,ON,OFF
20.407003119429362,54.14033852926541,530,OFF,OFF,OFF
22.31239412051992,60.52607241313657,361,OFF,OFF,OFF
13.1085901548072,48.998589658108685,556,OFF,ON,ON
28.895672433456532,88.79461112615829,636,ON,OFF,OFF
22.79375388498663,58.13805418514058,679,OFF,OFF,OFF
23.96379414756669,44.26660735576189,941,OFF,OFF,ON
28.782386659670784,47.83413063247356,219,ON,OFF,ON
19.011430766086455,62.41223849087945,641,OFF,OFF,OFF
24.907215318637018,73.25261987837497,388,OFF,OFF,OFF
21.55875677723388,37.1072402556846,665,OFF,OFF,ON
21.195356308153876,90.0,665,OFF,OFF,OFF
18.31594481171628,65.55944618279612,300,OFF,OFF,OFF
30.251586346737305,68.28927441515215,322,ON,OFF,OFF
20.258182158966097,58.53741217590632,686,OFF,OFF,OFF
25.521292972847206,60.55213562372354,560,ON,OFF,OFF
12.916474689025852,57.65342095063246,498,OFF,ON,OFF
27.87397815481883,77.82823379377047,723,ON,OFF,OFF
27.24836995032969,60.081752588329266,742,ON,OFF,OFF
22.573705447739005,73.48997873181678,418,OFF,OFF,OFF
20.985531879651344,52.71275440732947,335,OFF,OFF,OFF
24.05509218295545,63.6037853446754,230,OFF,OFF,OFF
33.302761750565494,46.309972764866785,563,ON,OFF,ON
13.463712887363576,81.266582185691,188,OFF,ON,OFF
25.92552868913963,45.79392539674564,580,ON,OFF,ON
17.633309320164336,54.59632569090864,867,OFF,ON,OFF
21.99913822351325,54.769669069038116,463,OFF,OFF,OFF
20.883019462313115,54.09507021642361,416,OFF,OFF,OFF
19.99957995586706,72.71912393685429,998,OFF,OFF,OFF
22.04542217329393,54.74030248111823,942,OFF,OFF,OFF
16.543667968714082,84.33578828815246,357,OFF,ON,OFF
27.135609710707705,46.05815520645886,590,ON,OFF,ON
13.312390671375052,63.14939740124069,639,OFF,ON,OFF
24.739390348238132,46.796736777463806,606,OFF,OFF,ON
20.497914723166925,67.50235108455243,998,OFF,OFF,OFF
16.363718686973613,59.9429755639345,577,OFF,ON,OFF
23.08754538967546,57.536136304530125,615,OFF,OFF,OFF
14.47370368376588,80.78122112507569,731,OFF,ON,OFF
22.29110231508109,48.89789127214071,860,OFF,OFF,ON
15.130141548127192,70.36646760549469,795,OFF,ON,OFF
24.355085163118524,46.91483752877502,692,OFF,OFF,ON
17.570933110790968,62.168541192016804,153,OFF,ON,OFF
19.888557631617747,39.53378926773106,429,OFF,OFF,ON
23.535859907572153,48.75644748230005,765,OFF,OFF,ON
18.314232534957114,58.79773781276675,618,OFF,OFF,OFF
21.81286391753241,90.0,767,OFF,OFF,OFF
14.684825506504186,61.96297743428733,998,OFF,ON,OFF
25.185477509362023,88.84702345010899,251,ON,OFF,OFF
30.73781891865493,64.0308319563856,847,ON,OFF,OFF
35.76753741003194,53.52182507299346,469,ON,OFF,OFF
22.543026790462026,86.851966825,795,OFF,OFF,OFF
25.95577056515074,67.77994943351868,543,ON,OFF,OFF
13.37857508489701,49.09893845302097,998,OFF,ON,ON
29.454167294952274,68.36047813366984,588,ON,OFF,OFF
25.89713689658774,55.15662656901105,389,ON,OFF,OFF
19.72728356753941,30.1,662,OFF,OFF,ON
28.15399606937605,76.4125838060821,637,ON,OFF,OFF
20.850725128428873,79.16283146476886,847,OFF,OFF,OFF
19.854132482634043,90.0,669,OFF,OFF,OFF
24.423937953871864,67.52260947284036,998,OFF,OFF,OFF
16.890391908267002,55.91566236891162,525,OFF,ON,OFF
27.098616539809054,74.66542284688441,528,ON,OFF,OFF
16.92645000714101,74.92201898641508,399,OFF,ON,OFF
16.95550834832776,88.56350294631565,576,OFF,ON,OFF
17.64274658106794,59.446807522770655,614,OFF,ON,OFF
25.81523298803087,57.354178622433636,626,ON,OFF,OFF
19.076878957728482,47.83900087762015,571,OFF,OFF,ON
15.496765495854902,69.51778030912374,397,OFF,ON,OFF
19.131202732242635,33.431818261227136,327,OFF,OFF,ON
21.939778278774657,73.6463342457417,458,OFF,OFF,OFF
16.314524886332613,70.38930484826815,848,OFF,ON,OFF
16.457937790777258,70.34146784369625,903,OFF,ON,OFF
32.4337353819648,62.61041983482849,534,ON,OFF,OFF
17.883263482808694,86.74161367226536,312,OFF,ON,OFF
20.515019098062403,75.3056448846572,533,OFF,OFF,OFF
20.298638657751813,49.71563687870255,998,OFF,OFF,ON
20.033663769964996,50.02529996797187,811,OFF,OFF,OFF
25.138823433680265,44.99933092787483,696,ON,OFF,ON
26.738843722986296,69.75690735518808,802,ON,OFF,OFF
20.598683000549443,42.91511469418098,950,OFF,OFF,ON
16.042764051890003,78.96314011086052,258,OFF,ON,OFF
28.336421195946546,83.10823209557617,453,ON,OFF,OFF
21.62986269879546,45.01070737431124,418,OFF,OFF,ON
30.568453775552236,57.008677040239775,705,ON,OFF,OFF
11.102092771875027,60.506494746284545,595,OFF,ON,OFF
23.053370022373013,75.5130835156132,749,OFF,OFF,OFF
31.490309785231922,88.06283807079178,424,ON,OFF,OFF
20.36705092007009,31.057533215417084,907,OFF,OFF,ON
20.992626508691767,54.71395325032891,536,OFF,OFF,OFF
23.54350907073011,55.61646438703624,733,OFF,OFF,OFF
19.36075141891006,35.9853647518718,862,OFF,OFF,ON
20.568731230488822,51.825840941924326,841,OFF,OFF,OFF
20.442690657162178,67.61993426731777,647,OFF,OFF,OFF
19.024758363638117,55.3973903460783,765,OFF,OFF,OFF
28.11323987757603,33.49480403819497,998,ON,OFF,ON
24.35413506895759,90.0,686,OFF,OFF,OFF
23.32375607627837,64.82418073787701,366,OFF,OFF,OFF
26.055488364595583,62.15139428257609,704,ON,OFF,OFF
20.802353052993613,41.2232540601213,545,OFF,OFF,ON
18.306096687458016,64.72951255627781,100,OFF,OFF,OFF
19.146163660046536,57.3777983089928,673,OFF,OFF,OFF
22.105390190451942,30.1,584,OFF,OFF,ON
16.910675345385286,41.70200004780773,851,OFF,ON,ON
19.647342475653428,73.9722693654247,361,OFF,OFF,OFF
19.569712070710224,90.0,167,OFF,OFF,OFF
32.49865688814909,66.57140758001101,597,ON,OFF,OFF
8.515841285390671,79.30382450788922,652,OFF,ON,OFF
21.217227809052684,57.524141861750174,578,OFF,OFF,OFF
30.54579461082142,58.72155771255319,559,ON,OFF,OFF
22.693220485398932,79.09440390297988,279,OFF,OFF,OFF
25.78545226949661,88.98732012291453,518,ON,OFF,OFF
22.585417873088822,82.72973580985402,465,OFF,OFF,OFF
18.829342864279074,41.76934344453822,830,OFF,OFF,ON
11.120061203461079,59.06044510995979,652,OFF,ON,OFF
23.102587695789644,65.02049671147847,483,OFF,OFF,OFF
18.29922853419121,55.72613338982064,997,OFF,OFF,OFF
18.178154351078778,66.92941075192073,485,OFF,OFF,OFF
19.653578909095188,74.41606427182235,698,OFF,OFF,OFF
30.639640775513293,77.56895110614946,511,ON,OFF,OFF
33.870936529651274,89.38685921687781,974,ON,OFF,OFF
23.160127650746354,54.51913267348522,576,OFF,OFF,OFF
19.8211229131222,36.619231151227694,584,OFF,OFF,ON
16.332865925039698,66.4168919558451,518,OFF,ON,OFF
24.390670248427583,90.0,605,OFF,OFF,OFF
30.825908178379567,51.96657336868902,863,ON,OFF,OFF
20.885662033458814,72.1023495601934,772,OFF,OFF,OFF
10.448906079252115,72.2563116150219,561,OFF,ON,OFF
25.377276869180736,63.53114570363978,992,ON,OFF,OFF
26.921255793759336,60.33873577003676,779,ON,OFF,OFF
14.332233646318747,44.24230094131954,441,OFF,ON,ON
22.96074090650859,30.1,199,OFF,OFF,ON
24.305898812720564,40.98234328112258,447,OFF,OFF,ON
21.73872110248929,53.46611618237749,660,OFF,OFF,OFF
18.224982842024783,79.20588830380564,708,OFF,OFF,OFF
27.07076988662884,58.43466743144496,904,ON,OFF,OFF
20.121680897154615,51.239051513941035,273,OFF,OFF,OFF
14.825070470713195,44.80362380358242,441,OFF,ON,ON
12.062269872809903,71.58259532906497,251,OFF,ON,OFF
28.269880007259218,83.72042273536327,210,ON,OFF,OFF
25.115896250420505,78.6178658745479,393,ON,OFF,OFF
22.527385776547042,70.70617287126883,648,OFF,OFF,OFF
19.94104057120875,34.68874705172222,752,OFF,OFF,ON
19.50664188681425,54.13446803299331,310,OFF,OFF,OFF
16.829767921921565,90.0,346,OFF,ON,OFF
19.984219060258507,79.63025390827846,100,OFF,OFF,OFF
11.71654432222844,33.61795461669192,609,OFF,ON,ON
18.492833974155975,59.25713389164471,366,OFF,OFF,OFF
20.574285420166653,66.50104322294878,982,OFF,OFF,OFF
25.082681592044782,47.03251219844585,659,ON,OFF,ON
21.901177132659903,30.1,510,OFF,OFF,ON
25.988667192783453,61.928723662357974,389,ON,OFF,OFF
28.70213326753554,46.5895996535962,170,ON,OFF,ON
27.277545384999843,46.65736094696274,202,ON,OFF,ON
24.400313987229474,54.08245796845108,394,OFF,OFF,OFF
22.15474090172831,57.906146510950485,374,OFF,OFF,OFF
17.294644030041333,60.061783185865934,297,OFF,ON,OFF
25.719485321470966,44.924656562468506,651,ON,OFF,ON
30.320837323046174,56.408992950423055,686,ON,OFF,OFF
23.771638711977715,30.1,436,OFF,OFF,ON
31.48371385790989,65.60034275966481,998,ON,OFF,OFF
14.627339622264605,30.1,105,OFF,ON,ON
16.445784370913984,55.21034172881756,569,OFF,ON,OFF
26.283795012823568,76.12214493797651,498,ON,OFF,OFF
23.390646209546226,41.89084066113781,412,OFF,OFF,ON
28.529042512089124,72.61418109568665,375,ON,OFF,OFF
22.02090989316456,80.21473395427626,552,OFF,OFF,OFF
17.84698344067172,30.1,496,OFF,ON,ON
21.05089074383838,57.6001366621267,453,OFF,OFF,OFF
14.592517416506453,30.1,220,OFF,ON,ON
16.570990405223906,58.173755536839515,138,OFF,ON,OFF
26.85782358785402,60.09485626927513,480,ON,OFF,OFF
26.369897013567993,30.1,451,ON,OFF,ON
23.873958185659752,90.0,503,OFF,OFF,OFF
13.670127582275345,65.16740511548328,526,OFF,ON,OFF
20.34188781189761,45.52962574515044,420,OFF,OFF,ON
16.098963202890378,85.57205876434362,499,OFF,ON,OFF
27.857060848648494,30.1,335,ON,OFF,ON
19.238710195847904,38.952536192695426,946,OFF,OFF,ON
16.780752962914676,30.1,348,OFF,ON,ON
22.24254467802929,90.0,459,OFF,OFF,OFF
18.962413043965604,65.96898920077771,368,OFF,OFF,OFF
29.361188704354145,71.62750912080507,364,ON,OFF,OFF
18.498967567043668,65.42667412120163,560,OFF,OFF,OFF
15.245927216190818,70.14591967135138,528,OFF,ON,OFF
11.555824138350628,61.56978287949234,436,OFF,ON,OFF
21.94592710989151,64.90624958747946,481,OFF,OFF,OFF
19.34540566094762,62.08061951008435,369,OFF,OFF,OFF
15.100629454938424,49.68943191739029,657,OFF,ON,ON
27.919207803945028,59.41225414742844,998,ON,OFF,OFF
25.363545694290433,64.95250024560052,329,ON,OFF,OFF
21.958503295126828,62.13158398539865,655,OFF,OFF,OFF
28.77651029495627,34.65138705509085,566,ON,OFF,ON
25.340489496722945,36.94876239356056,726,ON,OFF,ON
18.067892211151353,78.95361205706425,733,OFF,OFF,OFF
17.008555539824357,54.90749844412675,607,OFF,ON,OFF
26.10156310644187,70.33550135860621,544,ON,OFF,OFF
24.037304484814626,41.32371389068613,442,OFF,OFF,ON
22.927758878448117,34.7314273767047,357,OFF,OFF,ON
17.95213957809507,45.62351737575031,529,OFF,ON,ON
25.073220015059583,56.368238767189446,224,ON,OFF,OFF
18.397677540903093,48.71106323686814,401,OFF,OFF,ON
21.597325490812853,82.6058028618133,839,OFF,OFF,OFF
29.18101412810121,63.32493459450643,579,ON,OFF,OFF
18.86116319811122,90.0,784,OFF,OFF,OFF
14.395179523555864,67.21575965434673,932,OFF,ON,OFF
16.943305349284262,30.1,509,OFF,ON,ON
26.96482657114099,78.48993725150302,607,ON,OFF,OFF
23.343844227478318,34.10155663807605,476,OFF,OFF,ON
21.4656663626974,64.20748585057902,345,OFF,OFF,OFF
19.60409643816348,46.81580174882536,309,OFF,OFF,ON
24.47302106525912,90.0,771,OFF,OFF,OFF
17.9393752627351,85.12600245856736,608,OFF,ON,OFF
23.593223261949547,47.38438518579978,998,OFF,OFF,ON
18.51637963586986,58.01546108536744,804,OFF,OFF,OFF
17.701648393522113,64.45081984502274,366,OFF,ON,OFF
18.975470996261983,75.15720927295176,770,OFF,OFF,OFF
20.258635504569483,60.72329752185186,476,OFF,OFF,OFF
21.857585511086725,42.48680136384243,867,OFF,OFF,ON
23.249470615659483,47.804152041023116,429,OFF,OFF,ON
5.7,60.14138693428755,283,OFF,ON,OFF
18.142338785984943,81.57677477660773,349,OFF,OFF,OFF
20.179502465413186,67.62112661450473,363,OFF,OFF,OFF
29.465563959883983,46.83775950557671,338,ON,OFF,ON
16.808881442094595,71.43669165875268,407,OFF,ON,OFF
22.89372549473755,53.52354492998996,774,OFF,OFF,OFF
29.416447815886777,75.62424238891876,998,ON,OFF,OFF
15.668261724848087,90.0,212,OFF,ON,OFF
24.02559438118343,54.01072613162358,879,OFF,OFF,OFF
18.168673446405027,74.08782794121578,431,OFF,OFF,OFF
19.62593326214726,47.32257260512297,644,OFF,OFF,ON
18.164565635452345,58.27660685542148,129,OFF,OFF,OFF
18.513428574741056,60.73039758018724,689,OFF,OFF,OFF
35.42335906688619,56.86792789855641,100,ON,OFF,OFF
26.231183524221592,90.0,635,ON,OFF,OFF
27.49085664889689,54.914435811384635,620,ON,OFF,OFF
24.505499598066077,70.37228747401389,603,OFF,OFF,OFF
14.232299039049146,30.1,365,OFF,ON,ON
24.030405976370016,67.69307803772843,695,OFF,OFF,OFF
27.349809174464475,79.97808319470894,655,ON,OFF,OFF
17.91834844604538,51.090750337727656,500,OFF,ON,OFF
26.82297656928184,30.1,727,ON,OFF,ON
25.54514649174252,59.55019822768263,530,ON,OFF,OFF
31.16439592925436,60.516233174088214,690,ON,OFF,OFF
20.051161356341357,72.74644773031862,522,OFF,OFF,OFF
16.72266944028442,90.0,610,OFF,ON,OFF
20.32610023715473,53.643464260892294,702,OFF,OFF,OFF
29.12533026358286,45.403936336877024,452,ON,OFF,ON
13.144639379202133,40.02960489236047,237,OFF,ON,ON
11.969727945642346,63.64596771747737,625,OFF,ON,OFF
22.534346688750894,68.5124329482643,860,OFF,OFF,OFF
19.929707831351006,50.778320578143656,631,OFF,OFF,OFF
22.13449665994253,73.69123785602083,636,OFF,OFF,OFF
26.72498204382672,68.27072910026814,543,ON,OFF,OFF
19.391236725766117,60.96689752343436,744,OFF,OFF,OFF
12.926274469357974,44.605881164033036,506,OFF,ON,ON
32.10660490973457,51.881996194778424,437,ON,OFF,OFF
17.214151113793264,30.1,838,OFF,ON,ON
16.911530134120728,64.2983770262843,418,OFF,ON,OFF
27.50056142273691,60.67466977068857,783,ON,OFF,OFF
20.214170902208885,63.47988065220904,839,OFF,OFF,OFF
21.78629851195494,68.94435844287143,700,OFF,OFF,OFF
24.46043920048966,66.89418409505653,233,OFF,OFF,OFF
27.40196950364912,58.3091436544769,561,ON,OFF,OFF
20.46401015151146,61.06095410511656,502,OFF,OFF,OFF
29.53846642640888,35.922274090534394,427,ON,OFF,ON
11.639614015897317,50.11973805423076,591,OFF,ON,OFF
25.816639139361385,61.09214872955695,752,ON,OFF,OFF
17.986266452351867,47.48762383813897,436,OFF,ON,ON
28.815410002758394,75.10075000197324,510,ON,OFF,OFF
22.792121367118106,48.823664591230354,492,OFF,OFF,ON
18.802062149163167,63.9613169590998,853,OFF,OFF,OFF
25.341983092947725,62.23567856399463,488,ON,OFF,OFF
26.469781606020142,73.13058302979407,237,ON,OFF,OFF
25.239425057746836,75.80388585122269,149,ON,OFF,OFF
17.05518543244977,72.22667115922665,647,OFF,ON,OFF
19.726873870098487,30.1,358,OFF,OFF,ON
22.076719343997034,80.87937516496707,726,OFF,OFF,OFF
21.894649731718147,86.64351427322224,212,OFF,OFF,OFF
25.767473874748273,51.877498367319646,416,ON,OFF,OFF
12.23154327546991,64.31325361737429,212,OFF,ON,OFF
23.733552181028912,44.80628409993438,666,OFF,OFF,ON
20.67688845891519,30.1,721,OFF,OFF,ON
17.991294440428387,47.43811257225988,641,OFF,ON,ON
18.461385845713313,50.87376129652935,275,OFF,OFF,OFF
21.046266776932455,54.07951030262539,362,OFF,OFF,OFF
5.7,43.62836240582307,614,OFF,ON,ON
18.66309065412028,47.52963873979366,120,OFF,OFF,ON
17.808601103173185,60.02850344717623,492,OFF,ON,OFF
24.70520932992779,46.89291542354253,944,OFF,OFF,ON
18.152737448395122,69.62266571028958,508,OFF,OFF,OFF
21.04344597086492,72.01261881290883,171,OFF,OFF,OFF
29.64776955355137,90.0,398,ON,OFF,OFF
26.96508456089386,79.69477848277907,392,ON,OFF,OFF
26.514252956053216,64.42495404105159,998,ON,OFF,OFF
19.649245024537045,49.48748136196299,982,OFF,OFF,ON
24.75538959324395,65.3011717296447,742,OFF,OFF,OFF
20.951478008564983,65.86949897218737,466,OFF,OFF,OFF
21.136572292793215,51.337888066828675,863,OFF,OFF,OFF
24.10251237028783,73.77858663791184,263,OFF,OFF,OFF
19.173732095247356,36.029861213974485,831,OFF,OFF,ON
29.406522457224227,55.99046654744947,793,ON,OFF,OFF
21.312650354725445,69.83606349576523,515,OFF,OFF,OFF
25.124202889227995,55.24331705453919,847,ON,OFF,OFF
29.223396223665233,56.64178560689185,439,ON,OFF,OFF
27.147719372847796,57.835038640400725,229,ON,OFF,OFF
15.198480074309781,45.7618485829558,806,OFF,ON,ON
24.27490603523358,80.52906976989534,532,OFF,OFF,OFF
26.261850228983768,42.60544106826977,709,ON,OFF,ON
26.46329270897612,65.7235333332972,998,ON,OFF,OFF
16.645880051820903,67.37562025819543,368,OFF,ON,OFF
18.879763398946505,43.80643178506688,517,OFF,OFF,ON
26.966096658541904,61.483735016784024,958,ON,OFF,OFF
18.367020798881107,44.481009067066,726,OFF,OFF,ON
20.62932450263515,84.28592466426213,374,OFF,OFF,OFF
29.81227382539226,40.516377719479365,309,ON,OFF,ON
21.862631340062492,48.90558653836254,418,OFF,OFF,ON
18.53831618299317,39.038109402420034,364,OFF,OFF,ON
17.799775761795242,36.72882586035473,615,OFF,ON,ON
23.725680631462993,87.749196642522,574,OFF,OFF,OFF
15.569461389844745,69.60969555876487,626,OFF,ON,OFF
20.8856836894496,62.646202424327676,338,OFF,OFF,OFF
23.728183533863476,48.85922102377995,536,OFF,OFF,ON
28.457401330929336,75.92189248944888,100,ON,OFF,OFF
25.365028878109364,45.95871789108874,591,ON,OFF,ON
18.60054055698013,73.95000723716265,856,OFF,OFF,OFF
27.866295167197684,45.123252914591475,188,ON,OFF,ON
20.630210786656757,49.068036266144986,678,OFF,OFF,ON
16.046559808873766,73.3382828681785,397,OFF,ON,OFF
21.254332074017398,75.16435947158796,760,OFF,OFF,OFF
29.138051296916643,70.55605258672009,595,ON,OFF,OFF
22.90568873235754,42.05808597926975,658,OFF,OFF,ON
22.15796832474888,52.4899236231134,571,OFF,OFF,OFF
30.1125789624436,62.93349779766234,896,ON,OFF,OFF
15.088632881979493,45.525170115981254,643,OFF,ON,ON
15.8022645661609,83.93851728154715,373,OFF,ON,OFF
14.185347189001105,30.1,579,OFF,ON,ON
23.921175496786738,46.74563661190689,459,OFF,OFF,ON
22.911823897454152,51.40270929005416,596,OFF,OFF,OFF
29.65002047536048,30.1,446,ON,OFF,ON
23.288733659520886,36.06219555020603,380,OFF,OFF,ON
20.117874618653836,71.03731862154935,605,OFF,OFF,OFF
22.105448119757874,60.74287794684414,568,OFF,OFF,OFF
22.672965180106402,87.43639979795341,828,OFF,OFF,OFF
13.911583860739176,86.95352477501697,447,OFF,ON,OFF
35.36665999853891,67.71124132163098,100,ON,OFF,OFF
24.64199021272706,65.63839173758674,461,OFF,OFF,OFF
23.124877690940956,61.35962947953142,136,OFF,OFF,OFF
25.108552169110116,30.1,661,ON,OFF,ON
25.56999297366201,36.09108227708431,124,ON,OFF,ON
21.408499213258192,61.96075649793349,300,OFF,OFF,OFF
19.006053371903917,70.87704175298062,461,OFF,OFF,OFF
25.031618610106417,65.23062454592002,951,ON,OFF,OFF
23.985131291997014,44.778025921610876,278,OFF,OFF,ON
18.1313738131003,76.43737885836178,557,OFF,OFF,OFF
29.044371716588454,85.8673004289349,703,ON,OFF,OFF
23.53293522643627,76.4474710792184,936,OFF,OFF,OFF
25.669914036734582,77.34039217117285,754,ON,OFF,OFF
28.911615868618522,50.543533460312474,835,ON,OFF,OFF
22.203829691874482,78.83410583300818,776,OFF,OFF,OFF
23.648482563496035,62.74075832659567,243,OFF,OFF,OFF
26.062618190635924,69.06956032127022,647,ON,OFF,OFF
18.547682647995604,66.541414509131,772,OFF,OFF,OFF
22.36130152783122,58.11703009784677,308,OFF,OFF,OFF
22.711356164435312,45.339672818962654,405,OFF,OFF,ON
17.41572142090484,58.79784823069162,348,OFF,ON,OFF
33.44399469101674,77.29129575024169,753,ON,OFF,OFF
15.206439431294031,52.58077437274565,536,OFF,ON,OFF
15.74104011959303,75.67509568696562,472,OFF,ON,OFF
28.531218325652844,72.97129027930188,225,ON,OFF,OFF
25.58886868383981,55.04688983017835,537,ON,OFF,OFF
17.07345477266773,84.24712847643629,408,OFF,ON,OFF
25.069995692456704,54.067469562065114,617,ON,OFF,OFF
29.283373032139103,86.33621767248937,260,ON,OFF,OFF
21.948489937426537,67.72993727620393,600,OFF,OFF,OFF
34.820704300408416,59.94442556956556,441,ON,OFF,OFF
13.655516261067158,44.85871255939299,233,OFF,ON,ON
25.493675200620146,58.69190189397542,213,ON,OFF,OFF
27.808075974940756,56.69360142587069,251,ON,OFF,OFF
26.460751053367197,38.4486265379502,501,ON,OFF,ON
21.09611835616309,56.45387465803718,585,OFF,OFF,OFF
20.674635637642414,46.3119998697428,623,OFF,OFF,ON
24.271230431082536,70.35741224400385,633,OFF,OFF,OFF
26.090659253968056,82.81942255266816,359,ON,OFF,OFF
25.046418234799464,38.991557052942625,826,ON,OFF,ON
27.188866595583747,89.84426656392188,440,ON,OFF,OFF
17.108191774650685,57.99481416622953,670,OFF,ON,OFF
20.98147541404836,43.349683490531305,512,OFF,OFF,ON
17.494267364719605,73.32915454196089,651,OFF,ON,OFF
20.206221357719876,52.49463631040063,499,OFF,OFF,OFF
27.06726266929939,58.80476857885573,655,ON,OFF,OFF
22.625358160318,53.22434463221522,552,OFF,OFF,OFF
34.86005048484156,46.08821042481597,763,ON,OFF,ON
23.043593265599636,72.74509790298113,344,OFF,OFF,OFF
22.388916483329606,55.26551034661631,100,OFF,OFF,OFF
22.61654031450317,35.36282649843878,304,OFF,OFF,ON
18.973898091321654,69.7530455323588,829,OFF,OFF,OFF
21.81348761585933,39.360653662344035,514,OFF,OFF,ON
27.61840033429131,40.265901127479665,578,ON,OFF,ON
22.654669752690133,80.85269737614769,283,OFF,OFF,OFF
18.21181821008345,39.520561111535486,571,OFF,OFF,ON
17.56737225642375,30.1,291,OFF,ON,ON
19.89243594052246,70.99531032063433,329,OFF,OFF,OFF
22.458301540230742,54.96166252238038,451,OFF,OFF,OFF
27.94055507478671,56.45318781938451,669,ON,OFF,OFF
15.533521066237457,54.77762804822146,696,OFF,ON,OFF
20.53076533532487,64.2271449551081,703,OFF,OFF,OFF
22.803213634460867,47.195824034158704,146,OFF,OFF,ON
13.118690711137932,85.75779713670254,552,OFF,ON,OFF
18.015296655512046,34.67805938372548,503,OFF,OFF,ON
18.76787180763473,67.91589170976435,160,OFF,OFF,OFF
18.199525897145413,71.32852715578768,558,OFF,OFF,OFF
23.036166783387845,47.075881681092504,490,OFF,OFF,ON
21.310547635851304,42.506878856186006,686,OFF,OFF,ON
19.37793526952858,77.81747655785311,575,OFF,OFF,OFF
24.19199940343951,43.07564007032265,413,OFF,OFF,ON
30.532971410079888,49.722786697243656,792,ON,OFF,ON
30.12259081890374,75.57062457976785,100,ON,OFF,OFF
12.682616455684537,60.82000066037779,538,OFF,ON,OFF
24.922051678569233,30.1,101,OFF,OFF,ON
21.225044064123157,90.0,320,OFF,OFF,OFF
22.856313202249073,51.04899483428428,689,OFF,OFF,OFF
20.14663480735456,53.25065928640673,226,OFF,OFF,OFF
22.672383581782924,64.64435657901699,188,OFF,OFF,OFF
22.837962956071646,71.03363834279102,998,OFF,OFF,OFF
19.26206633794564,90.0,205,OFF,OFF,OFF
17.707973332624377,31.497408478149254,979,OFF,ON,ON
19.899810460044588,74.50906622423695,510,OFF,OFF,OFF
23.24361230622319,73.07404375932246,419,OFF,OFF,OFF
25.02939410255438,57.845781956509406,700,ON,OFF,OFF
26.27472487631562,73.83987338941596,898,ON,OFF,OFF
19.677066543729115,76.38318625993297,259,OFF,OFF,OFF
23.486385900454394,36.309023440045735,423,OFF,OFF,ON
26.809149672011223,90.0,772,ON,OFF,OFF
27.80350577304162,33.25014333541523,628,ON,OFF,ON
21.808609936840696,40.57635575208178,837,OFF,OFF,ON
21.014960947559644,55.68963242989361,687,OFF,OFF,OFF
23.0324197588365,90.0,998,OFF,OFF,OFF
16.46760087058454,54.885653962801605,600,OFF,ON,OFF
21.14873268416591,59.666427003423244,611,OFF,OFF,OFF
25.742214622795085,84.99590755854769,637,ON,OFF,OFF
25.239684582211446,55.02300098524409,517,ON,OFF,OFF
20.773408550277832,39.83031147952388,772,OFF,OFF,ON
23.162625941793433,53.00017733732208,615,OFF,OFF,OFF
18.059106495921956,83.93556001512644,757,OFF,OFF,OFF
25.541013898742644,61.44499270746559,797,ON,OFF,OFF
21.715640326127296,90.0,664,OFF,OFF,OFF
20.745579980788243,72.98624312064167,683,OFF,OFF,OFF
20.325631551500944,49.062824484214886,294,OFF,OFF,ON
21.788726894701167,61.102620421545396,413,OFF,OFF,OFF
19.90381563775287,45.45705176137205,771,OFF,OFF,ON
25.318981031389978,48.65409434117148,920,ON,OFF,ON
20.16132052752335,90.0,100,OFF,OFF,OFF
29.895939438001584,77.84256872136216,408,ON,OFF,OFF
29.270447668097805,75.11713777883435,560,ON,OFF,OFF
17.731592304882323,49.43703012759513,328,OFF,ON,ON
22.437937937033237,87.37494595464727,343,OFF,OFF,OFF
18.91099360963893,79.24036853262692,676,OFF,OFF,OFF
20.497367778902422,90.0,961,OFF,OFF,OFF
31.900704735944387,90.0,100,ON,OFF,OFF
20.59076611027013,34.628597977775,510,OFF,OFF,ON
23.860355663379234,41.01714017806634,673,OFF,OFF,ON
24.74701247295639,42.85198367879142,755,OFF,OFF,ON
17.197499130380045,43.88742414739073,636,OFF,ON,ON
17.910044693077605,65.81511033454274,998,OFF,ON,OFF
16.191878639691236,50.41242935840049,562,OFF,ON,OFF
17.75887696214439,90.0,891,OFF,ON,OFF
8.142685742434885,90.0,388,OFF,ON,OFF
24.76297911165799,60.10713364231824,569,OFF,OFF,OFF
32.154157026454,90.0,242,ON,OFF,OFF
22.820402397401956,85.96575580707017,786,OFF,OFF,OFF
15.162495080042266,52.42106931457058,523,OFF,ON,OFF
18.949575885006073,30.1,646,OFF,OFF,ON
19.84996267756122,56.447767913518774,474,OFF,OFF,OFF
17.114484117629868,49.066056479579466,705,OFF,ON,ON
26.30818302542154,63.791766840810396,656,ON,OFF,OFF
26.06375802672412,61.76270351549109,298,ON,OFF,OFF
16.439476217588883,61.309222691806404,313,OFF,ON,OFF
25.646714855086458,69.27941280714919,547,ON,OFF,OFF
29.572056753058735,39.24058886495604,724,ON,OFF,ON
31.411736868488145,67.33604119408346,998,ON,OFF,OFF
36.12496667546067,52.6129489797677,632,ON,OFF,OFF
17.680432386833168,63.67890238472202,813,OFF,ON,OFF
35.92426855140554,76.78346870125783,139,ON,OFF,OFF
20.36243757394729,39.03508572381115,998,OFF,OFF,ON
19.19590219546423,55.35215148695021,710,OFF,OFF,OFF
23.698032691204947,58.16811893712196,541,OFF,OFF,OFF
19.246841602401613,51.32134995056081,512,OFF,OFF,OFF
24.05041219190308,75.7872474675675,269,OFF,OFF,OFF
15.633457169812779,47.755193901737286,343,OFF,ON,ON
20.927708512999704,50.60971824879445,998,OFF,OFF,OFF
28.390973347749608,47.93632627161071,300,ON,OFF,ON
21.817283648999112,79.1130268608674,295,OFF,OFF,OFF
22.789924534885547,51.6989507893201,374,OFF,OFF,OFF
24.423564281592757,68.17836230548018,246,OFF,OFF,OFF
27.82831290732783,90.0,558,ON,OFF,OFF
13.99254818188783,58.92446415759462,834,OFF,ON,OFF
24.958536618154522,79.4591462170566,397,OFF,OFF,OFF
20.783829685135057,89.1357107690926,201,OFF,OFF,OFF
22.91253269408197,77.99079076690683,629,OFF,OFF,OFF
27.28626077864949,59.92824187338876,540,ON,OFF,OFF
16.249827267992156,71.32829800072214,812,OFF,ON,OFF
17.138672395260983,37.94546333261525,437,OFF,ON,ON
12.620640960200594,46.723081753527325,487,OFF,ON,ON
19.407934337266756,49.75719503435321,516,OFF,OFF,ON
28.610563060539068,90.0,577,ON,OFF,OFF
21.50625579464414,46.1600704062129,453,OFF,OFF,ON
15.535301994228924,45.9024137063982,411,OFF,ON,ON
19.71873844149672,42.157623336073584,100,OFF,OFF,ON
14.811970809785723,69.90446120554361,409,OFF,ON,OFF
16.587659457944568,62.686479535555186,738,OFF,ON,OFF
24.000348649091034,79.02139107701299,773,OFF,OFF,OFF
16.349282926497356,71.83266710040161,433,OFF,ON,OFF
27.544206504214344,36.33623749000088,888,ON,OFF,ON
21.748449667566433,46.25188456471025,547,OFF,OFF,ON
22.515738770742878,83.84104093194011,210,OFF,OFF,OFF
20.733724045911504,56.70158202858252,129,OFF,OFF,OFF
25.88058488556026,80.76594141094525,867,ON,OFF,OFF
25.931073500382904,57.62923686678426,458,ON,OFF,OFF
23.737113086855928,43.47710762593012,242,OFF,OFF,ON
24.86191275018672,54.97208924857158,100,OFF,OFF,OFF
21.058252353564892,43.470301817623096,452,OFF,OFF,ON
24.751329409583054,50.43406805369859,658,OFF,OFF,OFF
20.4423837646084,63.69522638110145,375,OFF,OFF,OFF
22.107586479058725,69.07041781111094,283,OFF,OFF,OFF
20.751982595607114,32.70637610415204,413,OFF,OFF,ON
19.85808187444869,59.91843731080235,874,OFF,OFF,OFF
18.7227140015275,50.06964891709665,196,OFF,OFF,OFF
24.38650829824927,49.0004378041798,389,OFF,OFF,ON
28.513491271608956,62.51455934150284,865,ON,OFF,OFF
27.830468858574008,50.69533473956031,681,ON,OFF,OFF
15.944416257502283,84.13186460039965,600,OFF,ON,OFF
28.40870115654904,80.7740740812079,387,ON,OFF,OFF
20.538930900853426,80.66622431726324,562,OFF,OFF,OFF
25.03789699421811,51.65628407463591,416,ON,OFF,OFF
17.65975779629455,43.56634126395967,333,OFF,ON,ON
22.791805251945647,61.638161780540514,276,OFF,OFF,OFF
23.632673983457174,57.61768958783759,756,OFF,OFF,OFF
14.827916908383402,49.68542911757739,539,OFF,ON,ON
25.07478479888972,39.87706449636228,635,ON,OFF,ON
28.686465336257953,59.50060891841735,593,ON,OFF,OFF
21.241570019202687,53.22795706213757,667,OFF,OFF,OFF
28.756151840665872,72.12830271298918,489,ON,OFF,OFF
21.16790581832373,71.72620089134921,430,OFF,OFF,OFF
26.256293847270392,79.264317207293,344,ON,OFF,OFF
11.234364925981343,38.43133954633746,190,OFF,ON,ON
33.93918904120456,67.15780258837968,266,ON,OFF,OFF
29.418543022232196,47.63274581134785,460,ON,OFF,ON
20.70311112822348,39.10404157356022,142,OFF,OFF,ON
12.441155247117278,52.80350525851499,199,OFF,ON,OFF
23.506870123574732,78.70903147277126,822,OFF,OFF,OFF
15.027085732914475,53.77729580708057,612,OFF,ON,OFF
24.274698649771146,87.30350140238536,438,OFF,OFF,OFF
24.111718838181854,69.71530062563005,998,OFF,OFF,OFF
17.48747534241344,53.40060733652747,130,OFF,ON,OFF
27.585004157596785,80.28940194027467,805,ON,OFF,OFF
26.04081822102243,67.92492054469764,525,ON,OFF,OFF
26.87436910271484,44.084335905665554,756,ON,OFF,ON
22.140028302152903,90.0,582,OFF,OFF,OFF
15.166141643117552,64.70827786289547,100,OFF,ON,OFF
26.88440085137723,60.54412895733673,579,ON,OFF,OFF
20.772900362803103,45.41700675210099,640,OFF,OFF,ON
15.292185945212161,80.62660363250482,100,OFF,ON,OFF
28.716352760153647,69.16852263684167,998,ON,OFF,OFF
32.37552680316328,71.10563614171095,634,ON,OFF,OFF
21.894706152528997,51.43792041649254,727,OFF,OFF,OFF
32.66788951435386,74.65004439390052,254,ON,OFF,OFF
22.543744467345554,75.99458925206449,732,OFF,OFF,OFF
20.233917853440374,48.648121753702455,834,OFF,OFF,ON
19.009885445618927,35.70300081163104,619,OFF,OFF,ON
30.111946209211908,70.27750205437394,552,ON,OFF,OFF
18.277013665470324,32.99780752058872,324,OFF,OFF,ON
25.696597415021028,62.849015646036065,498,ON,OFF,OFF
19.358949582393386,52.480957356527014,422,OFF,OFF,OFF
19.842961687288106,81.30355492259363,701,OFF,OFF,OFF
27.140844882310294,53.422175070437646,336,ON,OFF,OFF
20.235969594201254,79.37631211698312,699,OFF,OFF,OFF
20.11474984296243,51.32237985519209,338,OFF,OFF,OFF
27.64296235070349,77.52018281013086,487,ON,OFF,OFF
29.917644724750062,90.0,713,ON,OFF,OFF
25.253112931900834,41.74020678025589,373,ON,OFF,ON
18.89085527846512,65.27155811805319,721,OFF,OFF,OFF
19.59668037570065,90.0,696,OFF,OFF,OFF
22.487931778902013,61.37100893398815,484,OFF,OFF,OFF
23.6679594375046,61.28795253425693,853,OFF,OFF,OFF
17.259990059145448,73.86107198600129,574,OFF,ON,OFF
25.636711650837608,60.929685208529555,838,ON,OFF,OFF
22.515340355661166,30.681511259336855,998,OFF,OFF,ON
13.696415624722079,79.80909655893741,492,OFF,ON,OFF
17.548562193997977,30.1,720,OFF,ON,ON
19.62840611844618,53.007845047187224,390,OFF,OFF,OFF
21.739943228451146,81.10909638754687,288,OFF,OFF,OFF
31.346719820223694,54.05024155402269,504,ON,OFF,OFF
23.262765974056602,48.21700082765551,204,OFF,OFF,ON
17.980174104300723,75.43143374422924,313,OFF,ON,OFF
23.176886279266505,45.493442358907316,706,OFF,OFF,ON
20.372810609388523,39.072699917235624,422,OFF,OFF,ON
23.686702500143713,64.96840740827687,737,OFF,OFF,OFF
24.939165940798546,57.054097328014045,631,OFF,OFF,OFF
28.017149892596652,38.70162974765515,998,ON,OFF,ON
21.977751660898523,71.23910544256307,689,OFF,OFF,OFF
30.12114163247726,68.25521888366497,841,ON,OFF,OFF
26.542411596030547,53.9946592521827,657,ON,OFF,OFF
18.63297989121828,55.17847381705104,634,OFF,OFF,OFF
32.9162897239994,68.35738607079301,854,ON,OFF,OFF
23.697651474568552,80.81385942637051,726,OFF,OFF,OFF
18.007824155841586,55.326207028710684,608,OFF,OFF,OFF
30.18945430006177,71.54596243922886,607,ON,OFF,OFF
32.26962491620561,69.99768907798652,693,ON,OFF,OFF
